Timestamp,Product_ID,Product_Name,Category,MRP,Item_Volume_cm3,Selling_Price,Darkstore_Name,City,Pincode,Daily_Avg_Demand,Lead_Time_Days,Reorder_Point,Current_Stock_Units,Status
17/09/26 06:01,SKU_001,Product_Dairy_1,Dairy/Fresh,290,1230,273,"BD Mall, Manjit Nagar (Near Thapar Uni)",Patiala,147004,64,0.77,12,21,In Stock
17/09/26 06:01,SKU_002,Product_Staples_2,Staples,40,221,38,"BD Mall, Manjit Nagar (Near Thapar Uni)",Patiala,147004,69,1.29,34,56,In Stock
17/09/26 06:01,SKU_003,Product_Dairy_3,Dairy/Fresh,107,1496,105,"BD Mall, Manjit Nagar (Near Thapar Uni)",Patiala,147004,147,0.51,29,141,In Stock
17/09/26 06:01,SKU_004,Product_Snacks & Beverages_4,Snacks & Beverages,171,230,161,"BD Mall, Manjit Nagar (Near Thapar Uni)",Patiala,147004,52,1.68,26,49,In Stock
17/09/26 06:01,SKU_005,Product_Dairy_5,Dairy/Fresh,277,443,248,"BD Mall, Manjit Nagar (Near Thapar Uni)",Patiala,147004,81,0.71,16,28,In Stock
17/09/26 06:01,SKU_006,Product_Staples_6,Staples,211,1055,183,"BD Mall, Manjit Nagar (Near Thapar Uni)",Patiala,147004,78,1.16,39,67,In Stock
17/09/26 06:01,SKU_007,Product_Dairy_7,Dairy/Fresh,41,352,38,"BD Mall, Manjit Nagar (Near Thapar Uni)",Patiala,147004,112,0.82,22,79,In Stock
17/09/26 06:01,SKU_008,Product_Snacks & Beverages_8,Snacks & Beverages,68,574,60,"BD Mall, Manjit Nagar (Near Thapar Uni)",Patiala,147004,34,1.9,17,43,In Stock
17/09/26 06:01,SKU_009,Product_Snacks & Beverages_9,Snacks & Beverages,189,799,172,"BD Mall, Manjit Nagar (Near Thapar Uni)",Patiala,147004,31,1.69,15,45,In Stock
17/09/26 06:01,SKU_010,Product_Dairy_10,Dairy/Fresh,209,1057,205,"BD Mall, Manjit Nagar (Near Thapar Uni)",Patiala,147004,74,0.68,14,56,In Stock
17/09/26 06:01,SKU_011,Product_Staples_11,Staples,70,1367,63,"BD Mall, Manjit Nagar (Near Thapar Uni)",Patiala,147004,73,1.77,36,45,In Stock
17/09/26 06:01,SKU_012,Product_Snacks & Beverages_12,Snacks & Beverages,150,746,130,"BD Mall, Manjit Nagar (Near Thapar Uni)",Patiala,147004,39,1.94,19,49,In Stock
17/09/26 06:01,SKU_013,Product_Dairy_13,Dairy/Fresh,186,1397,168,"BD Mall, Manjit Nagar (Near Thapar Uni)",Patiala,147004,111,0.89,22,124,In Stock
17/09/26 06:01,SKU_014,Product_Personal Care_14,Personal Care,33,341,33,"BD Mall, Manjit Nagar (Near Thapar Uni)",Patiala,147004,57,1.77,28,37,In Stock
17/09/26 06:01,SKU_015,Product_Dairy_15,Dairy/Fresh,72,997,64,"BD Mall, Manjit Nagar (Near Thapar Uni)",Patiala,147004,107,0.76,21,108,In Stock
17/09/26 06:01,SKU_016,Product_Snacks & Beverages_16,Snacks & Beverages,283,134,268,"BD Mall, Manjit Nagar (Near Thapar Uni)",Patiala,147004,47,1.67,23,55,In Stock
17/09/26 06:01,SKU_017,Product_Personal Care_17,Personal Care,69,1125,59,"BD Mall, Manjit Nagar (Near Thapar Uni)",Patiala,147004,75,1.47,37,50,In Stock
17/09/26 06:01,SKU_018,Product_Snacks & Beverages_18,Snacks & Beverages,73,1229,66,"BD Mall, Manjit Nagar (Near Thapar Uni)",Patiala,147004,45,1.35,22,56,In Stock
17/09/26 06:01,SKU_019,Product_Snacks & Beverages_19,Snacks & Beverages,210,501,188,"BD Mall, Manjit Nagar (Near Thapar Uni)",Patiala,147004,49,1.86,24,68,In Stock
17/09/26 06:01,SKU_020,Product_Staples_20,Staples,181,301,158,"BD Mall, Manjit Nagar (Near Thapar Uni)",Patiala,147004,32,1.85,16,49,In Stock
17/09/26 06:01,SKU_021,Product_Staples_21,Staples,289,915,269,"BD Mall, Manjit Nagar (Near Thapar Uni)",Patiala,147004,32,1.02,16,32,In Stock
17/09/26 06:01,SKU_022,Product_Dairy_22,Dairy/Fresh,234,1375,216,"BD Mall, Manjit Nagar (Near Thapar Uni)",Patiala,147004,64,0.53,12,32,In Stock
17/09/26 06:01,SKU_023,Product_Dairy_23,Dairy/Fresh,232,819,221,"BD Mall, Manjit Nagar (Near Thapar Uni)",Patiala,147004,103,0.59,20,115,In Stock
17/09/26 06:01,SKU_024,Product_Staples_24,Staples,72,891,64,"BD Mall, Manjit Nagar (Near Thapar Uni)",Patiala,147004,68,1.42,34,36,In Stock
17/09/26 06:01,SKU_025,Product_Dairy_25,Dairy/Fresh,271,287,240,"BD Mall, Manjit Nagar (Near Thapar Uni)",Patiala,147004,146,0.87,29,86,In Stock
17/09/26 06:01,SKU_026,Product_Snacks & Beverages_26,Snacks & Beverages,60,1280,53,"BD Mall, Manjit Nagar (Near Thapar Uni)",Patiala,147004,21,1.31,10,24,In Stock
17/09/26 06:01,SKU_027,Product_Staples_27,Staples,84,620,74,"BD Mall, Manjit Nagar (Near Thapar Uni)",Patiala,147004,55,1.94,27,34,In Stock
17/09/26 06:01,SKU_028,Product_Staples_28,Staples,155,1186,145,"BD Mall, Manjit Nagar (Near Thapar Uni)",Patiala,147004,73,1.18,36,67,In Stock
17/09/26 06:01,SKU_029,Product_Staples_29,Staples,100,491,91,"BD Mall, Manjit Nagar (Near Thapar Uni)",Patiala,147004,45,1.66,22,59,In Stock
17/09/26 06:01,SKU_030,Product_Staples_30,Staples,280,330,241,"BD Mall, Manjit Nagar (Near Thapar Uni)",Patiala,147004,30,1.67,15,40,In Stock
17/09/26 06:01,SKU_031,Product_Snacks & Beverages_31,Snacks & Beverages,47,234,42,"BD Mall, Manjit Nagar (Near Thapar Uni)",Patiala,147004,27,1.25,13,42,In Stock
17/09/26 06:01,SKU_032,Product_Staples_32,Staples,287,1029,255,"BD Mall, Manjit Nagar (Near Thapar Uni)",Patiala,147004,63,1.32,31,39,In Stock
17/09/26 06:01,SKU_033,Product_Dairy_33,Dairy/Fresh,81,904,77,"BD Mall, Manjit Nagar (Near Thapar Uni)",Patiala,147004,143,0.63,28,148,In Stock
17/09/26 06:01,SKU_034,Product_Staples_34,Staples,233,1060,223,"BD Mall, Manjit Nagar (Near Thapar Uni)",Patiala,147004,62,1.76,31,62,In Stock
17/09/26 06:01,SKU_035,Product_Dairy_35,Dairy/Fresh,150,1128,131,"BD Mall, Manjit Nagar (Near Thapar Uni)",Patiala,147004,148,0.7,29,39,In Stock
17/09/26 06:01,SKU_036,Product_Snacks & Beverages_36,Snacks & Beverages,274,497,274,"BD Mall, Manjit Nagar (Near Thapar Uni)",Patiala,147004,39,1.53,19,40,In Stock
17/09/26 06:01,SKU_037,Product_Snacks & Beverages_37,Snacks & Beverages,226,1138,201,"BD Mall, Manjit Nagar (Near Thapar Uni)",Patiala,147004,27,1.06,13,46,In Stock
17/09/26 06:01,SKU_038,Product_Dairy_38,Dairy/Fresh,198,963,197,"BD Mall, Manjit Nagar (Near Thapar Uni)",Patiala,147004,101,0.57,20,37,In Stock
17/09/26 06:01,SKU_039,Product_Snacks & Beverages_39,Snacks & Beverages,71,1120,65,"BD Mall, Manjit Nagar (Near Thapar Uni)",Patiala,147004,59,1.49,29,47,In Stock
17/09/26 06:01,SKU_040,Product_Snacks & Beverages_40,Snacks & Beverages,241,584,206,"BD Mall, Manjit Nagar (Near Thapar Uni)",Patiala,147004,45,1.09,22,39,In Stock
17/09/26 06:01,SKU_041,Product_Dairy_41,Dairy/Fresh,256,1294,231,"BD Mall, Manjit Nagar (Near Thapar Uni)",Patiala,147004,79,0.53,15,51,In Stock
17/09/26 06:01,SKU_042,Product_Dairy_42,Dairy/Fresh,32,1283,30,"BD Mall, Manjit Nagar (Near Thapar Uni)",Patiala,147004,68,0.92,13,24,In Stock
17/09/26 07:43,SKU_001,Product_Dairy_1,Dairy/Fresh,290,1230,273,"BD Mall, Manjit Nagar (Near Thapar Uni)",Patiala,147004,66,0.76,13,16,In Stock
17/09/26 07:43,SKU_002,Product_Staples_2,Staples,40,221,38,"BD Mall, Manjit Nagar (Near Thapar Uni)",Patiala,147004,71,1.69,35,81,In Stock
17/09/26 07:43,SKU_003,Product_Dairy_3,Dairy/Fresh,107,1496,105,"BD Mall, Manjit Nagar (Near Thapar Uni)",Patiala,147004,68,0.78,13,55,In Stock
17/09/26 07:43,SKU_004,Product_Snacks & Beverages_4,Snacks & Beverages,171,230,161,"BD Mall, Manjit Nagar (Near Thapar Uni)",Patiala,147004,35,1.55,17,43,In Stock
17/09/26 07:43,SKU_005,Product_Dairy_5,Dairy/Fresh,277,443,248,"BD Mall, Manjit Nagar (Near Thapar Uni)",Patiala,147004,107,0.6,21,71,In Stock
17/09/26 07:43,SKU_006,Product_Staples_6,Staples,211,1055,183,"BD Mall, Manjit Nagar (Near Thapar Uni)",Patiala,147004,62,1.98,31,35,In Stock
17/09/26 07:43,SKU_007,Product_Dairy_7,Dairy/Fresh,41,352,38,"BD Mall, Manjit Nagar (Near Thapar Uni)",Patiala,147004,139,0.8,27,0,Out of Stock
17/09/26 07:43,SKU_008,Product_Snacks & Beverages_8,Snacks & Beverages,68,574,60,"BD Mall, Manjit Nagar (Near Thapar Uni)",Patiala,147004,35,1.03,17,0,Out of Stock
17/09/26 07:43,SKU_009,Product_Snacks & Beverages_9,Snacks & Beverages,189,799,172,"BD Mall, Manjit Nagar (Near Thapar Uni)",Patiala,147004,64,1.72,32,77,In Stock
17/09/26 07:43,SKU_010,Product_Dairy_10,Dairy/Fresh,209,1057,205,"BD Mall, Manjit Nagar (Near Thapar Uni)",Patiala,147004,72,0.99,14,81,In Stock
17/09/26 07:43,SKU_011,Product_Staples_11,Staples,70,1367,63,"BD Mall, Manjit Nagar (Near Thapar Uni)",Patiala,147004,66,1.8,33,84,In Stock
17/09/26 07:43,SKU_012,Product_Snacks & Beverages_12,Snacks & Beverages,150,746,130,"BD Mall, Manjit Nagar (Near Thapar Uni)",Patiala,147004,75,1.58,37,91,In Stock
17/09/26 07:43,SKU_013,Product_Dairy_13,Dairy/Fresh,186,1397,168,"BD Mall, Manjit Nagar (Near Thapar Uni)",Patiala,147004,50,0.89,10,41,In Stock
17/09/26 07:43,SKU_014,Product_Personal Care_14,Personal Care,33,341,33,"BD Mall, Manjit Nagar (Near Thapar Uni)",Patiala,147004,46,1.99,23,37,In Stock
17/09/26 07:43,SKU_015,Product_Dairy_15,Dairy/Fresh,72,997,64,"BD Mall, Manjit Nagar (Near Thapar Uni)",Patiala,147004,50,0.57,10,35,In Stock
17/09/26 07:43,SKU_016,Product_Snacks & Beverages_16,Snacks & Beverages,283,134,268,"BD Mall, Manjit Nagar (Near Thapar Uni)",Patiala,147004,42,1.67,21,31,In Stock
17/09/26 07:43,SKU_017,Product_Personal Care_17,Personal Care,69,1125,59,"BD Mall, Manjit Nagar (Near Thapar Uni)",Patiala,147004,43,1.28,21,29,In Stock
17/09/26 07:43,SKU_018,Product_Snacks & Beverages_18,Snacks & Beverages,73,1229,66,"BD Mall, Manjit Nagar (Near Thapar Uni)",Patiala,147004,28,1.64,14,24,In Stock
17/09/26 07:43,SKU_019,Product_Snacks & Beverages_19,Snacks & Beverages,210,501,188,"BD Mall, Manjit Nagar (Near Thapar Uni)",Patiala,147004,54,1.61,27,28,In Stock
17/09/26 07:43,SKU_020,Product_Staples_20,Staples,181,301,158,"BD Mall, Manjit Nagar (Near Thapar Uni)",Patiala,147004,70,1.15,35,79,In Stock
17/09/26 07:43,SKU_021,Product_Staples_21,Staples,289,915,269,"BD Mall, Manjit Nagar (Near Thapar Uni)",Patiala,147004,39,1.21,19,45,In Stock
17/09/26 07:43,SKU_022,Product_Dairy_22,Dairy/Fresh,234,1375,216,"BD Mall, Manjit Nagar (Near Thapar Uni)",Patiala,147004,110,0.58,22,79,In Stock
17/09/26 07:43,SKU_023,Product_Dairy_23,Dairy/Fresh,232,819,221,"BD Mall, Manjit Nagar (Near Thapar Uni)",Patiala,147004,113,0.62,22,111,In Stock
17/09/26 07:43,SKU_024,Product_Staples_24,Staples,72,891,64,"BD Mall, Manjit Nagar (Near Thapar Uni)",Patiala,147004,36,1.27,18,0,Out of Stock
17/09/26 07:43,SKU_025,Product_Dairy_25,Dairy/Fresh,271,287,240,"BD Mall, Manjit Nagar (Near Thapar Uni)",Patiala,147004,118,0.6,23,43,In Stock
17/09/26 07:43,SKU_026,Product_Snacks & Beverages_26,Snacks & Beverages,60,1280,53,"BD Mall, Manjit Nagar (Near Thapar Uni)",Patiala,147004,50,1.33,25,45,In Stock
17/09/26 07:43,SKU_027,Product_Staples_27,Staples,84,620,74,"BD Mall, Manjit Nagar (Near Thapar Uni)",Patiala,147004,74,1.49,37,44,In Stock
17/09/26 07:43,SKU_028,Product_Staples_28,Staples,155,1186,145,"BD Mall, Manjit Nagar (Near Thapar Uni)",Patiala,147004,76,1.94,38,38,In Stock
17/09/26 07:43,SKU_029,Product_Staples_29,Staples,100,491,91,"BD Mall, Manjit Nagar (Near Thapar Uni)",Patiala,147004,27,1.23,13,25,In Stock
17/09/26 07:43,SKU_030,Product_Staples_30,Staples,280,330,241,"BD Mall, Manjit Nagar (Near Thapar Uni)",Patiala,147004,34,1.39,17,25,In Stock
17/09/26 07:43,SKU_031,Product_Snacks & Beverages_31,Snacks & Beverages,47,234,42,"BD Mall, Manjit Nagar (Near Thapar Uni)",Patiala,147004,50,1.61,25,52,In Stock
17/09/26 07:43,SKU_032,Product_Staples_32,Staples,287,1029,255,"BD Mall, Manjit Nagar (Near Thapar Uni)",Patiala,147004,72,1.76,36,41,In Stock
17/09/26 07:43,SKU_033,Product_Dairy_33,Dairy/Fresh,81,904,77,"BD Mall, Manjit Nagar (Near Thapar Uni)",Patiala,147004,135,0.63,27,137,In Stock
17/09/26 07:43,SKU_034,Product_Staples_34,Staples,233,1060,223,"BD Mall, Manjit Nagar (Near Thapar Uni)",Patiala,147004,65,1.92,32,54,In Stock
17/09/26 07:43,SKU_035,Product_Dairy_35,Dairy/Fresh,150,1128,131,"BD Mall, Manjit Nagar (Near Thapar Uni)",Patiala,147004,78,0.7,15,72,In Stock
17/09/26 07:43,SKU_036,Product_Snacks & Beverages_36,Snacks & Beverages,274,497,274,"BD Mall, Manjit Nagar (Near Thapar Uni)",Patiala,147004,79,1.23,39,0,Out of Stock
17/09/26 07:43,SKU_037,Product_Snacks & Beverages_37,Snacks & Beverages,226,1138,201,"BD Mall, Manjit Nagar (Near Thapar Uni)",Patiala,147004,58,1.02,29,0,Out of Stock
17/09/26 07:43,SKU_038,Product_Dairy_38,Dairy/Fresh,198,963,197,"BD Mall, Manjit Nagar (Near Thapar Uni)",Patiala,147004,118,0.56,23,0,Out of Stock
17/09/26 07:43,SKU_039,Product_Snacks & Beverages_39,Snacks & Beverages,71,1120,65,"BD Mall, Manjit Nagar (Near Thapar Uni)",Patiala,147004,74,1.14,37,58,In Stock
17/09/26 07:43,SKU_040,Product_Snacks & Beverages_40,Snacks & Beverages,241,584,206,"BD Mall, Manjit Nagar (Near Thapar Uni)",Patiala,147004,31,1.71,15,26,In Stock
17/09/26 07:43,SKU_041,Product_Dairy_41,Dairy/Fresh,256,1294,231,"BD Mall, Manjit Nagar (Near Thapar Uni)",Patiala,147004,111,0.89,22,91,In Stock
17/09/26 07:43,SKU_042,Product_Dairy_42,Dairy/Fresh,32,1283,30,"BD Mall, Manjit Nagar (Near Thapar Uni)",Patiala,147004,118,0.9,23,130,In Stock
17/09/26 08:31,SKU_001,Product_Dairy_1,Dairy/Fresh,290,1230,273,"BD Mall, Manjit Nagar (Near Thapar Uni)",Patiala,147004,125,0.58,25,97,In Stock
17/09/26 08:31,SKU_002,Product_Staples_2,Staples,40,221,38,"BD Mall, Manjit Nagar (Near Thapar Uni)",Patiala,147004,49,1.25,24,60,In Stock
17/09/26 08:31,SKU_003,Product_Dairy_3,Dairy/Fresh,107,1496,105,"BD Mall, Manjit Nagar (Near Thapar Uni)",Patiala,147004,139,0.69,27,143,In Stock
17/09/26 08:31,SKU_004,Product_Snacks & Beverages_4,Snacks & Beverages,171,230,161,"BD Mall, Manjit Nagar (Near Thapar Uni)",Patiala,147004,38,1.67,19,21,In Stock
17/09/26 08:31,SKU_005,Product_Dairy_5,Dairy/Fresh,277,443,248,"BD Mall, Manjit Nagar (Near Thapar Uni)",Patiala,147004,97,0.9,19,116,In Stock
17/09/26 08:31,SKU_006,Product_Staples_6,Staples,211,1055,183,"BD Mall, Manjit Nagar (Near Thapar Uni)",Patiala,147004,30,1.44,15,22,In Stock
17/09/26 08:31,SKU_007,Product_Dairy_7,Dairy/Fresh,41,352,38,"BD Mall, Manjit Nagar (Near Thapar Uni)",Patiala,147004,88,0.6,17,26,In Stock
17/09/26 08:31,SKU_008,Product_Snacks & Beverages_8,Snacks & Beverages,68,574,60,"BD Mall, Manjit Nagar (Near Thapar Uni)",Patiala,147004,69,1.4,34,80,In Stock
17/09/26 08:31,SKU_009,Product_Snacks & Beverages_9,Snacks & Beverages,189,799,172,"BD Mall, Manjit Nagar (Near Thapar Uni)",Patiala,147004,26,1.76,13,21,In Stock
17/09/26 08:31,SKU_010,Product_Dairy_10,Dairy/Fresh,209,1057,205,"BD Mall, Manjit Nagar (Near Thapar Uni)",Patiala,147004,143,0.81,28,41,In Stock
17/09/26 08:31,SKU_011,Product_Staples_11,Staples,70,1367,63,"BD Mall, Manjit Nagar (Near Thapar Uni)",Patiala,147004,77,1.41,38,74,In Stock
17/09/26 08:31,SKU_012,Product_Snacks & Beverages_12,Snacks & Beverages,150,746,130,"BD Mall, Manjit Nagar (Near Thapar Uni)",Patiala,147004,53,1.42,26,0,Out of Stock
17/09/26 08:31,SKU_013,Product_Dairy_13,Dairy/Fresh,186,1397,168,"BD Mall, Manjit Nagar (Near Thapar Uni)",Patiala,147004,118,0.89,23,127,In Stock
17/09/26 08:31,SKU_014,Product_Personal Care_14,Personal Care,33,341,33,"BD Mall, Manjit Nagar (Near Thapar Uni)",Patiala,147004,39,1.94,19,50,In Stock
17/09/26 08:31,SKU_015,Product_Dairy_15,Dairy/Fresh,72,997,64,"BD Mall, Manjit Nagar (Near Thapar Uni)",Patiala,147004,83,0.79,16,19,In Stock
17/09/26 08:31,SKU_016,Product_Snacks & Beverages_16,Snacks & Beverages,283,134,268,"BD Mall, Manjit Nagar (Near Thapar Uni)",Patiala,147004,57,1.44,28,29,In Stock
17/09/26 08:31,SKU_017,Product_Personal Care_17,Personal Care,69,1125,59,"BD Mall, Manjit Nagar (Near Thapar Uni)",Patiala,147004,43,1.8,21,0,Out of Stock
17/09/26 08:31,SKU_018,Product_Snacks & Beverages_18,Snacks & Beverages,73,1229,66,"BD Mall, Manjit Nagar (Near Thapar Uni)",Patiala,147004,29,1.61,14,34,In Stock
17/09/26 08:31,SKU_019,Product_Snacks & Beverages_19,Snacks & Beverages,210,501,188,"BD Mall, Manjit Nagar (Near Thapar Uni)",Patiala,147004,51,1.11,25,25,In Stock
17/09/26 08:31,SKU_020,Product_Staples_20,Staples,181,301,158,"BD Mall, Manjit Nagar (Near Thapar Uni)",Patiala,147004,71,1.63,35,0,Out of Stock
17/09/26 08:31,SKU_021,Product_Staples_21,Staples,289,915,269,"BD Mall, Manjit Nagar (Near Thapar Uni)",Patiala,147004,34,1.19,17,27,In Stock
17/09/26 08:31,SKU_022,Product_Dairy_22,Dairy/Fresh,234,1375,216,"BD Mall, Manjit Nagar (Near Thapar Uni)",Patiala,147004,50,0.83,10,10,In Stock
17/09/26 08:31,SKU_023,Product_Dairy_23,Dairy/Fresh,232,819,221,"BD Mall, Manjit Nagar (Near Thapar Uni)",Patiala,147004,118,0.93,23,68,In Stock
17/09/26 08:31,SKU_024,Product_Staples_24,Staples,72,891,64,"BD Mall, Manjit Nagar (Near Thapar Uni)",Patiala,147004,22,1.88,11,37,In Stock
17/09/26 08:31,SKU_025,Product_Dairy_25,Dairy/Fresh,271,287,240,"BD Mall, Manjit Nagar (Near Thapar Uni)",Patiala,147004,65,0.96,13,19,In Stock
17/09/26 08:31,SKU_026,Product_Snacks & Beverages_26,Snacks & Beverages,60,1280,53,"BD Mall, Manjit Nagar (Near Thapar Uni)",Patiala,147004,76,1.28,38,39,In Stock
17/09/26 08:31,SKU_027,Product_Staples_27,Staples,84,620,74,"BD Mall, Manjit Nagar (Near Thapar Uni)",Patiala,147004,59,1.23,29,43,In Stock
17/09/26 08:31,SKU_028,Product_Staples_28,Staples,155,1186,145,"BD Mall, Manjit Nagar (Near Thapar Uni)",Patiala,147004,27,1.87,13,20,In Stock
17/09/26 08:31,SKU_029,Product_Staples_29,Staples,100,491,91,"BD Mall, Manjit Nagar (Near Thapar Uni)",Patiala,147004,59,1.17,29,75,In Stock
17/09/26 08:31,SKU_030,Product_Staples_30,Staples,280,330,241,"BD Mall, Manjit Nagar (Near Thapar Uni)",Patiala,147004,63,1.43,31,56,In Stock
17/09/26 08:31,SKU_031,Product_Snacks & Beverages_31,Snacks & Beverages,47,234,42,"BD Mall, Manjit Nagar (Near Thapar Uni)",Patiala,147004,75,1.19,37,0,Out of Stock
17/09/26 08:31,SKU_032,Product_Staples_32,Staples,287,1029,255,"BD Mall, Manjit Nagar (Near Thapar Uni)",Patiala,147004,42,1.77,21,55,In Stock
17/09/26 08:31,SKU_033,Product_Dairy_33,Dairy/Fresh,81,904,77,"BD Mall, Manjit Nagar (Near Thapar Uni)",Patiala,147004,73,0.86,14,54,In Stock
17/09/26 08:31,SKU_034,Product_Staples_34,Staples,233,1060,223,"BD Mall, Manjit Nagar (Near Thapar Uni)",Patiala,147004,30,1.35,15,35,In Stock
17/09/26 08:31,SKU_035,Product_Dairy_35,Dairy/Fresh,150,1128,131,"BD Mall, Manjit Nagar (Near Thapar Uni)",Patiala,147004,99,0.73,19,75,In Stock
17/09/26 08:31,SKU_036,Product_Snacks & Beverages_36,Snacks & Beverages,274,497,274,"BD Mall, Manjit Nagar (Near Thapar Uni)",Patiala,147004,27,1.85,13,20,In Stock
17/09/26 08:31,SKU_037,Product_Snacks & Beverages_37,Snacks & Beverages,226,1138,201,"BD Mall, Manjit Nagar (Near Thapar Uni)",Patiala,147004,48,1.55,24,66,In Stock
17/09/26 08:31,SKU_038,Product_Dairy_38,Dairy/Fresh,198,963,197,"BD Mall, Manjit Nagar (Near Thapar Uni)",Patiala,147004,82,0.51,16,23,In Stock
17/09/26 08:31,SKU_039,Product_Snacks & Beverages_39,Snacks & Beverages,71,1120,65,"BD Mall, Manjit Nagar (Near Thapar Uni)",Patiala,147004,75,1.9,37,80,In Stock
17/09/26 08:31,SKU_040,Product_Snacks & Beverages_40,Snacks & Beverages,241,584,206,"BD Mall, Manjit Nagar (Near Thapar Uni)",Patiala,147004,79,1.9,39,48,In Stock
17/09/26 08:31,SKU_041,Product_Dairy_41,Dairy/Fresh,256,1294,231,"BD Mall, Manjit Nagar (Near Thapar Uni)",Patiala,147004,92,0.81,18,80,In Stock
17/09/26 08:31,SKU_042,Product_Dairy_42,Dairy/Fresh,32,1283,30,"BD Mall, Manjit Nagar (Near Thapar Uni)",Patiala,147004,61,0.83,12,15,In Stock
17/09/26 09:31,SKU_001,Product_Dairy_1,Dairy/Fresh,290,1230,273,"BD Mall, Manjit Nagar (Near Thapar Uni)",Patiala,147004,116,0.92,23,70,In Stock
17/09/26 09:31,SKU_002,Product_Staples_2,Staples,40,221,38,"BD Mall, Manjit Nagar (Near Thapar Uni)",Patiala,147004,68,1.38,34,85,In Stock
17/09/26 09:31,SKU_003,Product_Dairy_3,Dairy/Fresh,107,1496,105,"BD Mall, Manjit Nagar (Near Thapar Uni)",Patiala,147004,82,0.56,16,53,In Stock
17/09/26 09:31,SKU_004,Product_Snacks & Beverages_4,Snacks & Beverages,171,230,161,"BD Mall, Manjit Nagar (Near Thapar Uni)",Patiala,147004,32,1.27,16,45,In Stock
17/09/26 09:31,SKU_005,Product_Dairy_5,Dairy/Fresh,277,443,248,"BD Mall, Manjit Nagar (Near Thapar Uni)",Patiala,147004,123,0.58,24,128,In Stock
17/09/26 09:31,SKU_006,Product_Staples_6,Staples,211,1055,183,"BD Mall, Manjit Nagar (Near Thapar Uni)",Patiala,147004,55,1.3,27,49,In Stock
17/09/26 09:31,SKU_007,Product_Dairy_7,Dairy/Fresh,41,352,38,"BD Mall, Manjit Nagar (Near Thapar Uni)",Patiala,147004,93,0.92,18,22,In Stock
17/09/26 09:31,SKU_008,Product_Snacks & Beverages_8,Snacks & Beverages,68,574,60,"BD Mall, Manjit Nagar (Near Thapar Uni)",Patiala,147004,45,1.44,22,42,In Stock
17/09/26 09:31,SKU_009,Product_Snacks & Beverages_9,Snacks & Beverages,189,799,172,"BD Mall, Manjit Nagar (Near Thapar Uni)",Patiala,147004,41,1.73,20,25,In Stock
17/09/26 09:31,SKU_010,Product_Dairy_10,Dairy/Fresh,209,1057,205,"BD Mall, Manjit Nagar (Near Thapar Uni)",Patiala,147004,61,0.55,12,35,In Stock
17/09/26 09:31,SKU_011,Product_Staples_11,Staples,70,1367,63,"BD Mall, Manjit Nagar (Near Thapar Uni)",Patiala,147004,50,1.67,25,46,In Stock
17/09/26 09:31,SKU_012,Product_Snacks & Beverages_12,Snacks & Beverages,150,746,130,"BD Mall, Manjit Nagar (Near Thapar Uni)",Patiala,147004,37,1.2,18,30,In Stock
17/09/26 09:31,SKU_013,Product_Dairy_13,Dairy/Fresh,186,1397,168,"BD Mall, Manjit Nagar (Near Thapar Uni)",Patiala,147004,51,0.68,10,26,In Stock
17/09/26 09:31,SKU_014,Product_Personal Care_14,Personal Care,33,341,33,"BD Mall, Manjit Nagar (Near Thapar Uni)",Patiala,147004,43,1.26,21,0,Out of Stock
17/09/26 09:31,SKU_015,Product_Dairy_15,Dairy/Fresh,72,997,64,"BD Mall, Manjit Nagar (Near Thapar Uni)",Patiala,147004,136,0.53,27,52,In Stock
17/09/26 09:31,SKU_016,Product_Snacks & Beverages_16,Snacks & Beverages,283,134,268,"BD Mall, Manjit Nagar (Near Thapar Uni)",Patiala,147004,42,1.09,21,23,In Stock
17/09/26 09:31,SKU_017,Product_Personal Care_17,Personal Care,69,1125,59,"BD Mall, Manjit Nagar (Near Thapar Uni)",Patiala,147004,41,1.56,20,21,In Stock
17/09/26 09:31,SKU_018,Product_Snacks & Beverages_18,Snacks & Beverages,73,1229,66,"BD Mall, Manjit Nagar (Near Thapar Uni)",Patiala,147004,21,1.11,10,37,In Stock
17/09/26 09:31,SKU_019,Product_Snacks & Beverages_19,Snacks & Beverages,210,501,188,"BD Mall, Manjit Nagar (Near Thapar Uni)",Patiala,147004,50,1.14,25,26,In Stock
17/09/26 09:31,SKU_020,Product_Staples_20,Staples,181,301,158,"BD Mall, Manjit Nagar (Near Thapar Uni)",Patiala,147004,74,1.3,37,58,In Stock
17/09/26 09:31,SKU_021,Product_Staples_21,Staples,289,915,269,"BD Mall, Manjit Nagar (Near Thapar Uni)",Patiala,147004,30,1.28,15,21,In Stock
17/09/26 09:31,SKU_022,Product_Dairy_22,Dairy/Fresh,234,1375,216,"BD Mall, Manjit Nagar (Near Thapar Uni)",Patiala,147004,139,0.6,27,30,In Stock
17/09/26 09:31,SKU_023,Product_Dairy_23,Dairy/Fresh,232,819,221,"BD Mall, Manjit Nagar (Near Thapar Uni)",Patiala,147004,83,0.91,16,53,In Stock
17/09/26 09:31,SKU_024,Product_Staples_24,Staples,72,891,64,"BD Mall, Manjit Nagar (Near Thapar Uni)",Patiala,147004,51,1.76,25,63,In Stock
17/09/26 09:31,SKU_025,Product_Dairy_25,Dairy/Fresh,271,287,240,"BD Mall, Manjit Nagar (Near Thapar Uni)",Patiala,147004,117,0.88,23,106,In Stock
17/09/26 09:31,SKU_026,Product_Snacks & Beverages_26,Snacks & Beverages,60,1280,53,"BD Mall, Manjit Nagar (Near Thapar Uni)",Patiala,147004,57,1.25,28,33,In Stock
17/09/26 09:31,SKU_027,Product_Staples_27,Staples,84,620,74,"BD Mall, Manjit Nagar (Near Thapar Uni)",Patiala,147004,29,1.97,14,22,In Stock
17/09/26 09:31,SKU_028,Product_Staples_28,Staples,155,1186,145,"BD Mall, Manjit Nagar (Near Thapar Uni)",Patiala,147004,59,1.01,29,59,In Stock
17/09/26 09:31,SKU_029,Product_Staples_29,Staples,100,491,91,"BD Mall, Manjit Nagar (Near Thapar Uni)",Patiala,147004,65,1.88,32,57,In Stock
17/09/26 09:31,SKU_030,Product_Staples_30,Staples,280,330,241,"BD Mall, Manjit Nagar (Near Thapar Uni)",Patiala,147004,43,1.2,21,56,In Stock
17/09/26 09:31,SKU_031,Product_Snacks & Beverages_31,Snacks & Beverages,47,234,42,"BD Mall, Manjit Nagar (Near Thapar Uni)",Patiala,147004,54,1.95,27,52,In Stock
17/09/26 09:31,SKU_032,Product_Staples_32,Staples,287,1029,255,"BD Mall, Manjit Nagar (Near Thapar Uni)",Patiala,147004,63,1.34,31,58,In Stock
17/09/26 09:31,SKU_033,Product_Dairy_33,Dairy/Fresh,81,904,77,"BD Mall, Manjit Nagar (Near Thapar Uni)",Patiala,147004,59,0.57,11,15,In Stock
17/09/26 09:31,SKU_034,Product_Staples_34,Staples,233,1060,223,"BD Mall, Manjit Nagar (Near Thapar Uni)",Patiala,147004,79,1.71,39,0,Out of Stock
17/09/26 09:31,SKU_035,Product_Dairy_35,Dairy/Fresh,150,1128,131,"BD Mall, Manjit Nagar (Near Thapar Uni)",Patiala,147004,73,0.98,14,87,In Stock
17/09/26 09:31,SKU_036,Product_Snacks & Beverages_36,Snacks & Beverages,274,497,274,"BD Mall, Manjit Nagar (Near Thapar Uni)",Patiala,147004,36,1.32,18,35,In Stock
17/09/26 09:31,SKU_037,Product_Snacks & Beverages_37,Snacks & Beverages,226,1138,201,"BD Mall, Manjit Nagar (Near Thapar Uni)",Patiala,147004,20,1.55,10,24,In Stock
17/09/26 09:31,SKU_038,Product_Dairy_38,Dairy/Fresh,198,963,197,"BD Mall, Manjit Nagar (Near Thapar Uni)",Patiala,147004,98,0.94,19,75,In Stock
17/09/26 09:31,SKU_039,Product_Snacks & Beverages_39,Snacks & Beverages,71,1120,65,"BD Mall, Manjit Nagar (Near Thapar Uni)",Patiala,147004,50,1.04,25,57,In Stock
17/09/26 09:31,SKU_040,Product_Snacks & Beverages_40,Snacks & Beverages,241,584,206,"BD Mall, Manjit Nagar (Near Thapar Uni)",Patiala,147004,50,1.01,25,29,In Stock
17/09/26 09:31,SKU_041,Product_Dairy_41,Dairy/Fresh,256,1294,231,"BD Mall, Manjit Nagar (Near Thapar Uni)",Patiala,147004,131,0.86,26,62,In Stock
17/09/26 09:31,SKU_042,Product_Dairy_42,Dairy/Fresh,32,1283,30,"BD Mall, Manjit Nagar (Near Thapar Uni)",Patiala,147004,145,0.66,29,132,In Stock
17/09/26 10:03,SKU_001,Product_Dairy_1,Dairy/Fresh,290,1230,273,"BD Mall, Manjit Nagar (Near Thapar Uni)",Patiala,147004,73,0.89,14,35,In Stock
17/09/26 10:03,SKU_002,Product_Staples_2,Staples,40,221,38,"BD Mall, Manjit Nagar (Near Thapar Uni)",Patiala,147004,61,1.21,30,44,In Stock
17/09/26 10:03,SKU_003,Product_Dairy_3,Dairy/Fresh,107,1496,105,"BD Mall, Manjit Nagar (Near Thapar Uni)",Patiala,147004,111,0.74,22,0,Out of Stock
17/09/26 10:03,SKU_004,Product_Snacks & Beverages_4,Snacks & Beverages,171,230,161,"BD Mall, Manjit Nagar (Near Thapar Uni)",Patiala,147004,75,1.2,37,87,In Stock
17/09/26 10:03,SKU_005,Product_Dairy_5,Dairy/Fresh,277,443,248,"BD Mall, Manjit Nagar (Near Thapar Uni)",Patiala,147004,86,0.69,17,61,In Stock
17/09/26 10:03,SKU_006,Product_Staples_6,Staples,211,1055,183,"BD Mall, Manjit Nagar (Near Thapar Uni)",Patiala,147004,28,1.12,14,41,In Stock
17/09/26 10:03,SKU_007,Product_Dairy_7,Dairy/Fresh,41,352,38,"BD Mall, Manjit Nagar (Near Thapar Uni)",Patiala,147004,104,0.69,20,0,Out of Stock
17/09/26 10:03,SKU_008,Product_Snacks & Beverages_8,Snacks & Beverages,68,574,60,"BD Mall, Manjit Nagar (Near Thapar Uni)",Patiala,147004,32,1.05,16,37,In Stock
17/09/26 10:03,SKU_009,Product_Snacks & Beverages_9,Snacks & Beverages,189,799,172,"BD Mall, Manjit Nagar (Near Thapar Uni)",Patiala,147004,44,1.95,22,42,In Stock
17/09/26 10:03,SKU_010,Product_Dairy_10,Dairy/Fresh,209,1057,205,"BD Mall, Manjit Nagar (Near Thapar Uni)",Patiala,147004,138,0.9,27,108,In Stock
17/09/26 10:03,SKU_011,Product_Staples_11,Staples,70,1367,63,"BD Mall, Manjit Nagar (Near Thapar Uni)",Patiala,147004,37,1.71,18,34,In Stock
17/09/26 10:03,SKU_012,Product_Snacks & Beverages_12,Snacks & Beverages,150,746,130,"BD Mall, Manjit Nagar (Near Thapar Uni)",Patiala,147004,70,1.07,35,38,In Stock
17/09/26 10:03,SKU_013,Product_Dairy_13,Dairy/Fresh,186,1397,168,"BD Mall, Manjit Nagar (Near Thapar Uni)",Patiala,147004,66,0.84,13,0,Out of Stock
17/09/26 10:03,SKU_014,Product_Personal Care_14,Personal Care,33,341,33,"BD Mall, Manjit Nagar (Near Thapar Uni)",Patiala,147004,59,1.51,29,53,In Stock
17/09/26 10:03,SKU_015,Product_Dairy_15,Dairy/Fresh,72,997,64,"BD Mall, Manjit Nagar (Near Thapar Uni)",Patiala,147004,133,0.64,26,126,In Stock
17/09/26 10:03,SKU_016,Product_Snacks & Beverages_16,Snacks & Beverages,283,134,268,"BD Mall, Manjit Nagar (Near Thapar Uni)",Patiala,147004,34,1.95,17,25,In Stock
17/09/26 10:03,SKU_017,Product_Personal Care_17,Personal Care,69,1125,59,"BD Mall, Manjit Nagar (Near Thapar Uni)",Patiala,147004,61,1.94,30,48,In Stock
17/09/26 10:03,SKU_018,Product_Snacks & Beverages_18,Snacks & Beverages,73,1229,66,"BD Mall, Manjit Nagar (Near Thapar Uni)",Patiala,147004,34,1.78,17,25,In Stock
17/09/26 10:03,SKU_019,Product_Snacks & Beverages_19,Snacks & Beverages,210,501,188,"BD Mall, Manjit Nagar (Near Thapar Uni)",Patiala,147004,34,1.6,17,39,In Stock
17/09/26 10:03,SKU_020,Product_Staples_20,Staples,181,301,158,"BD Mall, Manjit Nagar (Near Thapar Uni)",Patiala,147004,74,1.45,37,67,In Stock
17/09/26 10:03,SKU_021,Product_Staples_21,Staples,289,915,269,"BD Mall, Manjit Nagar (Near Thapar Uni)",Patiala,147004,58,1.36,29,0,Out of Stock
17/09/26 10:03,SKU_022,Product_Dairy_22,Dairy/Fresh,234,1375,216,"BD Mall, Manjit Nagar (Near Thapar Uni)",Patiala,147004,149,0.75,29,45,In Stock
17/09/26 10:03,SKU_023,Product_Dairy_23,Dairy/Fresh,232,819,221,"BD Mall, Manjit Nagar (Near Thapar Uni)",Patiala,147004,61,0.77,12,69,In Stock
17/09/26 10:03,SKU_024,Product_Staples_24,Staples,72,891,64,"BD Mall, Manjit Nagar (Near Thapar Uni)",Patiala,147004,51,1.58,25,46,In Stock
17/09/26 10:03,SKU_025,Product_Dairy_25,Dairy/Fresh,271,287,240,"BD Mall, Manjit Nagar (Near Thapar Uni)",Patiala,147004,68,0.54,13,47,In Stock
17/09/26 10:03,SKU_026,Product_Snacks & Beverages_26,Snacks & Beverages,60,1280,53,"BD Mall, Manjit Nagar (Near Thapar Uni)",Patiala,147004,59,1.05,29,58,In Stock
17/09/26 10:03,SKU_027,Product_Staples_27,Staples,84,620,74,"BD Mall, Manjit Nagar (Near Thapar Uni)",Patiala,147004,39,1.95,19,0,Out of Stock
17/09/26 10:03,SKU_028,Product_Staples_28,Staples,155,1186,145,"BD Mall, Manjit Nagar (Near Thapar Uni)",Patiala,147004,45,1.31,22,58,In Stock
17/09/26 10:03,SKU_029,Product_Staples_29,Staples,100,491,91,"BD Mall, Manjit Nagar (Near Thapar Uni)",Patiala,147004,46,1.44,23,48,In Stock
17/09/26 10:03,SKU_030,Product_Staples_30,Staples,280,330,241,"BD Mall, Manjit Nagar (Near Thapar Uni)",Patiala,147004,40,1.11,20,25,In Stock
17/09/26 10:03,SKU_031,Product_Snacks & Beverages_31,Snacks & Beverages,47,234,42,"BD Mall, Manjit Nagar (Near Thapar Uni)",Patiala,147004,37,1.84,18,51,In Stock
17/09/26 10:03,SKU_032,Product_Staples_32,Staples,287,1029,255,"BD Mall, Manjit Nagar (Near Thapar Uni)",Patiala,147004,32,1.03,16,47,In Stock
17/09/26 10:03,SKU_033,Product_Dairy_33,Dairy/Fresh,81,904,77,"BD Mall, Manjit Nagar (Near Thapar Uni)",Patiala,147004,132,0.77,26,50,In Stock
17/09/26 10:03,SKU_034,Product_Staples_34,Staples,233,1060,223,"BD Mall, Manjit Nagar (Near Thapar Uni)",Patiala,147004,28,1.14,14,26,In Stock
17/09/26 10:03,SKU_035,Product_Dairy_35,Dairy/Fresh,150,1128,131,"BD Mall, Manjit Nagar (Near Thapar Uni)",Patiala,147004,118,0.62,23,85,In Stock
17/09/26 10:03,SKU_036,Product_Snacks & Beverages_36,Snacks & Beverages,274,497,274,"BD Mall, Manjit Nagar (Near Thapar Uni)",Patiala,147004,63,1.73,31,68,In Stock
17/09/26 10:03,SKU_037,Product_Snacks & Beverages_37,Snacks & Beverages,226,1138,201,"BD Mall, Manjit Nagar (Near Thapar Uni)",Patiala,147004,57,1.16,28,65,In Stock
17/09/26 10:03,SKU_038,Product_Dairy_38,Dairy/Fresh,198,963,197,"BD Mall, Manjit Nagar (Near Thapar Uni)",Patiala,147004,74,0.59,14,79,In Stock
17/09/26 10:03,SKU_039,Product_Snacks & Beverages_39,Snacks & Beverages,71,1120,65,"BD Mall, Manjit Nagar (Near Thapar Uni)",Patiala,147004,79,1.31,39,96,In Stock
17/09/26 10:03,SKU_040,Product_Snacks & Beverages_40,Snacks & Beverages,241,584,206,"BD Mall, Manjit Nagar (Near Thapar Uni)",Patiala,147004,26,1.18,13,17,In Stock
17/09/26 10:03,SKU_041,Product_Dairy_41,Dairy/Fresh,256,1294,231,"BD Mall, Manjit Nagar (Near Thapar Uni)",Patiala,147004,149,0.62,29,39,In Stock
17/09/26 10:03,SKU_042,Product_Dairy_42,Dairy/Fresh,32,1283,30,"BD Mall, Manjit Nagar (Near Thapar Uni)",Patiala,147004,102,0.82,20,107,In Stock
17/09/26 11:10,SKU_001,Product_Dairy_1,Dairy/Fresh,290,1230,273,"BD Mall, Manjit Nagar (Near Thapar Uni)",Patiala,147004,72,0.83,14,91,In Stock
17/09/26 11:10,SKU_002,Product_Staples_2,Staples,40,221,38,"BD Mall, Manjit Nagar (Near Thapar Uni)",Patiala,147004,37,1.17,18,47,In Stock
17/09/26 11:10,SKU_003,Product_Dairy_3,Dairy/Fresh,107,1496,105,"BD Mall, Manjit Nagar (Near Thapar Uni)",Patiala,147004,106,0.71,21,124,In Stock
17/09/26 11:10,SKU_004,Product_Snacks & Beverages_4,Snacks & Beverages,171,230,161,"BD Mall, Manjit Nagar (Near Thapar Uni)",Patiala,147004,74,1.87,37,83,In Stock
17/09/26 11:10,SKU_005,Product_Dairy_5,Dairy/Fresh,277,443,248,"BD Mall, Manjit Nagar (Near Thapar Uni)",Patiala,147004,102,0.64,20,63,In Stock
17/09/26 11:10,SKU_006,Product_Staples_6,Staples,211,1055,183,"BD Mall, Manjit Nagar (Near Thapar Uni)",Patiala,147004,23,1.95,11,13,In Stock
17/09/26 11:10,SKU_007,Product_Dairy_7,Dairy/Fresh,41,352,38,"BD Mall, Manjit Nagar (Near Thapar Uni)",Patiala,147004,107,0.8,21,105,In Stock
17/09/26 11:10,SKU_008,Product_Snacks & Beverages_8,Snacks & Beverages,68,574,60,"BD Mall, Manjit Nagar (Near Thapar Uni)",Patiala,147004,44,1.14,22,26,In Stock
17/09/26 11:10,SKU_009,Product_Snacks & Beverages_9,Snacks & Beverages,189,799,172,"BD Mall, Manjit Nagar (Near Thapar Uni)",Patiala,147004,51,1.18,25,62,In Stock
17/09/26 11:10,SKU_010,Product_Dairy_10,Dairy/Fresh,209,1057,205,"BD Mall, Manjit Nagar (Near Thapar Uni)",Patiala,147004,144,0.76,28,29,In Stock
17/09/26 11:10,SKU_011,Product_Staples_11,Staples,70,1367,63,"BD Mall, Manjit Nagar (Near Thapar Uni)",Patiala,147004,32,1.39,16,49,In Stock
17/09/26 11:10,SKU_012,Product_Snacks & Beverages_12,Snacks & Beverages,150,746,130,"BD Mall, Manjit Nagar (Near Thapar Uni)",Patiala,147004,64,1,32,42,In Stock
17/09/26 11:10,SKU_013,Product_Dairy_13,Dairy/Fresh,186,1397,168,"BD Mall, Manjit Nagar (Near Thapar Uni)",Patiala,147004,136,0.96,27,101,In Stock
17/09/26 11:10,SKU_014,Product_Personal Care_14,Personal Care,33,341,33,"BD Mall, Manjit Nagar (Near Thapar Uni)",Patiala,147004,68,1.6,34,42,In Stock
17/09/26 11:10,SKU_015,Product_Dairy_15,Dairy/Fresh,72,997,64,"BD Mall, Manjit Nagar (Near Thapar Uni)",Patiala,147004,124,0.77,24,93,In Stock
17/09/26 11:10,SKU_016,Product_Snacks & Beverages_16,Snacks & Beverages,283,134,268,"BD Mall, Manjit Nagar (Near Thapar Uni)",Patiala,147004,25,1.13,12,43,In Stock
17/09/26 11:10,SKU_017,Product_Personal Care_17,Personal Care,69,1125,59,"BD Mall, Manjit Nagar (Near Thapar Uni)",Patiala,147004,38,1.11,19,30,In Stock
17/09/26 11:10,SKU_018,Product_Snacks & Beverages_18,Snacks & Beverages,73,1229,66,"BD Mall, Manjit Nagar (Near Thapar Uni)",Patiala,147004,32,1.92,16,47,In Stock
17/09/26 11:10,SKU_019,Product_Snacks & Beverages_19,Snacks & Beverages,210,501,188,"BD Mall, Manjit Nagar (Near Thapar Uni)",Patiala,147004,76,1.75,38,54,In Stock
17/09/26 11:10,SKU_020,Product_Staples_20,Staples,181,301,158,"BD Mall, Manjit Nagar (Near Thapar Uni)",Patiala,147004,79,1.59,39,42,In Stock
17/09/26 11:10,SKU_021,Product_Staples_21,Staples,289,915,269,"BD Mall, Manjit Nagar (Near Thapar Uni)",Patiala,147004,45,1.77,22,63,In Stock
17/09/26 11:10,SKU_022,Product_Dairy_22,Dairy/Fresh,234,1375,216,"BD Mall, Manjit Nagar (Near Thapar Uni)",Patiala,147004,56,0.73,11,43,In Stock
17/09/26 11:10,SKU_023,Product_Dairy_23,Dairy/Fresh,232,819,221,"BD Mall, Manjit Nagar (Near Thapar Uni)",Patiala,147004,95,0.73,19,0,Out of Stock
17/09/26 11:10,SKU_024,Product_Staples_24,Staples,72,891,64,"BD Mall, Manjit Nagar (Near Thapar Uni)",Patiala,147004,73,1.37,36,83,In Stock
17/09/26 11:10,SKU_025,Product_Dairy_25,Dairy/Fresh,271,287,240,"BD Mall, Manjit Nagar (Near Thapar Uni)",Patiala,147004,89,0.68,17,0,Out of Stock
17/09/26 11:10,SKU_026,Product_Snacks & Beverages_26,Snacks & Beverages,60,1280,53,"BD Mall, Manjit Nagar (Near Thapar Uni)",Patiala,147004,79,1.73,39,0,Out of Stock
17/09/26 11:10,SKU_027,Product_Staples_27,Staples,84,620,74,"BD Mall, Manjit Nagar (Near Thapar Uni)",Patiala,147004,58,1.42,29,67,In Stock
17/09/26 11:10,SKU_028,Product_Staples_28,Staples,155,1186,145,"BD Mall, Manjit Nagar (Near Thapar Uni)",Patiala,147004,27,1.98,13,42,In Stock
17/09/26 11:10,SKU_029,Product_Staples_29,Staples,100,491,91,"BD Mall, Manjit Nagar (Near Thapar Uni)",Patiala,147004,44,1.35,22,41,In Stock
17/09/26 11:10,SKU_030,Product_Staples_30,Staples,280,330,241,"BD Mall, Manjit Nagar (Near Thapar Uni)",Patiala,147004,32,1.92,16,0,Out of Stock
17/09/26 11:10,SKU_031,Product_Snacks & Beverages_31,Snacks & Beverages,47,234,42,"BD Mall, Manjit Nagar (Near Thapar Uni)",Patiala,147004,51,1.93,25,65,In Stock
17/09/26 11:10,SKU_032,Product_Staples_32,Staples,287,1029,255,"BD Mall, Manjit Nagar (Near Thapar Uni)",Patiala,147004,78,1.24,39,82,In Stock
17/09/26 11:10,SKU_033,Product_Dairy_33,Dairy/Fresh,81,904,77,"BD Mall, Manjit Nagar (Near Thapar Uni)",Patiala,147004,86,0.6,17,51,In Stock
17/09/26 11:10,SKU_034,Product_Staples_34,Staples,233,1060,223,"BD Mall, Manjit Nagar (Near Thapar Uni)",Patiala,147004,57,1.43,28,0,Out of Stock
17/09/26 11:10,SKU_035,Product_Dairy_35,Dairy/Fresh,150,1128,131,"BD Mall, Manjit Nagar (Near Thapar Uni)",Patiala,147004,132,0.87,26,143,In Stock
17/09/26 11:10,SKU_036,Product_Snacks & Beverages_36,Snacks & Beverages,274,497,274,"BD Mall, Manjit Nagar (Near Thapar Uni)",Patiala,147004,47,1.45,23,61,In Stock
17/09/26 11:10,SKU_037,Product_Snacks & Beverages_37,Snacks & Beverages,226,1138,201,"BD Mall, Manjit Nagar (Near Thapar Uni)",Patiala,147004,72,1.74,36,58,In Stock
17/09/26 11:10,SKU_038,Product_Dairy_38,Dairy/Fresh,198,963,197,"BD Mall, Manjit Nagar (Near Thapar Uni)",Patiala,147004,135,0.94,27,84,In Stock
17/09/26 11:10,SKU_039,Product_Snacks & Beverages_39,Snacks & Beverages,71,1120,65,"BD Mall, Manjit Nagar (Near Thapar Uni)",Patiala,147004,22,1.23,11,15,In Stock
17/09/26 11:10,SKU_040,Product_Snacks & Beverages_40,Snacks & Beverages,241,584,206,"BD Mall, Manjit Nagar (Near Thapar Uni)",Patiala,147004,47,1.2,23,45,In Stock
17/09/26 11:10,SKU_041,Product_Dairy_41,Dairy/Fresh,256,1294,231,"BD Mall, Manjit Nagar (Near Thapar Uni)",Patiala,147004,138,0.51,27,90,In Stock
17/09/26 11:10,SKU_042,Product_Dairy_42,Dairy/Fresh,32,1283,30,"BD Mall, Manjit Nagar (Near Thapar Uni)",Patiala,147004,94,0.62,18,79,In Stock
17/09/26 12:58,SKU_001,Product_Dairy_1,Dairy/Fresh,290,1230,273,"BD Mall, Manjit Nagar (Near Thapar Uni)",Patiala,147004,53,0.73,10,28,In Stock
17/09/26 12:58,SKU_002,Product_Staples_2,Staples,40,221,38,"BD Mall, Manjit Nagar (Near Thapar Uni)",Patiala,147004,53,1.69,26,55,In Stock
17/09/26 12:58,SKU_003,Product_Dairy_3,Dairy/Fresh,107,1496,105,"BD Mall, Manjit Nagar (Near Thapar Uni)",Patiala,147004,119,0.78,23,107,In Stock
17/09/26 12:58,SKU_004,Product_Snacks & Beverages_4,Snacks & Beverages,171,230,161,"BD Mall, Manjit Nagar (Near Thapar Uni)",Patiala,147004,41,1.48,20,43,In Stock
17/09/26 12:58,SKU_005,Product_Dairy_5,Dairy/Fresh,277,443,248,"BD Mall, Manjit Nagar (Near Thapar Uni)",Patiala,147004,68,0.64,13,38,In Stock
17/09/26 12:58,SKU_006,Product_Staples_6,Staples,211,1055,183,"BD Mall, Manjit Nagar (Near Thapar Uni)",Patiala,147004,57,1.82,28,63,In Stock
17/09/26 12:58,SKU_007,Product_Dairy_7,Dairy/Fresh,41,352,38,"BD Mall, Manjit Nagar (Near Thapar Uni)",Patiala,147004,103,0.54,20,45,In Stock
17/09/26 12:58,SKU_008,Product_Snacks & Beverages_8,Snacks & Beverages,68,574,60,"BD Mall, Manjit Nagar (Near Thapar Uni)",Patiala,147004,74,1.41,37,69,In Stock
17/09/26 12:58,SKU_009,Product_Snacks & Beverages_9,Snacks & Beverages,189,799,172,"BD Mall, Manjit Nagar (Near Thapar Uni)",Patiala,147004,27,1.01,13,16,In Stock
17/09/26 12:58,SKU_010,Product_Dairy_10,Dairy/Fresh,209,1057,205,"BD Mall, Manjit Nagar (Near Thapar Uni)",Patiala,147004,123,0.85,24,96,In Stock
17/09/26 12:58,SKU_011,Product_Staples_11,Staples,70,1367,63,"BD Mall, Manjit Nagar (Near Thapar Uni)",Patiala,147004,25,1.65,12,19,In Stock
17/09/26 12:58,SKU_012,Product_Snacks & Beverages_12,Snacks & Beverages,150,746,130,"BD Mall, Manjit Nagar (Near Thapar Uni)",Patiala,147004,33,1.61,16,17,In Stock
17/09/26 12:58,SKU_013,Product_Dairy_13,Dairy/Fresh,186,1397,168,"BD Mall, Manjit Nagar (Near Thapar Uni)",Patiala,147004,88,0.75,17,39,In Stock
17/09/26 12:58,SKU_014,Product_Personal Care_14,Personal Care,33,341,33,"BD Mall, Manjit Nagar (Near Thapar Uni)",Patiala,147004,54,1.25,27,32,In Stock
17/09/26 12:58,SKU_015,Product_Dairy_15,Dairy/Fresh,72,997,64,"BD Mall, Manjit Nagar (Near Thapar Uni)",Patiala,147004,94,0.72,18,0,Out of Stock
17/09/26 12:58,SKU_016,Product_Snacks & Beverages_16,Snacks & Beverages,283,134,268,"BD Mall, Manjit Nagar (Near Thapar Uni)",Patiala,147004,22,1.69,11,21,In Stock
17/09/26 12:58,SKU_017,Product_Personal Care_17,Personal Care,69,1125,59,"BD Mall, Manjit Nagar (Near Thapar Uni)",Patiala,147004,78,1.32,39,74,In Stock
17/09/26 12:58,SKU_018,Product_Snacks & Beverages_18,Snacks & Beverages,73,1229,66,"BD Mall, Manjit Nagar (Near Thapar Uni)",Patiala,147004,31,1.55,15,35,In Stock
17/09/26 12:58,SKU_019,Product_Snacks & Beverages_19,Snacks & Beverages,210,501,188,"BD Mall, Manjit Nagar (Near Thapar Uni)",Patiala,147004,68,1.15,34,55,In Stock
17/09/26 12:58,SKU_020,Product_Staples_20,Staples,181,301,158,"BD Mall, Manjit Nagar (Near Thapar Uni)",Patiala,147004,78,1.45,39,47,In Stock
17/09/26 12:58,SKU_021,Product_Staples_21,Staples,289,915,269,"BD Mall, Manjit Nagar (Near Thapar Uni)",Patiala,147004,50,1.88,25,58,In Stock
17/09/26 12:58,SKU_022,Product_Dairy_22,Dairy/Fresh,234,1375,216,"BD Mall, Manjit Nagar (Near Thapar Uni)",Patiala,147004,110,0.94,22,80,In Stock
17/09/26 12:58,SKU_023,Product_Dairy_23,Dairy/Fresh,232,819,221,"BD Mall, Manjit Nagar (Near Thapar Uni)",Patiala,147004,88,0.66,17,42,In Stock
17/09/26 12:58,SKU_024,Product_Staples_24,Staples,72,891,64,"BD Mall, Manjit Nagar (Near Thapar Uni)",Patiala,147004,71,1.59,35,35,In Stock
17/09/26 12:58,SKU_025,Product_Dairy_25,Dairy/Fresh,271,287,240,"BD Mall, Manjit Nagar (Near Thapar Uni)",Patiala,147004,52,0.76,10,45,In Stock
17/09/26 12:58,SKU_026,Product_Snacks & Beverages_26,Snacks & Beverages,60,1280,53,"BD Mall, Manjit Nagar (Near Thapar Uni)",Patiala,147004,60,1.58,30,73,In Stock
17/09/26 12:58,SKU_027,Product_Staples_27,Staples,84,620,74,"BD Mall, Manjit Nagar (Near Thapar Uni)",Patiala,147004,50,1.51,25,0,Out of Stock
17/09/26 12:58,SKU_028,Product_Staples_28,Staples,155,1186,145,"BD Mall, Manjit Nagar (Near Thapar Uni)",Patiala,147004,40,1.4,20,41,In Stock
17/09/26 12:58,SKU_029,Product_Staples_29,Staples,100,491,91,"BD Mall, Manjit Nagar (Near Thapar Uni)",Patiala,147004,77,1.12,38,41,In Stock
17/09/26 12:58,SKU_030,Product_Staples_30,Staples,280,330,241,"BD Mall, Manjit Nagar (Near Thapar Uni)",Patiala,147004,39,1.42,19,20,In Stock
17/09/26 12:58,SKU_031,Product_Snacks & Beverages_31,Snacks & Beverages,47,234,42,"BD Mall, Manjit Nagar (Near Thapar Uni)",Patiala,147004,58,1.07,29,44,In Stock
17/09/26 12:58,SKU_032,Product_Staples_32,Staples,287,1029,255,"BD Mall, Manjit Nagar (Near Thapar Uni)",Patiala,147004,41,1.1,20,35,In Stock
17/09/26 12:58,SKU_033,Product_Dairy_33,Dairy/Fresh,81,904,77,"BD Mall, Manjit Nagar (Near Thapar Uni)",Patiala,147004,87,0.69,17,69,In Stock
17/09/26 12:58,SKU_034,Product_Staples_34,Staples,233,1060,223,"BD Mall, Manjit Nagar (Near Thapar Uni)",Patiala,147004,32,1.31,16,37,In Stock
17/09/26 12:58,SKU_035,Product_Dairy_35,Dairy/Fresh,150,1128,131,"BD Mall, Manjit Nagar (Near Thapar Uni)",Patiala,147004,107,0.88,21,85,In Stock
17/09/26 12:58,SKU_036,Product_Snacks & Beverages_36,Snacks & Beverages,274,497,274,"BD Mall, Manjit Nagar (Near Thapar Uni)",Patiala,147004,61,1.38,30,44,In Stock
17/09/26 12:58,SKU_037,Product_Snacks & Beverages_37,Snacks & Beverages,226,1138,201,"BD Mall, Manjit Nagar (Near Thapar Uni)",Patiala,147004,69,1.76,34,57,In Stock
17/09/26 12:58,SKU_038,Product_Dairy_38,Dairy/Fresh,198,963,197,"BD Mall, Manjit Nagar (Near Thapar Uni)",Patiala,147004,81,0.73,16,83,In Stock
17/09/26 12:58,SKU_039,Product_Snacks & Beverages_39,Snacks & Beverages,71,1120,65,"BD Mall, Manjit Nagar (Near Thapar Uni)",Patiala,147004,39,1.7,19,0,Out of Stock
17/09/26 12:58,SKU_040,Product_Snacks & Beverages_40,Snacks & Beverages,241,584,206,"BD Mall, Manjit Nagar (Near Thapar Uni)",Patiala,147004,71,1.26,35,51,In Stock
17/09/26 12:58,SKU_041,Product_Dairy_41,Dairy/Fresh,256,1294,231,"BD Mall, Manjit Nagar (Near Thapar Uni)",Patiala,147004,96,0.72,19,89,In Stock
17/09/26 12:58,SKU_042,Product_Dairy_42,Dairy/Fresh,32,1283,30,"BD Mall, Manjit Nagar (Near Thapar Uni)",Patiala,147004,70,0.58,14,58,In Stock
17/09/26 13:37,SKU_001,Product_Dairy_1,Dairy/Fresh,290,1230,273,"BD Mall, Manjit Nagar (Near Thapar Uni)",Patiala,147004,129,0.97,25,76,In Stock
17/09/26 13:37,SKU_002,Product_Staples_2,Staples,40,221,38,"BD Mall, Manjit Nagar (Near Thapar Uni)",Patiala,147004,55,1.37,27,36,In Stock
17/09/26 13:37,SKU_003,Product_Dairy_3,Dairy/Fresh,107,1496,105,"BD Mall, Manjit Nagar (Near Thapar Uni)",Patiala,147004,124,0.63,24,88,In Stock
17/09/26 13:37,SKU_004,Product_Snacks & Beverages_4,Snacks & Beverages,171,230,161,"BD Mall, Manjit Nagar (Near Thapar Uni)",Patiala,147004,20,1.67,10,11,In Stock
17/09/26 13:37,SKU_005,Product_Dairy_5,Dairy/Fresh,277,443,248,"BD Mall, Manjit Nagar (Near Thapar Uni)",Patiala,147004,148,0.86,29,50,In Stock
17/09/26 13:37,SKU_006,Product_Staples_6,Staples,211,1055,183,"BD Mall, Manjit Nagar (Near Thapar Uni)",Patiala,147004,32,1.48,16,47,In Stock
17/09/26 13:37,SKU_007,Product_Dairy_7,Dairy/Fresh,41,352,38,"BD Mall, Manjit Nagar (Near Thapar Uni)",Patiala,147004,69,0.94,13,41,In Stock
17/09/26 13:37,SKU_008,Product_Snacks & Beverages_8,Snacks & Beverages,68,574,60,"BD Mall, Manjit Nagar (Near Thapar Uni)",Patiala,147004,43,1.63,21,55,In Stock
17/09/26 13:37,SKU_009,Product_Snacks & Beverages_9,Snacks & Beverages,189,799,172,"BD Mall, Manjit Nagar (Near Thapar Uni)",Patiala,147004,77,1.98,38,54,In Stock
17/09/26 13:37,SKU_010,Product_Dairy_10,Dairy/Fresh,209,1057,205,"BD Mall, Manjit Nagar (Near Thapar Uni)",Patiala,147004,96,0.78,19,94,In Stock
17/09/26 13:37,SKU_011,Product_Staples_11,Staples,70,1367,63,"BD Mall, Manjit Nagar (Near Thapar Uni)",Patiala,147004,69,1.82,34,57,In Stock
17/09/26 13:37,SKU_012,Product_Snacks & Beverages_12,Snacks & Beverages,150,746,130,"BD Mall, Manjit Nagar (Near Thapar Uni)",Patiala,147004,46,1.51,23,52,In Stock
17/09/26 13:37,SKU_013,Product_Dairy_13,Dairy/Fresh,186,1397,168,"BD Mall, Manjit Nagar (Near Thapar Uni)",Patiala,147004,64,0.56,12,41,In Stock
17/09/26 13:37,SKU_014,Product_Personal Care_14,Personal Care,33,341,33,"BD Mall, Manjit Nagar (Near Thapar Uni)",Patiala,147004,42,1.93,21,40,In Stock
17/09/26 13:37,SKU_015,Product_Dairy_15,Dairy/Fresh,72,997,64,"BD Mall, Manjit Nagar (Near Thapar Uni)",Patiala,147004,50,0.63,10,51,In Stock
17/09/26 13:37,SKU_016,Product_Snacks & Beverages_16,Snacks & Beverages,283,134,268,"BD Mall, Manjit Nagar (Near Thapar Uni)",Patiala,147004,27,1.79,13,19,In Stock
17/09/26 13:37,SKU_017,Product_Personal Care_17,Personal Care,69,1125,59,"BD Mall, Manjit Nagar (Near Thapar Uni)",Patiala,147004,27,1.3,13,19,In Stock
17/09/26 13:37,SKU_018,Product_Snacks & Beverages_18,Snacks & Beverages,73,1229,66,"BD Mall, Manjit Nagar (Near Thapar Uni)",Patiala,147004,78,1.55,39,0,Out of Stock
17/09/26 13:37,SKU_019,Product_Snacks & Beverages_19,Snacks & Beverages,210,501,188,"BD Mall, Manjit Nagar (Near Thapar Uni)",Patiala,147004,45,1.22,22,51,In Stock
17/09/26 13:37,SKU_020,Product_Staples_20,Staples,181,301,158,"BD Mall, Manjit Nagar (Near Thapar Uni)",Patiala,147004,66,1.44,33,44,In Stock
17/09/26 13:37,SKU_021,Product_Staples_21,Staples,289,915,269,"BD Mall, Manjit Nagar (Near Thapar Uni)",Patiala,147004,78,1.48,39,87,In Stock
17/09/26 13:37,SKU_022,Product_Dairy_22,Dairy/Fresh,234,1375,216,"BD Mall, Manjit Nagar (Near Thapar Uni)",Patiala,147004,61,0.74,12,57,In Stock
17/09/26 13:37,SKU_023,Product_Dairy_23,Dairy/Fresh,232,819,221,"BD Mall, Manjit Nagar (Near Thapar Uni)",Patiala,147004,123,0.53,24,66,In Stock
17/09/26 13:37,SKU_024,Product_Staples_24,Staples,72,891,64,"BD Mall, Manjit Nagar (Near Thapar Uni)",Patiala,147004,56,1.41,28,29,In Stock
17/09/26 13:37,SKU_025,Product_Dairy_25,Dairy/Fresh,271,287,240,"BD Mall, Manjit Nagar (Near Thapar Uni)",Patiala,147004,65,0.92,13,66,In Stock
17/09/26 13:37,SKU_026,Product_Snacks & Beverages_26,Snacks & Beverages,60,1280,53,"BD Mall, Manjit Nagar (Near Thapar Uni)",Patiala,147004,47,1.86,23,57,In Stock
17/09/26 13:37,SKU_027,Product_Staples_27,Staples,84,620,74,"BD Mall, Manjit Nagar (Near Thapar Uni)",Patiala,147004,44,1.17,22,54,In Stock
17/09/26 13:37,SKU_028,Product_Staples_28,Staples,155,1186,145,"BD Mall, Manjit Nagar (Near Thapar Uni)",Patiala,147004,35,1.62,17,37,In Stock
17/09/26 13:37,SKU_029,Product_Staples_29,Staples,100,491,91,"BD Mall, Manjit Nagar (Near Thapar Uni)",Patiala,147004,74,1.02,37,56,In Stock
17/09/26 13:37,SKU_030,Product_Staples_30,Staples,280,330,241,"BD Mall, Manjit Nagar (Near Thapar Uni)",Patiala,147004,21,1.4,10,17,In Stock
17/09/26 13:37,SKU_031,Product_Snacks & Beverages_31,Snacks & Beverages,47,234,42,"BD Mall, Manjit Nagar (Near Thapar Uni)",Patiala,147004,73,1.99,36,86,In Stock
17/09/26 13:37,SKU_032,Product_Staples_32,Staples,287,1029,255,"BD Mall, Manjit Nagar (Near Thapar Uni)",Patiala,147004,37,1.1,18,43,In Stock
17/09/26 13:37,SKU_033,Product_Dairy_33,Dairy/Fresh,81,904,77,"BD Mall, Manjit Nagar (Near Thapar Uni)",Patiala,147004,139,0.52,27,87,In Stock
17/09/26 13:37,SKU_034,Product_Staples_34,Staples,233,1060,223,"BD Mall, Manjit Nagar (Near Thapar Uni)",Patiala,147004,49,1.31,24,49,In Stock
17/09/26 13:37,SKU_035,Product_Dairy_35,Dairy/Fresh,150,1128,131,"BD Mall, Manjit Nagar (Near Thapar Uni)",Patiala,147004,107,0.63,21,57,In Stock
17/09/26 13:37,SKU_036,Product_Snacks & Beverages_36,Snacks & Beverages,274,497,274,"BD Mall, Manjit Nagar (Near Thapar Uni)",Patiala,147004,32,1.87,16,45,In Stock
17/09/26 13:37,SKU_037,Product_Snacks & Beverages_37,Snacks & Beverages,226,1138,201,"BD Mall, Manjit Nagar (Near Thapar Uni)",Patiala,147004,51,1.24,25,55,In Stock
17/09/26 13:37,SKU_038,Product_Dairy_38,Dairy/Fresh,198,963,197,"BD Mall, Manjit Nagar (Near Thapar Uni)",Patiala,147004,77,0.63,15,25,In Stock
17/09/26 13:37,SKU_039,Product_Snacks & Beverages_39,Snacks & Beverages,71,1120,65,"BD Mall, Manjit Nagar (Near Thapar Uni)",Patiala,147004,48,1.63,24,64,In Stock
17/09/26 13:37,SKU_040,Product_Snacks & Beverages_40,Snacks & Beverages,241,584,206,"BD Mall, Manjit Nagar (Near Thapar Uni)",Patiala,147004,65,1.34,32,36,In Stock
17/09/26 13:37,SKU_041,Product_Dairy_41,Dairy/Fresh,256,1294,231,"BD Mall, Manjit Nagar (Near Thapar Uni)",Patiala,147004,149,0.77,29,94,In Stock
17/09/26 13:37,SKU_042,Product_Dairy_42,Dairy/Fresh,32,1283,30,"BD Mall, Manjit Nagar (Near Thapar Uni)",Patiala,147004,113,0.54,22,34,In Stock
17/09/26 14:04,SKU_001,Product_Dairy_1,Dairy/Fresh,290,1230,273,"BD Mall, Manjit Nagar (Near Thapar Uni)",Patiala,147004,76,0.97,15,77,In Stock
17/09/26 14:04,SKU_002,Product_Staples_2,Staples,40,221,38,"BD Mall, Manjit Nagar (Near Thapar Uni)",Patiala,147004,62,1.69,31,48,In Stock
17/09/26 14:04,SKU_003,Product_Dairy_3,Dairy/Fresh,107,1496,105,"BD Mall, Manjit Nagar (Near Thapar Uni)",Patiala,147004,66,0.83,13,37,In Stock
17/09/26 14:04,SKU_004,Product_Snacks & Beverages_4,Snacks & Beverages,171,230,161,"BD Mall, Manjit Nagar (Near Thapar Uni)",Patiala,147004,49,1.86,24,67,In Stock
17/09/26 14:04,SKU_005,Product_Dairy_5,Dairy/Fresh,277,443,248,"BD Mall, Manjit Nagar (Near Thapar Uni)",Patiala,147004,82,0.82,16,29,In Stock
17/09/26 14:04,SKU_006,Product_Staples_6,Staples,211,1055,183,"BD Mall, Manjit Nagar (Near Thapar Uni)",Patiala,147004,67,1.22,33,37,In Stock
17/09/26 14:04,SKU_007,Product_Dairy_7,Dairy/Fresh,41,352,38,"BD Mall, Manjit Nagar (Near Thapar Uni)",Patiala,147004,126,0.86,25,83,In Stock
17/09/26 14:04,SKU_008,Product_Snacks & Beverages_8,Snacks & Beverages,68,574,60,"BD Mall, Manjit Nagar (Near Thapar Uni)",Patiala,147004,36,1.43,18,19,In Stock
17/09/26 14:04,SKU_009,Product_Snacks & Beverages_9,Snacks & Beverages,189,799,172,"BD Mall, Manjit Nagar (Near Thapar Uni)",Patiala,147004,59,1.7,29,32,In Stock
17/09/26 14:04,SKU_010,Product_Dairy_10,Dairy/Fresh,209,1057,205,"BD Mall, Manjit Nagar (Near Thapar Uni)",Patiala,147004,62,0.56,12,23,In Stock
17/09/26 14:04,SKU_011,Product_Staples_11,Staples,70,1367,63,"BD Mall, Manjit Nagar (Near Thapar Uni)",Patiala,147004,71,1.61,35,45,In Stock
17/09/26 14:04,SKU_012,Product_Snacks & Beverages_12,Snacks & Beverages,150,746,130,"BD Mall, Manjit Nagar (Near Thapar Uni)",Patiala,147004,34,1.73,17,20,In Stock
17/09/26 14:04,SKU_013,Product_Dairy_13,Dairy/Fresh,186,1397,168,"BD Mall, Manjit Nagar (Near Thapar Uni)",Patiala,147004,55,0.8,11,53,In Stock
17/09/26 14:04,SKU_014,Product_Personal Care_14,Personal Care,33,341,33,"BD Mall, Manjit Nagar (Near Thapar Uni)",Patiala,147004,71,1.83,35,43,In Stock
17/09/26 14:04,SKU_015,Product_Dairy_15,Dairy/Fresh,72,997,64,"BD Mall, Manjit Nagar (Near Thapar Uni)",Patiala,147004,118,0.81,23,96,In Stock
17/09/26 14:04,SKU_016,Product_Snacks & Beverages_16,Snacks & Beverages,283,134,268,"BD Mall, Manjit Nagar (Near Thapar Uni)",Patiala,147004,63,1.39,31,57,In Stock
17/09/26 14:04,SKU_017,Product_Personal Care_17,Personal Care,69,1125,59,"BD Mall, Manjit Nagar (Near Thapar Uni)",Patiala,147004,50,1.56,25,30,In Stock
17/09/26 14:04,SKU_018,Product_Snacks & Beverages_18,Snacks & Beverages,73,1229,66,"BD Mall, Manjit Nagar (Near Thapar Uni)",Patiala,147004,72,1.58,36,50,In Stock
17/09/26 14:04,SKU_019,Product_Snacks & Beverages_19,Snacks & Beverages,210,501,188,"BD Mall, Manjit Nagar (Near Thapar Uni)",Patiala,147004,42,1.17,21,51,In Stock
17/09/26 14:04,SKU_020,Product_Staples_20,Staples,181,301,158,"BD Mall, Manjit Nagar (Near Thapar Uni)",Patiala,147004,71,1.4,35,56,In Stock
17/09/26 14:04,SKU_021,Product_Staples_21,Staples,289,915,269,"BD Mall, Manjit Nagar (Near Thapar Uni)",Patiala,147004,49,1.34,24,29,In Stock
17/09/26 14:04,SKU_022,Product_Dairy_22,Dairy/Fresh,234,1375,216,"BD Mall, Manjit Nagar (Near Thapar Uni)",Patiala,147004,54,0.86,10,42,In Stock
17/09/26 14:04,SKU_023,Product_Dairy_23,Dairy/Fresh,232,819,221,"BD Mall, Manjit Nagar (Near Thapar Uni)",Patiala,147004,82,0.8,16,44,In Stock
17/09/26 14:04,SKU_024,Product_Staples_24,Staples,72,891,64,"BD Mall, Manjit Nagar (Near Thapar Uni)",Patiala,147004,71,1.48,35,55,In Stock
17/09/26 14:04,SKU_025,Product_Dairy_25,Dairy/Fresh,271,287,240,"BD Mall, Manjit Nagar (Near Thapar Uni)",Patiala,147004,67,0.71,13,66,In Stock
17/09/26 14:04,SKU_026,Product_Snacks & Beverages_26,Snacks & Beverages,60,1280,53,"BD Mall, Manjit Nagar (Near Thapar Uni)",Patiala,147004,73,1.29,36,91,In Stock
17/09/26 14:04,SKU_027,Product_Staples_27,Staples,84,620,74,"BD Mall, Manjit Nagar (Near Thapar Uni)",Patiala,147004,66,1.42,33,84,In Stock
17/09/26 14:04,SKU_028,Product_Staples_28,Staples,155,1186,145,"BD Mall, Manjit Nagar (Near Thapar Uni)",Patiala,147004,20,1.79,10,0,Out of Stock
17/09/26 14:04,SKU_029,Product_Staples_29,Staples,100,491,91,"BD Mall, Manjit Nagar (Near Thapar Uni)",Patiala,147004,63,1.55,31,51,In Stock
17/09/26 14:04,SKU_030,Product_Staples_30,Staples,280,330,241,"BD Mall, Manjit Nagar (Near Thapar Uni)",Patiala,147004,54,1.55,27,62,In Stock
17/09/26 14:04,SKU_031,Product_Snacks & Beverages_31,Snacks & Beverages,47,234,42,"BD Mall, Manjit Nagar (Near Thapar Uni)",Patiala,147004,30,1.05,15,36,In Stock
17/09/26 14:04,SKU_032,Product_Staples_32,Staples,287,1029,255,"BD Mall, Manjit Nagar (Near Thapar Uni)",Patiala,147004,53,1.4,26,71,In Stock
17/09/26 14:04,SKU_033,Product_Dairy_33,Dairy/Fresh,81,904,77,"BD Mall, Manjit Nagar (Near Thapar Uni)",Patiala,147004,135,0.6,27,110,In Stock
17/09/26 14:04,SKU_034,Product_Staples_34,Staples,233,1060,223,"BD Mall, Manjit Nagar (Near Thapar Uni)",Patiala,147004,28,2,14,35,In Stock
17/09/26 14:04,SKU_035,Product_Dairy_35,Dairy/Fresh,150,1128,131,"BD Mall, Manjit Nagar (Near Thapar Uni)",Patiala,147004,76,0.74,15,74,In Stock
17/09/26 14:04,SKU_036,Product_Snacks & Beverages_36,Snacks & Beverages,274,497,274,"BD Mall, Manjit Nagar (Near Thapar Uni)",Patiala,147004,34,1.88,17,27,In Stock
17/09/26 14:04,SKU_037,Product_Snacks & Beverages_37,Snacks & Beverages,226,1138,201,"BD Mall, Manjit Nagar (Near Thapar Uni)",Patiala,147004,31,1.68,15,45,In Stock
17/09/26 14:04,SKU_038,Product_Dairy_38,Dairy/Fresh,198,963,197,"BD Mall, Manjit Nagar (Near Thapar Uni)",Patiala,147004,82,0.9,16,92,In Stock
17/09/26 14:04,SKU_039,Product_Snacks & Beverages_39,Snacks & Beverages,71,1120,65,"BD Mall, Manjit Nagar (Near Thapar Uni)",Patiala,147004,64,1.54,32,49,In Stock
17/09/26 14:04,SKU_040,Product_Snacks & Beverages_40,Snacks & Beverages,241,584,206,"BD Mall, Manjit Nagar (Near Thapar Uni)",Patiala,147004,33,1.84,16,37,In Stock
17/09/26 14:04,SKU_041,Product_Dairy_41,Dairy/Fresh,256,1294,231,"BD Mall, Manjit Nagar (Near Thapar Uni)",Patiala,147004,50,0.93,10,65,In Stock
17/09/26 14:04,SKU_042,Product_Dairy_42,Dairy/Fresh,32,1283,30,"BD Mall, Manjit Nagar (Near Thapar Uni)",Patiala,147004,70,0.84,14,30,In Stock
17/09/26 15:33,SKU_001,Product_Dairy_1,Dairy/Fresh,290,1230,273,"BD Mall, Manjit Nagar (Near Thapar Uni)",Patiala,147004,104,0.53,20,57,In Stock
17/09/26 15:33,SKU_002,Product_Staples_2,Staples,40,221,38,"BD Mall, Manjit Nagar (Near Thapar Uni)",Patiala,147004,27,1.34,13,37,In Stock
17/09/26 15:33,SKU_003,Product_Dairy_3,Dairy/Fresh,107,1496,105,"BD Mall, Manjit Nagar (Near Thapar Uni)",Patiala,147004,141,0.92,28,59,In Stock
17/09/26 15:33,SKU_004,Product_Snacks & Beverages_4,Snacks & Beverages,171,230,161,"BD Mall, Manjit Nagar (Near Thapar Uni)",Patiala,147004,31,1.6,15,29,In Stock
17/09/26 15:33,SKU_005,Product_Dairy_5,Dairy/Fresh,277,443,248,"BD Mall, Manjit Nagar (Near Thapar Uni)",Patiala,147004,118,0.75,23,35,In Stock
17/09/26 15:33,SKU_006,Product_Staples_6,Staples,211,1055,183,"BD Mall, Manjit Nagar (Near Thapar Uni)",Patiala,147004,62,1.38,31,0,Out of Stock
17/09/26 15:33,SKU_007,Product_Dairy_7,Dairy/Fresh,41,352,38,"BD Mall, Manjit Nagar (Near Thapar Uni)",Patiala,147004,54,0.92,10,59,In Stock
17/09/26 15:33,SKU_008,Product_Snacks & Beverages_8,Snacks & Beverages,68,574,60,"BD Mall, Manjit Nagar (Near Thapar Uni)",Patiala,147004,61,1.63,30,40,In Stock
17/09/26 15:33,SKU_009,Product_Snacks & Beverages_9,Snacks & Beverages,189,799,172,"BD Mall, Manjit Nagar (Near Thapar Uni)",Patiala,147004,70,1.38,35,47,In Stock
17/09/26 15:33,SKU_010,Product_Dairy_10,Dairy/Fresh,209,1057,205,"BD Mall, Manjit Nagar (Near Thapar Uni)",Patiala,147004,72,0.58,14,63,In Stock
17/09/26 15:33,SKU_011,Product_Staples_11,Staples,70,1367,63,"BD Mall, Manjit Nagar (Near Thapar Uni)",Patiala,147004,58,1.71,29,65,In Stock
17/09/26 15:33,SKU_012,Product_Snacks & Beverages_12,Snacks & Beverages,150,746,130,"BD Mall, Manjit Nagar (Near Thapar Uni)",Patiala,147004,62,1.85,31,68,In Stock
17/09/26 15:33,SKU_013,Product_Dairy_13,Dairy/Fresh,186,1397,168,"BD Mall, Manjit Nagar (Near Thapar Uni)",Patiala,147004,123,0.9,24,24,In Stock
17/09/26 15:33,SKU_014,Product_Personal Care_14,Personal Care,33,341,33,"BD Mall, Manjit Nagar (Near Thapar Uni)",Patiala,147004,36,1.02,18,44,In Stock
17/09/26 15:33,SKU_015,Product_Dairy_15,Dairy/Fresh,72,997,64,"BD Mall, Manjit Nagar (Near Thapar Uni)",Patiala,147004,132,0.53,26,61,In Stock
17/09/26 15:33,SKU_016,Product_Snacks & Beverages_16,Snacks & Beverages,283,134,268,"BD Mall, Manjit Nagar (Near Thapar Uni)",Patiala,147004,51,1.07,25,56,In Stock
17/09/26 15:33,SKU_017,Product_Personal Care_17,Personal Care,69,1125,59,"BD Mall, Manjit Nagar (Near Thapar Uni)",Patiala,147004,77,1.57,38,78,In Stock
17/09/26 15:33,SKU_018,Product_Snacks & Beverages_18,Snacks & Beverages,73,1229,66,"BD Mall, Manjit Nagar (Near Thapar Uni)",Patiala,147004,48,1.76,24,38,In Stock
17/09/26 15:33,SKU_019,Product_Snacks & Beverages_19,Snacks & Beverages,210,501,188,"BD Mall, Manjit Nagar (Near Thapar Uni)",Patiala,147004,40,1.11,20,50,In Stock
17/09/26 15:33,SKU_020,Product_Staples_20,Staples,181,301,158,"BD Mall, Manjit Nagar (Near Thapar Uni)",Patiala,147004,40,1.84,20,25,In Stock
17/09/26 15:33,SKU_021,Product_Staples_21,Staples,289,915,269,"BD Mall, Manjit Nagar (Near Thapar Uni)",Patiala,147004,59,1.56,29,0,Out of Stock
17/09/26 15:33,SKU_022,Product_Dairy_22,Dairy/Fresh,234,1375,216,"BD Mall, Manjit Nagar (Near Thapar Uni)",Patiala,147004,94,0.95,18,69,In Stock
17/09/26 15:33,SKU_023,Product_Dairy_23,Dairy/Fresh,232,819,221,"BD Mall, Manjit Nagar (Near Thapar Uni)",Patiala,147004,126,0.96,25,106,In Stock
17/09/26 15:33,SKU_024,Product_Staples_24,Staples,72,891,64,"BD Mall, Manjit Nagar (Near Thapar Uni)",Patiala,147004,25,1.08,12,33,In Stock
17/09/26 15:33,SKU_025,Product_Dairy_25,Dairy/Fresh,271,287,240,"BD Mall, Manjit Nagar (Near Thapar Uni)",Patiala,147004,111,0.54,22,52,In Stock
17/09/26 15:33,SKU_026,Product_Snacks & Beverages_26,Snacks & Beverages,60,1280,53,"BD Mall, Manjit Nagar (Near Thapar Uni)",Patiala,147004,69,1.13,34,69,In Stock
17/09/26 15:33,SKU_027,Product_Staples_27,Staples,84,620,74,"BD Mall, Manjit Nagar (Near Thapar Uni)",Patiala,147004,57,1.39,28,36,In Stock
17/09/26 15:33,SKU_028,Product_Staples_28,Staples,155,1186,145,"BD Mall, Manjit Nagar (Near Thapar Uni)",Patiala,147004,56,1.85,28,73,In Stock
17/09/26 15:33,SKU_029,Product_Staples_29,Staples,100,491,91,"BD Mall, Manjit Nagar (Near Thapar Uni)",Patiala,147004,64,1.91,32,34,In Stock
17/09/26 15:33,SKU_030,Product_Staples_30,Staples,280,330,241,"BD Mall, Manjit Nagar (Near Thapar Uni)",Patiala,147004,70,1.51,35,67,In Stock
17/09/26 15:33,SKU_031,Product_Snacks & Beverages_31,Snacks & Beverages,47,234,42,"BD Mall, Manjit Nagar (Near Thapar Uni)",Patiala,147004,73,1.59,36,62,In Stock
17/09/26 15:33,SKU_032,Product_Staples_32,Staples,287,1029,255,"BD Mall, Manjit Nagar (Near Thapar Uni)",Patiala,147004,27,1.71,13,13,In Stock
17/09/26 15:33,SKU_033,Product_Dairy_33,Dairy/Fresh,81,904,77,"BD Mall, Manjit Nagar (Near Thapar Uni)",Patiala,147004,75,0.98,15,58,In Stock
17/09/26 15:33,SKU_034,Product_Staples_34,Staples,233,1060,223,"BD Mall, Manjit Nagar (Near Thapar Uni)",Patiala,147004,68,1.12,34,42,In Stock
17/09/26 15:33,SKU_035,Product_Dairy_35,Dairy/Fresh,150,1128,131,"BD Mall, Manjit Nagar (Near Thapar Uni)",Patiala,147004,103,0.75,20,24,In Stock
17/09/26 15:33,SKU_036,Product_Snacks & Beverages_36,Snacks & Beverages,274,497,274,"BD Mall, Manjit Nagar (Near Thapar Uni)",Patiala,147004,70,1.48,35,49,In Stock
17/09/26 15:33,SKU_037,Product_Snacks & Beverages_37,Snacks & Beverages,226,1138,201,"BD Mall, Manjit Nagar (Near Thapar Uni)",Patiala,147004,30,1.45,15,0,Out of Stock
17/09/26 15:33,SKU_038,Product_Dairy_38,Dairy/Fresh,198,963,197,"BD Mall, Manjit Nagar (Near Thapar Uni)",Patiala,147004,61,0.75,12,56,In Stock
17/09/26 15:33,SKU_039,Product_Snacks & Beverages_39,Snacks & Beverages,71,1120,65,"BD Mall, Manjit Nagar (Near Thapar Uni)",Patiala,147004,68,1.51,34,61,In Stock
17/09/26 15:33,SKU_040,Product_Snacks & Beverages_40,Snacks & Beverages,241,584,206,"BD Mall, Manjit Nagar (Near Thapar Uni)",Patiala,147004,40,1.95,20,32,In Stock
17/09/26 15:33,SKU_041,Product_Dairy_41,Dairy/Fresh,256,1294,231,"BD Mall, Manjit Nagar (Near Thapar Uni)",Patiala,147004,54,0.67,10,33,In Stock
17/09/26 15:33,SKU_042,Product_Dairy_42,Dairy/Fresh,32,1283,30,"BD Mall, Manjit Nagar (Near Thapar Uni)",Patiala,147004,143,0.76,28,130,In Stock
17/09/26 16:21,SKU_001,Product_Dairy_1,Dairy/Fresh,290,1230,273,"BD Mall, Manjit Nagar (Near Thapar Uni)",Patiala,147004,143,0.79,28,87,In Stock
17/09/26 16:21,SKU_002,Product_Staples_2,Staples,40,221,38,"BD Mall, Manjit Nagar (Near Thapar Uni)",Patiala,147004,38,1.72,19,0,Out of Stock
17/09/26 16:21,SKU_003,Product_Dairy_3,Dairy/Fresh,107,1496,105,"BD Mall, Manjit Nagar (Near Thapar Uni)",Patiala,147004,66,0.88,13,49,In Stock
17/09/26 16:21,SKU_004,Product_Snacks & Beverages_4,Snacks & Beverages,171,230,161,"BD Mall, Manjit Nagar (Near Thapar Uni)",Patiala,147004,47,1.68,23,61,In Stock
17/09/26 16:21,SKU_005,Product_Dairy_5,Dairy/Fresh,277,443,248,"BD Mall, Manjit Nagar (Near Thapar Uni)",Patiala,147004,72,0.68,14,87,In Stock
17/09/26 16:21,SKU_006,Product_Staples_6,Staples,211,1055,183,"BD Mall, Manjit Nagar (Near Thapar Uni)",Patiala,147004,36,1.56,18,27,In Stock
17/09/26 16:21,SKU_007,Product_Dairy_7,Dairy/Fresh,41,352,38,"BD Mall, Manjit Nagar (Near Thapar Uni)",Patiala,147004,134,0.88,26,0,Out of Stock
17/09/26 16:21,SKU_008,Product_Snacks & Beverages_8,Snacks & Beverages,68,574,60,"BD Mall, Manjit Nagar (Near Thapar Uni)",Patiala,147004,38,1.82,19,43,In Stock
17/09/26 16:21,SKU_009,Product_Snacks & Beverages_9,Snacks & Beverages,189,799,172,"BD Mall, Manjit Nagar (Near Thapar Uni)",Patiala,147004,75,1.12,37,89,In Stock
17/09/26 16:21,SKU_010,Product_Dairy_10,Dairy/Fresh,209,1057,205,"BD Mall, Manjit Nagar (Near Thapar Uni)",Patiala,147004,124,0.66,24,143,In Stock
17/09/26 16:21,SKU_011,Product_Staples_11,Staples,70,1367,63,"BD Mall, Manjit Nagar (Near Thapar Uni)",Patiala,147004,47,1.41,23,50,In Stock
17/09/26 16:21,SKU_012,Product_Snacks & Beverages_12,Snacks & Beverages,150,746,130,"BD Mall, Manjit Nagar (Near Thapar Uni)",Patiala,147004,21,1.25,10,0,Out of Stock
17/09/26 16:21,SKU_013,Product_Dairy_13,Dairy/Fresh,186,1397,168,"BD Mall, Manjit Nagar (Near Thapar Uni)",Patiala,147004,113,0.58,22,36,In Stock
17/09/26 16:21,SKU_014,Product_Personal Care_14,Personal Care,33,341,33,"BD Mall, Manjit Nagar (Near Thapar Uni)",Patiala,147004,74,1.43,37,42,In Stock
17/09/26 16:21,SKU_015,Product_Dairy_15,Dairy/Fresh,72,997,64,"BD Mall, Manjit Nagar (Near Thapar Uni)",Patiala,147004,87,0.85,17,68,In Stock
17/09/26 16:21,SKU_016,Product_Snacks & Beverages_16,Snacks & Beverages,283,134,268,"BD Mall, Manjit Nagar (Near Thapar Uni)",Patiala,147004,70,1.26,35,46,In Stock
17/09/26 16:21,SKU_017,Product_Personal Care_17,Personal Care,69,1125,59,"BD Mall, Manjit Nagar (Near Thapar Uni)",Patiala,147004,71,1,35,53,In Stock
17/09/26 16:21,SKU_018,Product_Snacks & Beverages_18,Snacks & Beverages,73,1229,66,"BD Mall, Manjit Nagar (Near Thapar Uni)",Patiala,147004,23,1.5,11,0,Out of Stock
17/09/26 16:21,SKU_019,Product_Snacks & Beverages_19,Snacks & Beverages,210,501,188,"BD Mall, Manjit Nagar (Near Thapar Uni)",Patiala,147004,41,1.1,20,30,In Stock
17/09/26 16:21,SKU_020,Product_Staples_20,Staples,181,301,158,"BD Mall, Manjit Nagar (Near Thapar Uni)",Patiala,147004,45,1.75,22,59,In Stock
17/09/26 16:21,SKU_021,Product_Staples_21,Staples,289,915,269,"BD Mall, Manjit Nagar (Near Thapar Uni)",Patiala,147004,68,1.28,34,66,In Stock
17/09/26 16:21,SKU_022,Product_Dairy_22,Dairy/Fresh,234,1375,216,"BD Mall, Manjit Nagar (Near Thapar Uni)",Patiala,147004,100,0.94,20,21,In Stock
17/09/26 16:21,SKU_023,Product_Dairy_23,Dairy/Fresh,232,819,221,"BD Mall, Manjit Nagar (Near Thapar Uni)",Patiala,147004,112,0.54,22,76,In Stock
17/09/26 16:21,SKU_024,Product_Staples_24,Staples,72,891,64,"BD Mall, Manjit Nagar (Near Thapar Uni)",Patiala,147004,77,1.29,38,52,In Stock
17/09/26 16:21,SKU_025,Product_Dairy_25,Dairy/Fresh,271,287,240,"BD Mall, Manjit Nagar (Near Thapar Uni)",Patiala,147004,101,0.96,20,83,In Stock
17/09/26 16:21,SKU_026,Product_Snacks & Beverages_26,Snacks & Beverages,60,1280,53,"BD Mall, Manjit Nagar (Near Thapar Uni)",Patiala,147004,71,1.15,35,70,In Stock
17/09/26 16:21,SKU_027,Product_Staples_27,Staples,84,620,74,"BD Mall, Manjit Nagar (Near Thapar Uni)",Patiala,147004,77,1.65,38,42,In Stock
17/09/26 16:21,SKU_028,Product_Staples_28,Staples,155,1186,145,"BD Mall, Manjit Nagar (Near Thapar Uni)",Patiala,147004,51,1.92,25,39,In Stock
17/09/26 16:21,SKU_029,Product_Staples_29,Staples,100,491,91,"BD Mall, Manjit Nagar (Near Thapar Uni)",Patiala,147004,36,1.68,18,27,In Stock
17/09/26 16:21,SKU_030,Product_Staples_30,Staples,280,330,241,"BD Mall, Manjit Nagar (Near Thapar Uni)",Patiala,147004,60,1.81,30,46,In Stock
17/09/26 16:21,SKU_031,Product_Snacks & Beverages_31,Snacks & Beverages,47,234,42,"BD Mall, Manjit Nagar (Near Thapar Uni)",Patiala,147004,55,1.11,27,60,In Stock
17/09/26 16:21,SKU_032,Product_Staples_32,Staples,287,1029,255,"BD Mall, Manjit Nagar (Near Thapar Uni)",Patiala,147004,74,1.25,37,88,In Stock
17/09/26 16:21,SKU_033,Product_Dairy_33,Dairy/Fresh,81,904,77,"BD Mall, Manjit Nagar (Near Thapar Uni)",Patiala,147004,54,0.83,10,33,In Stock
17/09/26 16:21,SKU_034,Product_Staples_34,Staples,233,1060,223,"BD Mall, Manjit Nagar (Near Thapar Uni)",Patiala,147004,65,1.72,32,41,In Stock
17/09/26 16:21,SKU_035,Product_Dairy_35,Dairy/Fresh,150,1128,131,"BD Mall, Manjit Nagar (Near Thapar Uni)",Patiala,147004,53,0.74,10,61,In Stock
17/09/26 16:21,SKU_036,Product_Snacks & Beverages_36,Snacks & Beverages,274,497,274,"BD Mall, Manjit Nagar (Near Thapar Uni)",Patiala,147004,77,1.66,38,67,In Stock
17/09/26 16:21,SKU_037,Product_Snacks & Beverages_37,Snacks & Beverages,226,1138,201,"BD Mall, Manjit Nagar (Near Thapar Uni)",Patiala,147004,79,1.41,39,41,In Stock
17/09/26 16:21,SKU_038,Product_Dairy_38,Dairy/Fresh,198,963,197,"BD Mall, Manjit Nagar (Near Thapar Uni)",Patiala,147004,66,0.9,13,63,In Stock
17/09/26 16:21,SKU_039,Product_Snacks & Beverages_39,Snacks & Beverages,71,1120,65,"BD Mall, Manjit Nagar (Near Thapar Uni)",Patiala,147004,65,1.78,32,68,In Stock
17/09/26 16:21,SKU_040,Product_Snacks & Beverages_40,Snacks & Beverages,241,584,206,"BD Mall, Manjit Nagar (Near Thapar Uni)",Patiala,147004,59,1.68,29,31,In Stock
17/09/26 16:21,SKU_041,Product_Dairy_41,Dairy/Fresh,256,1294,231,"BD Mall, Manjit Nagar (Near Thapar Uni)",Patiala,147004,133,0.69,26,129,In Stock
17/09/26 16:21,SKU_042,Product_Dairy_42,Dairy/Fresh,32,1283,30,"BD Mall, Manjit Nagar (Near Thapar Uni)",Patiala,147004,137,0.93,27,31,In Stock
17/09/26 17:47,SKU_001,Product_Dairy_1,Dairy/Fresh,290,1230,273,"BD Mall, Manjit Nagar (Near Thapar Uni)",Patiala,147004,118,0.87,23,50,In Stock
17/09/26 17:47,SKU_002,Product_Staples_2,Staples,40,221,38,"BD Mall, Manjit Nagar (Near Thapar Uni)",Patiala,147004,20,1.29,10,39,In Stock
17/09/26 17:47,SKU_003,Product_Dairy_3,Dairy/Fresh,107,1496,105,"BD Mall, Manjit Nagar (Near Thapar Uni)",Patiala,147004,55,0.56,11,54,In Stock
17/09/26 17:47,SKU_004,Product_Snacks & Beverages_4,Snacks & Beverages,171,230,161,"BD Mall, Manjit Nagar (Near Thapar Uni)",Patiala,147004,37,1.8,18,31,In Stock
17/09/26 17:47,SKU_005,Product_Dairy_5,Dairy/Fresh,277,443,248,"BD Mall, Manjit Nagar (Near Thapar Uni)",Patiala,147004,115,0.96,23,125,In Stock
17/09/26 17:47,SKU_006,Product_Staples_6,Staples,211,1055,183,"BD Mall, Manjit Nagar (Near Thapar Uni)",Patiala,147004,59,1.13,29,39,In Stock
17/09/26 17:47,SKU_007,Product_Dairy_7,Dairy/Fresh,41,352,38,"BD Mall, Manjit Nagar (Near Thapar Uni)",Patiala,147004,92,0.77,18,89,In Stock
17/09/26 17:47,SKU_008,Product_Snacks & Beverages_8,Snacks & Beverages,68,574,60,"BD Mall, Manjit Nagar (Near Thapar Uni)",Patiala,147004,31,1.66,15,22,In Stock
17/09/26 17:47,SKU_009,Product_Snacks & Beverages_9,Snacks & Beverages,189,799,172,"BD Mall, Manjit Nagar (Near Thapar Uni)",Patiala,147004,27,1.39,13,24,In Stock
17/09/26 17:47,SKU_010,Product_Dairy_10,Dairy/Fresh,209,1057,205,"BD Mall, Manjit Nagar (Near Thapar Uni)",Patiala,147004,104,0.9,20,34,In Stock
17/09/26 17:47,SKU_011,Product_Staples_11,Staples,70,1367,63,"BD Mall, Manjit Nagar (Near Thapar Uni)",Patiala,147004,35,1.95,17,35,In Stock
17/09/26 17:47,SKU_012,Product_Snacks & Beverages_12,Snacks & Beverages,150,746,130,"BD Mall, Manjit Nagar (Near Thapar Uni)",Patiala,147004,69,1.81,34,81,In Stock
17/09/26 17:47,SKU_013,Product_Dairy_13,Dairy/Fresh,186,1397,168,"BD Mall, Manjit Nagar (Near Thapar Uni)",Patiala,147004,124,0.56,24,0,Out of Stock
17/09/26 17:47,SKU_014,Product_Personal Care_14,Personal Care,33,341,33,"BD Mall, Manjit Nagar (Near Thapar Uni)",Patiala,147004,57,1.79,28,55,In Stock
17/09/26 17:47,SKU_015,Product_Dairy_15,Dairy/Fresh,72,997,64,"BD Mall, Manjit Nagar (Near Thapar Uni)",Patiala,147004,57,0.97,11,17,In Stock
17/09/26 17:47,SKU_016,Product_Snacks & Beverages_16,Snacks & Beverages,283,134,268,"BD Mall, Manjit Nagar (Near Thapar Uni)",Patiala,147004,46,1.17,23,62,In Stock
17/09/26 17:47,SKU_017,Product_Personal Care_17,Personal Care,69,1125,59,"BD Mall, Manjit Nagar (Near Thapar Uni)",Patiala,147004,28,1.03,14,20,In Stock
17/09/26 17:47,SKU_018,Product_Snacks & Beverages_18,Snacks & Beverages,73,1229,66,"BD Mall, Manjit Nagar (Near Thapar Uni)",Patiala,147004,66,1.39,33,62,In Stock
17/09/26 17:47,SKU_019,Product_Snacks & Beverages_19,Snacks & Beverages,210,501,188,"BD Mall, Manjit Nagar (Near Thapar Uni)",Patiala,147004,35,1.9,17,34,In Stock
17/09/26 17:47,SKU_020,Product_Staples_20,Staples,181,301,158,"BD Mall, Manjit Nagar (Near Thapar Uni)",Patiala,147004,75,1.24,37,60,In Stock
17/09/26 17:47,SKU_021,Product_Staples_21,Staples,289,915,269,"BD Mall, Manjit Nagar (Near Thapar Uni)",Patiala,147004,31,1.21,15,20,In Stock
17/09/26 17:47,SKU_022,Product_Dairy_22,Dairy/Fresh,234,1375,216,"BD Mall, Manjit Nagar (Near Thapar Uni)",Patiala,147004,116,0.86,23,80,In Stock
17/09/26 17:47,SKU_023,Product_Dairy_23,Dairy/Fresh,232,819,221,"BD Mall, Manjit Nagar (Near Thapar Uni)",Patiala,147004,76,0.6,15,82,In Stock
17/09/26 17:47,SKU_024,Product_Staples_24,Staples,72,891,64,"BD Mall, Manjit Nagar (Near Thapar Uni)",Patiala,147004,74,1.79,37,91,In Stock
17/09/26 17:47,SKU_025,Product_Dairy_25,Dairy/Fresh,271,287,240,"BD Mall, Manjit Nagar (Near Thapar Uni)",Patiala,147004,81,0.75,16,82,In Stock
17/09/26 17:47,SKU_026,Product_Snacks & Beverages_26,Snacks & Beverages,60,1280,53,"BD Mall, Manjit Nagar (Near Thapar Uni)",Patiala,147004,64,1.04,32,80,In Stock
17/09/26 17:47,SKU_027,Product_Staples_27,Staples,84,620,74,"BD Mall, Manjit Nagar (Near Thapar Uni)",Patiala,147004,44,1.92,22,0,Out of Stock
17/09/26 17:47,SKU_028,Product_Staples_28,Staples,155,1186,145,"BD Mall, Manjit Nagar (Near Thapar Uni)",Patiala,147004,53,1.14,26,51,In Stock
17/09/26 17:47,SKU_029,Product_Staples_29,Staples,100,491,91,"BD Mall, Manjit Nagar (Near Thapar Uni)",Patiala,147004,22,1.55,11,22,In Stock
17/09/26 17:47,SKU_030,Product_Staples_30,Staples,280,330,241,"BD Mall, Manjit Nagar (Near Thapar Uni)",Patiala,147004,77,1.27,38,88,In Stock
17/09/26 17:47,SKU_031,Product_Snacks & Beverages_31,Snacks & Beverages,47,234,42,"BD Mall, Manjit Nagar (Near Thapar Uni)",Patiala,147004,43,1.07,21,58,In Stock
17/09/26 17:47,SKU_032,Product_Staples_32,Staples,287,1029,255,"BD Mall, Manjit Nagar (Near Thapar Uni)",Patiala,147004,73,1.05,36,46,In Stock
17/09/26 17:47,SKU_033,Product_Dairy_33,Dairy/Fresh,81,904,77,"BD Mall, Manjit Nagar (Near Thapar Uni)",Patiala,147004,141,0.9,28,120,In Stock
17/09/26 17:47,SKU_034,Product_Staples_34,Staples,233,1060,223,"BD Mall, Manjit Nagar (Near Thapar Uni)",Patiala,147004,28,1.07,14,33,In Stock
17/09/26 17:47,SKU_035,Product_Dairy_35,Dairy/Fresh,150,1128,131,"BD Mall, Manjit Nagar (Near Thapar Uni)",Patiala,147004,110,0.78,22,31,In Stock
17/09/26 17:47,SKU_036,Product_Snacks & Beverages_36,Snacks & Beverages,274,497,274,"BD Mall, Manjit Nagar (Near Thapar Uni)",Patiala,147004,39,1.49,19,44,In Stock
17/09/26 17:47,SKU_037,Product_Snacks & Beverages_37,Snacks & Beverages,226,1138,201,"BD Mall, Manjit Nagar (Near Thapar Uni)",Patiala,147004,59,1.34,29,76,In Stock
17/09/26 17:47,SKU_038,Product_Dairy_38,Dairy/Fresh,198,963,197,"BD Mall, Manjit Nagar (Near Thapar Uni)",Patiala,147004,119,0.57,23,113,In Stock
17/09/26 17:47,SKU_039,Product_Snacks & Beverages_39,Snacks & Beverages,71,1120,65,"BD Mall, Manjit Nagar (Near Thapar Uni)",Patiala,147004,38,1.93,19,32,In Stock
17/09/26 17:47,SKU_040,Product_Snacks & Beverages_40,Snacks & Beverages,241,584,206,"BD Mall, Manjit Nagar (Near Thapar Uni)",Patiala,147004,22,1.91,11,14,In Stock
17/09/26 17:47,SKU_041,Product_Dairy_41,Dairy/Fresh,256,1294,231,"BD Mall, Manjit Nagar (Near Thapar Uni)",Patiala,147004,61,0.82,12,70,In Stock
17/09/26 17:47,SKU_042,Product_Dairy_42,Dairy/Fresh,32,1283,30,"BD Mall, Manjit Nagar (Near Thapar Uni)",Patiala,147004,139,0.67,27,38,In Stock
17/09/26 18:32,SKU_001,Product_Dairy_1,Dairy/Fresh,290,1230,273,"BD Mall, Manjit Nagar (Near Thapar Uni)",Patiala,147004,95,0.95,19,41,In Stock
17/09/26 18:32,SKU_002,Product_Staples_2,Staples,40,221,38,"BD Mall, Manjit Nagar (Near Thapar Uni)",Patiala,147004,77,1.38,38,0,Out of Stock
17/09/26 18:32,SKU_003,Product_Dairy_3,Dairy/Fresh,107,1496,105,"BD Mall, Manjit Nagar (Near Thapar Uni)",Patiala,147004,98,0.54,19,90,In Stock
17/09/26 18:32,SKU_004,Product_Snacks & Beverages_4,Snacks & Beverages,171,230,161,"BD Mall, Manjit Nagar (Near Thapar Uni)",Patiala,147004,35,1.62,17,25,In Stock
17/09/26 18:32,SKU_005,Product_Dairy_5,Dairy/Fresh,277,443,248,"BD Mall, Manjit Nagar (Near Thapar Uni)",Patiala,147004,139,0.88,27,121,In Stock
17/09/26 18:32,SKU_006,Product_Staples_6,Staples,211,1055,183,"BD Mall, Manjit Nagar (Near Thapar Uni)",Patiala,147004,34,1.4,17,41,In Stock
17/09/26 18:32,SKU_007,Product_Dairy_7,Dairy/Fresh,41,352,38,"BD Mall, Manjit Nagar (Near Thapar Uni)",Patiala,147004,76,0.75,15,31,In Stock
17/09/26 18:32,SKU_008,Product_Snacks & Beverages_8,Snacks & Beverages,68,574,60,"BD Mall, Manjit Nagar (Near Thapar Uni)",Patiala,147004,31,1.82,15,43,In Stock
17/09/26 18:32,SKU_009,Product_Snacks & Beverages_9,Snacks & Beverages,189,799,172,"BD Mall, Manjit Nagar (Near Thapar Uni)",Patiala,147004,60,1.43,30,0,Out of Stock
17/09/26 18:32,SKU_010,Product_Dairy_10,Dairy/Fresh,209,1057,205,"BD Mall, Manjit Nagar (Near Thapar Uni)",Patiala,147004,96,0.71,19,103,In Stock
17/09/26 18:32,SKU_011,Product_Staples_11,Staples,70,1367,63,"BD Mall, Manjit Nagar (Near Thapar Uni)",Patiala,147004,63,1.27,31,0,Out of Stock
17/09/26 18:32,SKU_012,Product_Snacks & Beverages_12,Snacks & Beverages,150,746,130,"BD Mall, Manjit Nagar (Near Thapar Uni)",Patiala,147004,45,1.1,22,0,Out of Stock
17/09/26 18:32,SKU_013,Product_Dairy_13,Dairy/Fresh,186,1397,168,"BD Mall, Manjit Nagar (Near Thapar Uni)",Patiala,147004,143,0.84,28,66,In Stock
17/09/26 18:32,SKU_014,Product_Personal Care_14,Personal Care,33,341,33,"BD Mall, Manjit Nagar (Near Thapar Uni)",Patiala,147004,53,1.4,26,0,Out of Stock
17/09/26 18:32,SKU_015,Product_Dairy_15,Dairy/Fresh,72,997,64,"BD Mall, Manjit Nagar (Near Thapar Uni)",Patiala,147004,97,0.54,19,0,Out of Stock
17/09/26 18:32,SKU_016,Product_Snacks & Beverages_16,Snacks & Beverages,283,134,268,"BD Mall, Manjit Nagar (Near Thapar Uni)",Patiala,147004,50,1.81,25,55,In Stock
17/09/26 18:32,SKU_017,Product_Personal Care_17,Personal Care,69,1125,59,"BD Mall, Manjit Nagar (Near Thapar Uni)",Patiala,147004,69,1.36,34,0,Out of Stock
17/09/26 18:32,SKU_018,Product_Snacks & Beverages_18,Snacks & Beverages,73,1229,66,"BD Mall, Manjit Nagar (Near Thapar Uni)",Patiala,147004,39,1.58,19,0,Out of Stock
17/09/26 18:32,SKU_019,Product_Snacks & Beverages_19,Snacks & Beverages,210,501,188,"BD Mall, Manjit Nagar (Near Thapar Uni)",Patiala,147004,31,1.07,15,0,Out of Stock
17/09/26 18:32,SKU_020,Product_Staples_20,Staples,181,301,158,"BD Mall, Manjit Nagar (Near Thapar Uni)",Patiala,147004,42,1.17,21,0,Out of Stock
17/09/26 18:32,SKU_021,Product_Staples_21,Staples,289,915,269,"BD Mall, Manjit Nagar (Near Thapar Uni)",Patiala,147004,23,1.89,11,0,Out of Stock
17/09/26 18:32,SKU_022,Product_Dairy_22,Dairy/Fresh,234,1375,216,"BD Mall, Manjit Nagar (Near Thapar Uni)",Patiala,147004,148,0.66,29,167,In Stock
17/09/26 18:32,SKU_023,Product_Dairy_23,Dairy/Fresh,232,819,221,"BD Mall, Manjit Nagar (Near Thapar Uni)",Patiala,147004,101,0.57,20,0,Out of Stock
17/09/26 18:32,SKU_024,Product_Staples_24,Staples,72,891,64,"BD Mall, Manjit Nagar (Near Thapar Uni)",Patiala,147004,74,2,37,80,In Stock
17/09/26 18:32,SKU_025,Product_Dairy_25,Dairy/Fresh,271,287,240,"BD Mall, Manjit Nagar (Near Thapar Uni)",Patiala,147004,96,0.79,19,0,Out of Stock
17/09/26 18:32,SKU_026,Product_Snacks & Beverages_26,Snacks & Beverages,60,1280,53,"BD Mall, Manjit Nagar (Near Thapar Uni)",Patiala,147004,20,1.3,10,16,In Stock
17/09/26 18:32,SKU_027,Product_Staples_27,Staples,84,620,74,"BD Mall, Manjit Nagar (Near Thapar Uni)",Patiala,147004,73,1.86,36,79,In Stock
17/09/26 18:32,SKU_028,Product_Staples_28,Staples,155,1186,145,"BD Mall, Manjit Nagar (Near Thapar Uni)",Patiala,147004,44,2,22,54,In Stock
17/09/26 18:32,SKU_029,Product_Staples_29,Staples,100,491,91,"BD Mall, Manjit Nagar (Near Thapar Uni)",Patiala,147004,21,1.63,10,31,In Stock
17/09/26 18:32,SKU_030,Product_Staples_30,Staples,280,330,241,"BD Mall, Manjit Nagar (Near Thapar Uni)",Patiala,147004,49,1.8,24,59,In Stock
17/09/26 18:32,SKU_031,Product_Snacks & Beverages_31,Snacks & Beverages,47,234,42,"BD Mall, Manjit Nagar (Near Thapar Uni)",Patiala,147004,22,1.78,11,0,Out of Stock
17/09/26 18:32,SKU_032,Product_Staples_32,Staples,287,1029,255,"BD Mall, Manjit Nagar (Near Thapar Uni)",Patiala,147004,77,1.36,38,84,In Stock
17/09/26 18:32,SKU_033,Product_Dairy_33,Dairy/Fresh,81,904,77,"BD Mall, Manjit Nagar (Near Thapar Uni)",Patiala,147004,137,0.58,27,154,In Stock
17/09/26 18:32,SKU_034,Product_Staples_34,Staples,233,1060,223,"BD Mall, Manjit Nagar (Near Thapar Uni)",Patiala,147004,44,1.83,22,0,Out of Stock
17/09/26 18:32,SKU_035,Product_Dairy_35,Dairy/Fresh,150,1128,131,"BD Mall, Manjit Nagar (Near Thapar Uni)",Patiala,147004,75,0.67,15,0,Out of Stock
17/09/26 18:32,SKU_036,Product_Snacks & Beverages_36,Snacks & Beverages,274,497,274,"BD Mall, Manjit Nagar (Near Thapar Uni)",Patiala,147004,68,1.02,34,0,Out of Stock
17/09/26 18:32,SKU_037,Product_Snacks & Beverages_37,Snacks & Beverages,226,1138,201,"BD Mall, Manjit Nagar (Near Thapar Uni)",Patiala,147004,71,1.34,35,49,In Stock
17/09/26 18:32,SKU_038,Product_Dairy_38,Dairy/Fresh,198,963,197,"BD Mall, Manjit Nagar (Near Thapar Uni)",Patiala,147004,105,0.53,21,0,Out of Stock
17/09/26 18:32,SKU_039,Product_Snacks & Beverages_39,Snacks & Beverages,71,1120,65,"BD Mall, Manjit Nagar (Near Thapar Uni)",Patiala,147004,40,1.23,20,0,Out of Stock
17/09/26 18:32,SKU_040,Product_Snacks & Beverages_40,Snacks & Beverages,241,584,206,"BD Mall, Manjit Nagar (Near Thapar Uni)",Patiala,147004,52,1.91,26,33,In Stock
17/09/26 18:32,SKU_041,Product_Dairy_41,Dairy/Fresh,256,1294,231,"BD Mall, Manjit Nagar (Near Thapar Uni)",Patiala,147004,72,0.82,14,78,In Stock
17/09/26 18:32,SKU_042,Product_Dairy_42,Dairy/Fresh,32,1283,30,"BD Mall, Manjit Nagar (Near Thapar Uni)",Patiala,147004,67,0.63,13,0,Out of Stock
17/09/26 19:59,SKU_001,Product_Dairy_1,Dairy/Fresh,290,1230,273,"BD Mall, Manjit Nagar (Near Thapar Uni)",Patiala,147004,87,0.78,17,0,Out of Stock
17/09/26 19:59,SKU_002,Product_Staples_2,Staples,40,221,38,"BD Mall, Manjit Nagar (Near Thapar Uni)",Patiala,147004,77,1.62,38,61,In Stock
17/09/26 19:59,SKU_003,Product_Dairy_3,Dairy/Fresh,107,1496,105,"BD Mall, Manjit Nagar (Near Thapar Uni)",Patiala,147004,64,0.83,12,54,In Stock
17/09/26 19:59,SKU_004,Product_Snacks & Beverages_4,Snacks & Beverages,171,230,161,"BD Mall, Manjit Nagar (Near Thapar Uni)",Patiala,147004,65,1.22,32,35,In Stock
17/09/26 19:59,SKU_005,Product_Dairy_5,Dairy/Fresh,277,443,248,"BD Mall, Manjit Nagar (Near Thapar Uni)",Patiala,147004,138,0.93,27,97,In Stock
17/09/26 19:59,SKU_006,Product_Staples_6,Staples,211,1055,183,"BD Mall, Manjit Nagar (Near Thapar Uni)",Patiala,147004,34,1.24,17,28,In Stock
17/09/26 19:59,SKU_007,Product_Dairy_7,Dairy/Fresh,41,352,38,"BD Mall, Manjit Nagar (Near Thapar Uni)",Patiala,147004,123,0.85,24,0,Out of Stock
17/09/26 19:59,SKU_008,Product_Snacks & Beverages_8,Snacks & Beverages,68,574,60,"BD Mall, Manjit Nagar (Near Thapar Uni)",Patiala,147004,44,1.27,22,34,In Stock
17/09/26 19:59,SKU_009,Product_Snacks & Beverages_9,Snacks & Beverages,189,799,172,"BD Mall, Manjit Nagar (Near Thapar Uni)",Patiala,147004,40,1.95,20,35,In Stock
17/09/26 19:59,SKU_010,Product_Dairy_10,Dairy/Fresh,209,1057,205,"BD Mall, Manjit Nagar (Near Thapar Uni)",Patiala,147004,66,0.68,13,18,In Stock
17/09/26 19:59,SKU_011,Product_Staples_11,Staples,70,1367,63,"BD Mall, Manjit Nagar (Near Thapar Uni)",Patiala,147004,76,1.06,38,51,In Stock
17/09/26 19:59,SKU_012,Product_Snacks & Beverages_12,Snacks & Beverages,150,746,130,"BD Mall, Manjit Nagar (Near Thapar Uni)",Patiala,147004,77,1.73,38,88,In Stock
17/09/26 19:59,SKU_013,Product_Dairy_13,Dairy/Fresh,186,1397,168,"BD Mall, Manjit Nagar (Near Thapar Uni)",Patiala,147004,93,0.9,18,0,Out of Stock
17/09/26 19:59,SKU_014,Product_Personal Care_14,Personal Care,33,341,33,"BD Mall, Manjit Nagar (Near Thapar Uni)",Patiala,147004,25,1.65,12,0,Out of Stock
17/09/26 19:59,SKU_015,Product_Dairy_15,Dairy/Fresh,72,997,64,"BD Mall, Manjit Nagar (Near Thapar Uni)",Patiala,147004,66,0.84,13,0,Out of Stock
17/09/26 19:59,SKU_016,Product_Snacks & Beverages_16,Snacks & Beverages,283,134,268,"BD Mall, Manjit Nagar (Near Thapar Uni)",Patiala,147004,62,1.57,31,65,In Stock
17/09/26 19:59,SKU_017,Product_Personal Care_17,Personal Care,69,1125,59,"BD Mall, Manjit Nagar (Near Thapar Uni)",Patiala,147004,67,1.77,33,0,Out of Stock
17/09/26 19:59,SKU_018,Product_Snacks & Beverages_18,Snacks & Beverages,73,1229,66,"BD Mall, Manjit Nagar (Near Thapar Uni)",Patiala,147004,63,1.93,31,40,In Stock
17/09/26 19:59,SKU_019,Product_Snacks & Beverages_19,Snacks & Beverages,210,501,188,"BD Mall, Manjit Nagar (Near Thapar Uni)",Patiala,147004,66,1.26,33,0,Out of Stock
17/09/26 19:59,SKU_020,Product_Staples_20,Staples,181,301,158,"BD Mall, Manjit Nagar (Near Thapar Uni)",Patiala,147004,42,1.33,21,0,Out of Stock
17/09/26 19:59,SKU_021,Product_Staples_21,Staples,289,915,269,"BD Mall, Manjit Nagar (Near Thapar Uni)",Patiala,147004,23,1.46,11,0,Out of Stock
17/09/26 19:59,SKU_022,Product_Dairy_22,Dairy/Fresh,234,1375,216,"BD Mall, Manjit Nagar (Near Thapar Uni)",Patiala,147004,67,0.65,13,67,In Stock
17/09/26 19:59,SKU_023,Product_Dairy_23,Dairy/Fresh,232,819,221,"BD Mall, Manjit Nagar (Near Thapar Uni)",Patiala,147004,149,0.79,29,99,In Stock
17/09/26 19:59,SKU_024,Product_Staples_24,Staples,72,891,64,"BD Mall, Manjit Nagar (Near Thapar Uni)",Patiala,147004,40,1.09,20,37,In Stock
17/09/26 19:59,SKU_025,Product_Dairy_25,Dairy/Fresh,271,287,240,"BD Mall, Manjit Nagar (Near Thapar Uni)",Patiala,147004,83,0.69,16,98,In Stock
17/09/26 19:59,SKU_026,Product_Snacks & Beverages_26,Snacks & Beverages,60,1280,53,"BD Mall, Manjit Nagar (Near Thapar Uni)",Patiala,147004,54,1.5,27,41,In Stock
17/09/26 19:59,SKU_027,Product_Staples_27,Staples,84,620,74,"BD Mall, Manjit Nagar (Near Thapar Uni)",Patiala,147004,41,1.11,20,0,Out of Stock
17/09/26 19:59,SKU_028,Product_Staples_28,Staples,155,1186,145,"BD Mall, Manjit Nagar (Near Thapar Uni)",Patiala,147004,59,1.35,29,0,Out of Stock
17/09/26 19:59,SKU_029,Product_Staples_29,Staples,100,491,91,"BD Mall, Manjit Nagar (Near Thapar Uni)",Patiala,147004,42,1.15,21,0,Out of Stock
17/09/26 19:59,SKU_030,Product_Staples_30,Staples,280,330,241,"BD Mall, Manjit Nagar (Near Thapar Uni)",Patiala,147004,22,1.64,11,39,In Stock
17/09/26 19:59,SKU_031,Product_Snacks & Beverages_31,Snacks & Beverages,47,234,42,"BD Mall, Manjit Nagar (Near Thapar Uni)",Patiala,147004,59,1.95,29,0,Out of Stock
17/09/26 19:59,SKU_032,Product_Staples_32,Staples,287,1029,255,"BD Mall, Manjit Nagar (Near Thapar Uni)",Patiala,147004,69,2,34,0,Out of Stock
17/09/26 19:59,SKU_033,Product_Dairy_33,Dairy/Fresh,81,904,77,"BD Mall, Manjit Nagar (Near Thapar Uni)",Patiala,147004,75,0.55,15,68,In Stock
17/09/26 19:59,SKU_034,Product_Staples_34,Staples,233,1060,223,"BD Mall, Manjit Nagar (Near Thapar Uni)",Patiala,147004,44,1.6,22,51,In Stock
17/09/26 19:59,SKU_035,Product_Dairy_35,Dairy/Fresh,150,1128,131,"BD Mall, Manjit Nagar (Near Thapar Uni)",Patiala,147004,147,0.85,29,48,In Stock
17/09/26 19:59,SKU_036,Product_Snacks & Beverages_36,Snacks & Beverages,274,497,274,"BD Mall, Manjit Nagar (Near Thapar Uni)",Patiala,147004,68,1.12,34,65,In Stock
17/09/26 19:59,SKU_037,Product_Snacks & Beverages_37,Snacks & Beverages,226,1138,201,"BD Mall, Manjit Nagar (Near Thapar Uni)",Patiala,147004,27,1.69,13,37,In Stock
17/09/26 19:59,SKU_038,Product_Dairy_38,Dairy/Fresh,198,963,197,"BD Mall, Manjit Nagar (Near Thapar Uni)",Patiala,147004,108,0.71,21,107,In Stock
17/09/26 19:59,SKU_039,Product_Snacks & Beverages_39,Snacks & Beverages,71,1120,65,"BD Mall, Manjit Nagar (Near Thapar Uni)",Patiala,147004,30,1.21,15,0,Out of Stock
17/09/26 19:59,SKU_040,Product_Snacks & Beverages_40,Snacks & Beverages,241,584,206,"BD Mall, Manjit Nagar (Near Thapar Uni)",Patiala,147004,24,1.4,12,29,In Stock
17/09/26 19:59,SKU_041,Product_Dairy_41,Dairy/Fresh,256,1294,231,"BD Mall, Manjit Nagar (Near Thapar Uni)",Patiala,147004,102,0.62,20,60,In Stock
17/09/26 19:59,SKU_042,Product_Dairy_42,Dairy/Fresh,32,1283,30,"BD Mall, Manjit Nagar (Near Thapar Uni)",Patiala,147004,71,0.65,14,0,Out of Stock
17/09/26 20:05,SKU_001,Product_Dairy_1,Dairy/Fresh,290,1230,273,"BD Mall, Manjit Nagar (Near Thapar Uni)",Patiala,147004,70,0.89,14,70,In Stock
17/09/26 20:05,SKU_002,Product_Staples_2,Staples,40,221,38,"BD Mall, Manjit Nagar (Near Thapar Uni)",Patiala,147004,74,1.31,37,63,In Stock
17/09/26 20:05,SKU_003,Product_Dairy_3,Dairy/Fresh,107,1496,105,"BD Mall, Manjit Nagar (Near Thapar Uni)",Patiala,147004,119,0.91,23,0,Out of Stock
17/09/26 20:05,SKU_004,Product_Snacks & Beverages_4,Snacks & Beverages,171,230,161,"BD Mall, Manjit Nagar (Near Thapar Uni)",Patiala,147004,75,1.86,37,78,In Stock
17/09/26 20:05,SKU_005,Product_Dairy_5,Dairy/Fresh,277,443,248,"BD Mall, Manjit Nagar (Near Thapar Uni)",Patiala,147004,143,0.8,28,0,Out of Stock
17/09/26 20:05,SKU_006,Product_Staples_6,Staples,211,1055,183,"BD Mall, Manjit Nagar (Near Thapar Uni)",Patiala,147004,64,1.57,32,36,In Stock
17/09/26 20:05,SKU_007,Product_Dairy_7,Dairy/Fresh,41,352,38,"BD Mall, Manjit Nagar (Near Thapar Uni)",Patiala,147004,111,0.67,22,100,In Stock
17/09/26 20:05,SKU_008,Product_Snacks & Beverages_8,Snacks & Beverages,68,574,60,"BD Mall, Manjit Nagar (Near Thapar Uni)",Patiala,147004,48,1.41,24,65,In Stock
17/09/26 20:05,SKU_009,Product_Snacks & Beverages_9,Snacks & Beverages,189,799,172,"BD Mall, Manjit Nagar (Near Thapar Uni)",Patiala,147004,24,1.19,12,0,Out of Stock
17/09/26 20:05,SKU_010,Product_Dairy_10,Dairy/Fresh,209,1057,205,"BD Mall, Manjit Nagar (Near Thapar Uni)",Patiala,147004,144,0.9,28,0,Out of Stock
17/09/26 20:05,SKU_011,Product_Staples_11,Staples,70,1367,63,"BD Mall, Manjit Nagar (Near Thapar Uni)",Patiala,147004,78,1.13,39,0,Out of Stock
17/09/26 20:05,SKU_012,Product_Snacks & Beverages_12,Snacks & Beverages,150,746,130,"BD Mall, Manjit Nagar (Near Thapar Uni)",Patiala,147004,67,1.1,33,0,Out of Stock
17/09/26 20:05,SKU_013,Product_Dairy_13,Dairy/Fresh,186,1397,168,"BD Mall, Manjit Nagar (Near Thapar Uni)",Patiala,147004,58,0.97,11,0,Out of Stock
17/09/26 20:05,SKU_014,Product_Personal Care_14,Personal Care,33,341,33,"BD Mall, Manjit Nagar (Near Thapar Uni)",Patiala,147004,20,1.21,10,37,In Stock
17/09/26 20:05,SKU_015,Product_Dairy_15,Dairy/Fresh,72,997,64,"BD Mall, Manjit Nagar (Near Thapar Uni)",Patiala,147004,80,0.58,16,30,In Stock
17/09/26 20:05,SKU_016,Product_Snacks & Beverages_16,Snacks & Beverages,283,134,268,"BD Mall, Manjit Nagar (Near Thapar Uni)",Patiala,147004,79,1.48,39,76,In Stock
17/09/26 20:05,SKU_017,Product_Personal Care_17,Personal Care,69,1125,59,"BD Mall, Manjit Nagar (Near Thapar Uni)",Patiala,147004,70,1.45,35,35,In Stock
17/09/26 20:05,SKU_018,Product_Snacks & Beverages_18,Snacks & Beverages,73,1229,66,"BD Mall, Manjit Nagar (Near Thapar Uni)",Patiala,147004,49,1.71,24,47,In Stock
17/09/26 20:05,SKU_019,Product_Snacks & Beverages_19,Snacks & Beverages,210,501,188,"BD Mall, Manjit Nagar (Near Thapar Uni)",Patiala,147004,30,1.62,15,36,In Stock
17/09/26 20:05,SKU_020,Product_Staples_20,Staples,181,301,158,"BD Mall, Manjit Nagar (Near Thapar Uni)",Patiala,147004,47,1.64,23,0,Out of Stock
17/09/26 20:05,SKU_021,Product_Staples_21,Staples,289,915,269,"BD Mall, Manjit Nagar (Near Thapar Uni)",Patiala,147004,63,1.71,31,44,In Stock
17/09/26 20:05,SKU_022,Product_Dairy_22,Dairy/Fresh,234,1375,216,"BD Mall, Manjit Nagar (Near Thapar Uni)",Patiala,147004,133,0.56,26,27,In Stock
17/09/26 20:05,SKU_023,Product_Dairy_23,Dairy/Fresh,232,819,221,"BD Mall, Manjit Nagar (Near Thapar Uni)",Patiala,147004,141,0.79,28,88,In Stock
17/09/26 20:05,SKU_024,Product_Staples_24,Staples,72,891,64,"BD Mall, Manjit Nagar (Near Thapar Uni)",Patiala,147004,45,1.44,22,53,In Stock
17/09/26 20:05,SKU_025,Product_Dairy_25,Dairy/Fresh,271,287,240,"BD Mall, Manjit Nagar (Near Thapar Uni)",Patiala,147004,53,0.74,10,57,In Stock
17/09/26 20:05,SKU_026,Product_Snacks & Beverages_26,Snacks & Beverages,60,1280,53,"BD Mall, Manjit Nagar (Near Thapar Uni)",Patiala,147004,78,1.98,39,0,Out of Stock
17/09/26 20:05,SKU_027,Product_Staples_27,Staples,84,620,74,"BD Mall, Manjit Nagar (Near Thapar Uni)",Patiala,147004,27,1.81,13,0,Out of Stock
17/09/26 20:05,SKU_028,Product_Staples_28,Staples,155,1186,145,"BD Mall, Manjit Nagar (Near Thapar Uni)",Patiala,147004,73,1.16,36,81,In Stock
17/09/26 20:05,SKU_029,Product_Staples_29,Staples,100,491,91,"BD Mall, Manjit Nagar (Near Thapar Uni)",Patiala,147004,47,1.01,23,64,In Stock
17/09/26 20:05,SKU_030,Product_Staples_30,Staples,280,330,241,"BD Mall, Manjit Nagar (Near Thapar Uni)",Patiala,147004,77,1.04,38,43,In Stock
17/09/26 20:05,SKU_031,Product_Snacks & Beverages_31,Snacks & Beverages,47,234,42,"BD Mall, Manjit Nagar (Near Thapar Uni)",Patiala,147004,49,1.24,24,0,Out of Stock
17/09/26 20:05,SKU_032,Product_Staples_32,Staples,287,1029,255,"BD Mall, Manjit Nagar (Near Thapar Uni)",Patiala,147004,28,1.11,14,38,In Stock
17/09/26 20:05,SKU_033,Product_Dairy_33,Dairy/Fresh,81,904,77,"BD Mall, Manjit Nagar (Near Thapar Uni)",Patiala,147004,128,0.65,25,122,In Stock
17/09/26 20:05,SKU_034,Product_Staples_34,Staples,233,1060,223,"BD Mall, Manjit Nagar (Near Thapar Uni)",Patiala,147004,50,1.86,25,0,Out of Stock
17/09/26 20:05,SKU_035,Product_Dairy_35,Dairy/Fresh,150,1128,131,"BD Mall, Manjit Nagar (Near Thapar Uni)",Patiala,147004,57,0.5,11,0,Out of Stock
17/09/26 20:05,SKU_036,Product_Snacks & Beverages_36,Snacks & Beverages,274,497,274,"BD Mall, Manjit Nagar (Near Thapar Uni)",Patiala,147004,40,1.22,20,0,Out of Stock
17/09/26 20:05,SKU_037,Product_Snacks & Beverages_37,Snacks & Beverages,226,1138,201,"BD Mall, Manjit Nagar (Near Thapar Uni)",Patiala,147004,75,1.4,37,93,In Stock
17/09/26 20:05,SKU_038,Product_Dairy_38,Dairy/Fresh,198,963,197,"BD Mall, Manjit Nagar (Near Thapar Uni)",Patiala,147004,94,0.79,18,63,In Stock
17/09/26 20:05,SKU_039,Product_Snacks & Beverages_39,Snacks & Beverages,71,1120,65,"BD Mall, Manjit Nagar (Near Thapar Uni)",Patiala,147004,53,1.81,26,0,Out of Stock
17/09/26 20:05,SKU_040,Product_Snacks & Beverages_40,Snacks & Beverages,241,584,206,"BD Mall, Manjit Nagar (Near Thapar Uni)",Patiala,147004,74,1.84,37,0,Out of Stock
17/09/26 20:05,SKU_041,Product_Dairy_41,Dairy/Fresh,256,1294,231,"BD Mall, Manjit Nagar (Near Thapar Uni)",Patiala,147004,119,0.64,23,85,In Stock
17/09/26 20:05,SKU_042,Product_Dairy_42,Dairy/Fresh,32,1283,30,"BD Mall, Manjit Nagar (Near Thapar Uni)",Patiala,147004,75,0.58,15,53,In Stock
17/09/26 21:28,SKU_001,Product_Dairy_1,Dairy/Fresh,290,1230,273,"BD Mall, Manjit Nagar (Near Thapar Uni)",Patiala,147004,117,0.58,23,32,In Stock
17/09/26 21:28,SKU_002,Product_Staples_2,Staples,40,221,38,"BD Mall, Manjit Nagar (Near Thapar Uni)",Patiala,147004,31,1.11,15,35,In Stock
17/09/26 21:28,SKU_003,Product_Dairy_3,Dairy/Fresh,107,1496,105,"BD Mall, Manjit Nagar (Near Thapar Uni)",Patiala,147004,133,0.9,26,0,Out of Stock
17/09/26 21:28,SKU_004,Product_Snacks & Beverages_4,Snacks & Beverages,171,230,161,"BD Mall, Manjit Nagar (Near Thapar Uni)",Patiala,147004,74,1.25,37,85,In Stock
17/09/26 21:28,SKU_005,Product_Dairy_5,Dairy/Fresh,277,443,248,"BD Mall, Manjit Nagar (Near Thapar Uni)",Patiala,147004,69,0.99,13,0,Out of Stock
17/09/26 21:28,SKU_006,Product_Staples_6,Staples,211,1055,183,"BD Mall, Manjit Nagar (Near Thapar Uni)",Patiala,147004,59,1.63,29,62,In Stock
17/09/26 21:28,SKU_007,Product_Dairy_7,Dairy/Fresh,41,352,38,"BD Mall, Manjit Nagar (Near Thapar Uni)",Patiala,147004,96,0.94,19,77,In Stock
17/09/26 21:28,SKU_008,Product_Snacks & Beverages_8,Snacks & Beverages,68,574,60,"BD Mall, Manjit Nagar (Near Thapar Uni)",Patiala,147004,66,1.05,33,46,In Stock
17/09/26 21:28,SKU_009,Product_Snacks & Beverages_9,Snacks & Beverages,189,799,172,"BD Mall, Manjit Nagar (Near Thapar Uni)",Patiala,147004,20,1.01,10,13,In Stock
17/09/26 21:28,SKU_010,Product_Dairy_10,Dairy/Fresh,209,1057,205,"BD Mall, Manjit Nagar (Near Thapar Uni)",Patiala,147004,63,0.94,12,38,In Stock
17/09/26 21:28,SKU_011,Product_Staples_11,Staples,70,1367,63,"BD Mall, Manjit Nagar (Near Thapar Uni)",Patiala,147004,76,1.01,38,0,Out of Stock
17/09/26 21:28,SKU_012,Product_Snacks & Beverages_12,Snacks & Beverages,150,746,130,"BD Mall, Manjit Nagar (Near Thapar Uni)",Patiala,147004,61,1.11,30,35,In Stock
17/09/26 21:28,SKU_013,Product_Dairy_13,Dairy/Fresh,186,1397,168,"BD Mall, Manjit Nagar (Near Thapar Uni)",Patiala,147004,86,0.71,17,97,In Stock
17/09/26 21:28,SKU_014,Product_Personal Care_14,Personal Care,33,341,33,"BD Mall, Manjit Nagar (Near Thapar Uni)",Patiala,147004,61,1.22,30,0,Out of Stock
17/09/26 21:28,SKU_015,Product_Dairy_15,Dairy/Fresh,72,997,64,"BD Mall, Manjit Nagar (Near Thapar Uni)",Patiala,147004,149,0.87,29,64,In Stock
17/09/26 21:28,SKU_016,Product_Snacks & Beverages_16,Snacks & Beverages,283,134,268,"BD Mall, Manjit Nagar (Near Thapar Uni)",Patiala,147004,34,1.31,17,37,In Stock
17/09/26 21:28,SKU_017,Product_Personal Care_17,Personal Care,69,1125,59,"BD Mall, Manjit Nagar (Near Thapar Uni)",Patiala,147004,36,1.13,18,44,In Stock
17/09/26 21:28,SKU_018,Product_Snacks & Beverages_18,Snacks & Beverages,73,1229,66,"BD Mall, Manjit Nagar (Near Thapar Uni)",Patiala,147004,41,1.55,20,60,In Stock
17/09/26 21:28,SKU_019,Product_Snacks & Beverages_19,Snacks & Beverages,210,501,188,"BD Mall, Manjit Nagar (Near Thapar Uni)",Patiala,147004,57,1.86,28,55,In Stock
17/09/26 21:28,SKU_020,Product_Staples_20,Staples,181,301,158,"BD Mall, Manjit Nagar (Near Thapar Uni)",Patiala,147004,54,1.68,27,42,In Stock
17/09/26 21:28,SKU_021,Product_Staples_21,Staples,289,915,269,"BD Mall, Manjit Nagar (Near Thapar Uni)",Patiala,147004,64,1.3,32,66,In Stock
17/09/26 21:28,SKU_022,Product_Dairy_22,Dairy/Fresh,234,1375,216,"BD Mall, Manjit Nagar (Near Thapar Uni)",Patiala,147004,54,0.66,10,0,Out of Stock
17/09/26 21:28,SKU_023,Product_Dairy_23,Dairy/Fresh,232,819,221,"BD Mall, Manjit Nagar (Near Thapar Uni)",Patiala,147004,72,0.86,14,0,Out of Stock
17/09/26 21:28,SKU_024,Product_Staples_24,Staples,72,891,64,"BD Mall, Manjit Nagar (Near Thapar Uni)",Patiala,147004,66,1.73,33,67,In Stock
17/09/26 21:28,SKU_025,Product_Dairy_25,Dairy/Fresh,271,287,240,"BD Mall, Manjit Nagar (Near Thapar Uni)",Patiala,147004,93,0.97,18,36,In Stock
17/09/26 21:28,SKU_026,Product_Snacks & Beverages_26,Snacks & Beverages,60,1280,53,"BD Mall, Manjit Nagar (Near Thapar Uni)",Patiala,147004,36,1.87,18,38,In Stock
17/09/26 21:28,SKU_027,Product_Staples_27,Staples,84,620,74,"BD Mall, Manjit Nagar (Near Thapar Uni)",Patiala,147004,73,1.87,36,0,Out of Stock
17/09/26 21:28,SKU_028,Product_Staples_28,Staples,155,1186,145,"BD Mall, Manjit Nagar (Near Thapar Uni)",Patiala,147004,45,1.58,22,44,In Stock
17/09/26 21:28,SKU_029,Product_Staples_29,Staples,100,491,91,"BD Mall, Manjit Nagar (Near Thapar Uni)",Patiala,147004,32,1.43,16,21,In Stock
17/09/26 21:28,SKU_030,Product_Staples_30,Staples,280,330,241,"BD Mall, Manjit Nagar (Near Thapar Uni)",Patiala,147004,36,1.64,18,49,In Stock
17/09/26 21:28,SKU_031,Product_Snacks & Beverages_31,Snacks & Beverages,47,234,42,"BD Mall, Manjit Nagar (Near Thapar Uni)",Patiala,147004,57,1.82,28,49,In Stock
17/09/26 21:28,SKU_032,Product_Staples_32,Staples,287,1029,255,"BD Mall, Manjit Nagar (Near Thapar Uni)",Patiala,147004,36,1.01,18,20,In Stock
17/09/26 21:28,SKU_033,Product_Dairy_33,Dairy/Fresh,81,904,77,"BD Mall, Manjit Nagar (Near Thapar Uni)",Patiala,147004,122,0.73,24,0,Out of Stock
17/09/26 21:28,SKU_034,Product_Staples_34,Staples,233,1060,223,"BD Mall, Manjit Nagar (Near Thapar Uni)",Patiala,147004,33,1.18,16,0,Out of Stock
17/09/26 21:28,SKU_035,Product_Dairy_35,Dairy/Fresh,150,1128,131,"BD Mall, Manjit Nagar (Near Thapar Uni)",Patiala,147004,58,0.98,11,0,Out of Stock
17/09/26 21:28,SKU_036,Product_Snacks & Beverages_36,Snacks & Beverages,274,497,274,"BD Mall, Manjit Nagar (Near Thapar Uni)",Patiala,147004,25,1.87,12,36,In Stock
17/09/26 21:28,SKU_037,Product_Snacks & Beverages_37,Snacks & Beverages,226,1138,201,"BD Mall, Manjit Nagar (Near Thapar Uni)",Patiala,147004,54,1.23,27,0,Out of Stock
17/09/26 21:28,SKU_038,Product_Dairy_38,Dairy/Fresh,198,963,197,"BD Mall, Manjit Nagar (Near Thapar Uni)",Patiala,147004,73,0.76,14,0,Out of Stock
17/09/26 21:28,SKU_039,Product_Snacks & Beverages_39,Snacks & Beverages,71,1120,65,"BD Mall, Manjit Nagar (Near Thapar Uni)",Patiala,147004,33,1.13,16,28,In Stock
17/09/26 21:28,SKU_040,Product_Snacks & Beverages_40,Snacks & Beverages,241,584,206,"BD Mall, Manjit Nagar (Near Thapar Uni)",Patiala,147004,66,1.4,33,60,In Stock
17/09/26 21:28,SKU_041,Product_Dairy_41,Dairy/Fresh,256,1294,231,"BD Mall, Manjit Nagar (Near Thapar Uni)",Patiala,147004,143,0.61,28,0,Out of Stock
17/09/26 21:28,SKU_042,Product_Dairy_42,Dairy/Fresh,32,1283,30,"BD Mall, Manjit Nagar (Near Thapar Uni)",Patiala,147004,144,0.73,28,0,Out of Stock
17/09/26 22:19,SKU_001,Product_Dairy_1,Dairy/Fresh,290,1230,273,"BD Mall, Manjit Nagar (Near Thapar Uni)",Patiala,147004,98,0.72,19,115,In Stock
17/09/26 22:19,SKU_002,Product_Staples_2,Staples,40,221,38,"BD Mall, Manjit Nagar (Near Thapar Uni)",Patiala,147004,46,1.99,23,39,In Stock
17/09/26 22:19,SKU_003,Product_Dairy_3,Dairy/Fresh,107,1496,105,"BD Mall, Manjit Nagar (Near Thapar Uni)",Patiala,147004,111,0.87,22,78,In Stock
17/09/26 22:19,SKU_004,Product_Snacks & Beverages_4,Snacks & Beverages,171,230,161,"BD Mall, Manjit Nagar (Near Thapar Uni)",Patiala,147004,68,1.11,34,77,In Stock
17/09/26 22:19,SKU_005,Product_Dairy_5,Dairy/Fresh,277,443,248,"BD Mall, Manjit Nagar (Near Thapar Uni)",Patiala,147004,99,0.67,19,54,In Stock
17/09/26 22:19,SKU_006,Product_Staples_6,Staples,211,1055,183,"BD Mall, Manjit Nagar (Near Thapar Uni)",Patiala,147004,72,1.05,36,70,In Stock
17/09/26 22:19,SKU_007,Product_Dairy_7,Dairy/Fresh,41,352,38,"BD Mall, Manjit Nagar (Near Thapar Uni)",Patiala,147004,124,0.89,24,93,In Stock
17/09/26 22:19,SKU_008,Product_Snacks & Beverages_8,Snacks & Beverages,68,574,60,"BD Mall, Manjit Nagar (Near Thapar Uni)",Patiala,147004,54,1.11,27,42,In Stock
17/09/26 22:19,SKU_009,Product_Snacks & Beverages_9,Snacks & Beverages,189,799,172,"BD Mall, Manjit Nagar (Near Thapar Uni)",Patiala,147004,79,1.97,39,83,In Stock
17/09/26 22:19,SKU_010,Product_Dairy_10,Dairy/Fresh,209,1057,205,"BD Mall, Manjit Nagar (Near Thapar Uni)",Patiala,147004,125,0.9,25,116,In Stock
17/09/26 22:19,SKU_011,Product_Staples_11,Staples,70,1367,63,"BD Mall, Manjit Nagar (Near Thapar Uni)",Patiala,147004,24,1.19,12,20,In Stock
17/09/26 22:19,SKU_012,Product_Snacks & Beverages_12,Snacks & Beverages,150,746,130,"BD Mall, Manjit Nagar (Near Thapar Uni)",Patiala,147004,41,1.16,20,51,In Stock
17/09/26 22:19,SKU_013,Product_Dairy_13,Dairy/Fresh,186,1397,168,"BD Mall, Manjit Nagar (Near Thapar Uni)",Patiala,147004,50,0.62,10,35,In Stock
17/09/26 22:19,SKU_014,Product_Personal Care_14,Personal Care,33,341,33,"BD Mall, Manjit Nagar (Near Thapar Uni)",Patiala,147004,68,1.52,34,44,In Stock
17/09/26 22:19,SKU_015,Product_Dairy_15,Dairy/Fresh,72,997,64,"BD Mall, Manjit Nagar (Near Thapar Uni)",Patiala,147004,113,0.93,22,73,In Stock
17/09/26 22:19,SKU_016,Product_Snacks & Beverages_16,Snacks & Beverages,283,134,268,"BD Mall, Manjit Nagar (Near Thapar Uni)",Patiala,147004,44,1.22,22,46,In Stock
17/09/26 22:19,SKU_017,Product_Personal Care_17,Personal Care,69,1125,59,"BD Mall, Manjit Nagar (Near Thapar Uni)",Patiala,147004,53,1.76,26,56,In Stock
17/09/26 22:19,SKU_018,Product_Snacks & Beverages_18,Snacks & Beverages,73,1229,66,"BD Mall, Manjit Nagar (Near Thapar Uni)",Patiala,147004,45,1.31,22,42,In Stock
17/09/26 22:19,SKU_019,Product_Snacks & Beverages_19,Snacks & Beverages,210,501,188,"BD Mall, Manjit Nagar (Near Thapar Uni)",Patiala,147004,66,1.92,33,0,Out of Stock
17/09/26 22:19,SKU_020,Product_Staples_20,Staples,181,301,158,"BD Mall, Manjit Nagar (Near Thapar Uni)",Patiala,147004,24,1.66,12,34,In Stock
17/09/26 22:19,SKU_021,Product_Staples_21,Staples,289,915,269,"BD Mall, Manjit Nagar (Near Thapar Uni)",Patiala,147004,45,1.44,22,24,In Stock
17/09/26 22:19,SKU_022,Product_Dairy_22,Dairy/Fresh,234,1375,216,"BD Mall, Manjit Nagar (Near Thapar Uni)",Patiala,147004,63,0.91,12,51,In Stock
17/09/26 22:19,SKU_023,Product_Dairy_23,Dairy/Fresh,232,819,221,"BD Mall, Manjit Nagar (Near Thapar Uni)",Patiala,147004,109,0.6,21,66,In Stock
17/09/26 22:19,SKU_024,Product_Staples_24,Staples,72,891,64,"BD Mall, Manjit Nagar (Near Thapar Uni)",Patiala,147004,25,1.29,12,36,In Stock
17/09/26 22:19,SKU_025,Product_Dairy_25,Dairy/Fresh,271,287,240,"BD Mall, Manjit Nagar (Near Thapar Uni)",Patiala,147004,84,0.84,16,96,In Stock
17/09/26 22:19,SKU_026,Product_Snacks & Beverages_26,Snacks & Beverages,60,1280,53,"BD Mall, Manjit Nagar (Near Thapar Uni)",Patiala,147004,69,1.94,34,71,In Stock
17/09/26 22:19,SKU_027,Product_Staples_27,Staples,84,620,74,"BD Mall, Manjit Nagar (Near Thapar Uni)",Patiala,147004,37,1.16,18,53,In Stock
17/09/26 22:19,SKU_028,Product_Staples_28,Staples,155,1186,145,"BD Mall, Manjit Nagar (Near Thapar Uni)",Patiala,147004,23,1.04,11,14,In Stock
17/09/26 22:19,SKU_029,Product_Staples_29,Staples,100,491,91,"BD Mall, Manjit Nagar (Near Thapar Uni)",Patiala,147004,36,1.45,18,36,In Stock
17/09/26 22:19,SKU_030,Product_Staples_30,Staples,280,330,241,"BD Mall, Manjit Nagar (Near Thapar Uni)",Patiala,147004,76,1.8,38,81,In Stock
17/09/26 22:19,SKU_031,Product_Snacks & Beverages_31,Snacks & Beverages,47,234,42,"BD Mall, Manjit Nagar (Near Thapar Uni)",Patiala,147004,33,1.77,16,0,Out of Stock
17/09/26 22:19,SKU_032,Product_Staples_32,Staples,287,1029,255,"BD Mall, Manjit Nagar (Near Thapar Uni)",Patiala,147004,33,1.92,16,32,In Stock
17/09/26 22:19,SKU_033,Product_Dairy_33,Dairy/Fresh,81,904,77,"BD Mall, Manjit Nagar (Near Thapar Uni)",Patiala,147004,53,0.68,10,39,In Stock
17/09/26 22:19,SKU_034,Product_Staples_34,Staples,233,1060,223,"BD Mall, Manjit Nagar (Near Thapar Uni)",Patiala,147004,26,1.1,13,22,In Stock
17/09/26 22:19,SKU_035,Product_Dairy_35,Dairy/Fresh,150,1128,131,"BD Mall, Manjit Nagar (Near Thapar Uni)",Patiala,147004,91,0.58,18,78,In Stock
17/09/26 22:19,SKU_036,Product_Snacks & Beverages_36,Snacks & Beverages,274,497,274,"BD Mall, Manjit Nagar (Near Thapar Uni)",Patiala,147004,74,1.78,37,88,In Stock
17/09/26 22:19,SKU_037,Product_Snacks & Beverages_37,Snacks & Beverages,226,1138,201,"BD Mall, Manjit Nagar (Near Thapar Uni)",Patiala,147004,34,1.09,17,52,In Stock
17/09/26 22:19,SKU_038,Product_Dairy_38,Dairy/Fresh,198,963,197,"BD Mall, Manjit Nagar (Near Thapar Uni)",Patiala,147004,89,0.58,17,70,In Stock
17/09/26 22:19,SKU_039,Product_Snacks & Beverages_39,Snacks & Beverages,71,1120,65,"BD Mall, Manjit Nagar (Near Thapar Uni)",Patiala,147004,62,1.01,31,63,In Stock
17/09/26 22:19,SKU_040,Product_Snacks & Beverages_40,Snacks & Beverages,241,584,206,"BD Mall, Manjit Nagar (Near Thapar Uni)",Patiala,147004,66,1.59,33,33,In Stock
17/09/26 22:19,SKU_041,Product_Dairy_41,Dairy/Fresh,256,1294,231,"BD Mall, Manjit Nagar (Near Thapar Uni)",Patiala,147004,63,0.95,12,15,In Stock
17/09/26 22:19,SKU_042,Product_Dairy_42,Dairy/Fresh,32,1283,30,"BD Mall, Manjit Nagar (Near Thapar Uni)",Patiala,147004,81,0.6,16,70,In Stock
18/09/26 06:58,SKU_001,Product_Dairy_1,Dairy/Fresh,290,1230,273,"BD Mall, Manjit Nagar (Near Thapar Uni)",Patiala,147004,100,0.71,20,73,In Stock
18/09/26 06:58,SKU_002,Product_Staples_2,Staples,40,221,38,"BD Mall, Manjit Nagar (Near Thapar Uni)",Patiala,147004,54,1.06,27,73,In Stock
18/09/26 06:58,SKU_003,Product_Dairy_3,Dairy/Fresh,107,1496,105,"BD Mall, Manjit Nagar (Near Thapar Uni)",Patiala,147004,146,0.8,29,119,In Stock
18/09/26 06:58,SKU_004,Product_Snacks & Beverages_4,Snacks & Beverages,171,230,161,"BD Mall, Manjit Nagar (Near Thapar Uni)",Patiala,147004,39,1.81,19,43,In Stock
18/09/26 06:58,SKU_005,Product_Dairy_5,Dairy/Fresh,277,443,248,"BD Mall, Manjit Nagar (Near Thapar Uni)",Patiala,147004,112,0.61,22,85,In Stock
18/09/26 06:58,SKU_006,Product_Staples_6,Staples,211,1055,183,"BD Mall, Manjit Nagar (Near Thapar Uni)",Patiala,147004,54,1.97,27,54,In Stock
18/09/26 06:58,SKU_007,Product_Dairy_7,Dairy/Fresh,41,352,38,"BD Mall, Manjit Nagar (Near Thapar Uni)",Patiala,147004,146,0.95,29,109,In Stock
18/09/26 06:58,SKU_008,Product_Snacks & Beverages_8,Snacks & Beverages,68,574,60,"BD Mall, Manjit Nagar (Near Thapar Uni)",Patiala,147004,77,1.89,38,96,In Stock
18/09/26 06:58,SKU_009,Product_Snacks & Beverages_9,Snacks & Beverages,189,799,172,"BD Mall, Manjit Nagar (Near Thapar Uni)",Patiala,147004,67,1.88,33,86,In Stock
18/09/26 06:58,SKU_010,Product_Dairy_10,Dairy/Fresh,209,1057,205,"BD Mall, Manjit Nagar (Near Thapar Uni)",Patiala,147004,146,0.66,29,72,In Stock
18/09/26 06:58,SKU_011,Product_Staples_11,Staples,70,1367,63,"BD Mall, Manjit Nagar (Near Thapar Uni)",Patiala,147004,59,1.56,29,0,Out of Stock
18/09/26 06:58,SKU_012,Product_Snacks & Beverages_12,Snacks & Beverages,150,746,130,"BD Mall, Manjit Nagar (Near Thapar Uni)",Patiala,147004,43,1.12,21,36,In Stock
18/09/26 06:58,SKU_013,Product_Dairy_13,Dairy/Fresh,186,1397,168,"BD Mall, Manjit Nagar (Near Thapar Uni)",Patiala,147004,102,0.95,20,120,In Stock
18/09/26 06:58,SKU_014,Product_Personal Care_14,Personal Care,33,341,33,"BD Mall, Manjit Nagar (Near Thapar Uni)",Patiala,147004,26,1.36,13,28,In Stock
18/09/26 06:58,SKU_015,Product_Dairy_15,Dairy/Fresh,72,997,64,"BD Mall, Manjit Nagar (Near Thapar Uni)",Patiala,147004,88,0.54,17,97,In Stock
18/09/26 06:58,SKU_016,Product_Snacks & Beverages_16,Snacks & Beverages,283,134,268,"BD Mall, Manjit Nagar (Near Thapar Uni)",Patiala,147004,69,1.76,34,88,In Stock
18/09/26 06:58,SKU_017,Product_Personal Care_17,Personal Care,69,1125,59,"BD Mall, Manjit Nagar (Near Thapar Uni)",Patiala,147004,20,1.91,10,0,Out of Stock
18/09/26 06:58,SKU_018,Product_Snacks & Beverages_18,Snacks & Beverages,73,1229,66,"BD Mall, Manjit Nagar (Near Thapar Uni)",Patiala,147004,54,1.01,27,57,In Stock
18/09/26 06:58,SKU_019,Product_Snacks & Beverages_19,Snacks & Beverages,210,501,188,"BD Mall, Manjit Nagar (Near Thapar Uni)",Patiala,147004,51,1.81,25,39,In Stock
18/09/26 06:58,SKU_020,Product_Staples_20,Staples,181,301,158,"BD Mall, Manjit Nagar (Near Thapar Uni)",Patiala,147004,55,1.94,27,39,In Stock
18/09/26 06:58,SKU_021,Product_Staples_21,Staples,289,915,269,"BD Mall, Manjit Nagar (Near Thapar Uni)",Patiala,147004,32,1.79,16,42,In Stock
18/09/26 06:58,SKU_022,Product_Dairy_22,Dairy/Fresh,234,1375,216,"BD Mall, Manjit Nagar (Near Thapar Uni)",Patiala,147004,121,0.59,24,44,In Stock
18/09/26 06:58,SKU_023,Product_Dairy_23,Dairy/Fresh,232,819,221,"BD Mall, Manjit Nagar (Near Thapar Uni)",Patiala,147004,91,0.79,18,83,In Stock
18/09/26 06:58,SKU_024,Product_Staples_24,Staples,72,891,64,"BD Mall, Manjit Nagar (Near Thapar Uni)",Patiala,147004,33,1.02,16,23,In Stock
18/09/26 06:58,SKU_025,Product_Dairy_25,Dairy/Fresh,271,287,240,"BD Mall, Manjit Nagar (Near Thapar Uni)",Patiala,147004,64,0.75,12,82,In Stock
18/09/26 06:58,SKU_026,Product_Snacks & Beverages_26,Snacks & Beverages,60,1280,53,"BD Mall, Manjit Nagar (Near Thapar Uni)",Patiala,147004,67,1.63,33,42,In Stock
18/09/26 06:58,SKU_027,Product_Staples_27,Staples,84,620,74,"BD Mall, Manjit Nagar (Near Thapar Uni)",Patiala,147004,34,1.99,17,20,In Stock
18/09/26 06:58,SKU_028,Product_Staples_28,Staples,155,1186,145,"BD Mall, Manjit Nagar (Near Thapar Uni)",Patiala,147004,66,1.4,33,75,In Stock
18/09/26 06:58,SKU_029,Product_Staples_29,Staples,100,491,91,"BD Mall, Manjit Nagar (Near Thapar Uni)",Patiala,147004,23,1.33,11,19,In Stock
18/09/26 06:58,SKU_030,Product_Staples_30,Staples,280,330,241,"BD Mall, Manjit Nagar (Near Thapar Uni)",Patiala,147004,59,1.62,29,64,In Stock
18/09/26 06:58,SKU_031,Product_Snacks & Beverages_31,Snacks & Beverages,47,234,42,"BD Mall, Manjit Nagar (Near Thapar Uni)",Patiala,147004,78,1.83,39,73,In Stock
18/09/26 06:58,SKU_032,Product_Staples_32,Staples,287,1029,255,"BD Mall, Manjit Nagar (Near Thapar Uni)",Patiala,147004,35,1.94,17,19,In Stock
18/09/26 06:58,SKU_033,Product_Dairy_33,Dairy/Fresh,81,904,77,"BD Mall, Manjit Nagar (Near Thapar Uni)",Patiala,147004,106,0.88,21,102,In Stock
18/09/26 06:58,SKU_034,Product_Staples_34,Staples,233,1060,223,"BD Mall, Manjit Nagar (Near Thapar Uni)",Patiala,147004,35,1.43,17,40,In Stock
18/09/26 06:58,SKU_035,Product_Dairy_35,Dairy/Fresh,150,1128,131,"BD Mall, Manjit Nagar (Near Thapar Uni)",Patiala,147004,76,0.88,15,48,In Stock
18/09/26 06:58,SKU_036,Product_Snacks & Beverages_36,Snacks & Beverages,274,497,274,"BD Mall, Manjit Nagar (Near Thapar Uni)",Patiala,147004,64,1.86,32,33,In Stock
18/09/26 06:58,SKU_037,Product_Snacks & Beverages_37,Snacks & Beverages,226,1138,201,"BD Mall, Manjit Nagar (Near Thapar Uni)",Patiala,147004,45,1.49,22,23,In Stock
18/09/26 06:58,SKU_038,Product_Dairy_38,Dairy/Fresh,198,963,197,"BD Mall, Manjit Nagar (Near Thapar Uni)",Patiala,147004,117,0.73,23,32,In Stock
18/09/26 06:58,SKU_039,Product_Snacks & Beverages_39,Snacks & Beverages,71,1120,65,"BD Mall, Manjit Nagar (Near Thapar Uni)",Patiala,147004,51,1.17,25,47,In Stock
18/09/26 06:58,SKU_040,Product_Snacks & Beverages_40,Snacks & Beverages,241,584,206,"BD Mall, Manjit Nagar (Near Thapar Uni)",Patiala,147004,64,1,32,46,In Stock
18/09/26 06:58,SKU_041,Product_Dairy_41,Dairy/Fresh,256,1294,231,"BD Mall, Manjit Nagar (Near Thapar Uni)",Patiala,147004,59,0.6,11,27,In Stock
18/09/26 06:58,SKU_042,Product_Dairy_42,Dairy/Fresh,32,1283,30,"BD Mall, Manjit Nagar (Near Thapar Uni)",Patiala,147004,54,0.68,10,0,Out of Stock
18/09/26 07:18,SKU_001,Product_Dairy_1,Dairy/Fresh,290,1230,273,"BD Mall, Manjit Nagar (Near Thapar Uni)",Patiala,147004,123,0.57,24,37,In Stock
18/09/26 07:18,SKU_002,Product_Staples_2,Staples,40,221,38,"BD Mall, Manjit Nagar (Near Thapar Uni)",Patiala,147004,73,1.3,36,52,In Stock
18/09/26 07:18,SKU_003,Product_Dairy_3,Dairy/Fresh,107,1496,105,"BD Mall, Manjit Nagar (Near Thapar Uni)",Patiala,147004,87,0.73,17,95,In Stock
18/09/26 07:18,SKU_004,Product_Snacks & Beverages_4,Snacks & Beverages,171,230,161,"BD Mall, Manjit Nagar (Near Thapar Uni)",Patiala,147004,43,1.4,21,32,In Stock
18/09/26 07:18,SKU_005,Product_Dairy_5,Dairy/Fresh,277,443,248,"BD Mall, Manjit Nagar (Near Thapar Uni)",Patiala,147004,80,0.97,16,31,In Stock
18/09/26 07:18,SKU_006,Product_Staples_6,Staples,211,1055,183,"BD Mall, Manjit Nagar (Near Thapar Uni)",Patiala,147004,62,1.06,31,62,In Stock
18/09/26 07:18,SKU_007,Product_Dairy_7,Dairy/Fresh,41,352,38,"BD Mall, Manjit Nagar (Near Thapar Uni)",Patiala,147004,149,0.75,29,51,In Stock
18/09/26 07:18,SKU_008,Product_Snacks & Beverages_8,Snacks & Beverages,68,574,60,"BD Mall, Manjit Nagar (Near Thapar Uni)",Patiala,147004,28,1.5,14,47,In Stock
18/09/26 07:18,SKU_009,Product_Snacks & Beverages_9,Snacks & Beverages,189,799,172,"BD Mall, Manjit Nagar (Near Thapar Uni)",Patiala,147004,58,1.34,29,62,In Stock
18/09/26 07:18,SKU_010,Product_Dairy_10,Dairy/Fresh,209,1057,205,"BD Mall, Manjit Nagar (Near Thapar Uni)",Patiala,147004,105,0.5,21,36,In Stock
18/09/26 07:18,SKU_011,Product_Staples_11,Staples,70,1367,63,"BD Mall, Manjit Nagar (Near Thapar Uni)",Patiala,147004,21,1.07,10,11,In Stock
18/09/26 07:18,SKU_012,Product_Snacks & Beverages_12,Snacks & Beverages,150,746,130,"BD Mall, Manjit Nagar (Near Thapar Uni)",Patiala,147004,27,1.9,13,19,In Stock
18/09/26 07:18,SKU_013,Product_Dairy_13,Dairy/Fresh,186,1397,168,"BD Mall, Manjit Nagar (Near Thapar Uni)",Patiala,147004,57,0.61,11,43,In Stock
18/09/26 07:18,SKU_014,Product_Personal Care_14,Personal Care,33,341,33,"BD Mall, Manjit Nagar (Near Thapar Uni)",Patiala,147004,75,1.12,37,40,In Stock
18/09/26 07:18,SKU_015,Product_Dairy_15,Dairy/Fresh,72,997,64,"BD Mall, Manjit Nagar (Near Thapar Uni)",Patiala,147004,78,0.52,15,57,In Stock
18/09/26 07:18,SKU_016,Product_Snacks & Beverages_16,Snacks & Beverages,283,134,268,"BD Mall, Manjit Nagar (Near Thapar Uni)",Patiala,147004,70,1.97,35,86,In Stock
18/09/26 07:18,SKU_017,Product_Personal Care_17,Personal Care,69,1125,59,"BD Mall, Manjit Nagar (Near Thapar Uni)",Patiala,147004,58,1.68,29,35,In Stock
18/09/26 07:18,SKU_018,Product_Snacks & Beverages_18,Snacks & Beverages,73,1229,66,"BD Mall, Manjit Nagar (Near Thapar Uni)",Patiala,147004,61,1.42,30,47,In Stock
18/09/26 07:18,SKU_019,Product_Snacks & Beverages_19,Snacks & Beverages,210,501,188,"BD Mall, Manjit Nagar (Near Thapar Uni)",Patiala,147004,76,1.7,38,41,In Stock
18/09/26 07:18,SKU_020,Product_Staples_20,Staples,181,301,158,"BD Mall, Manjit Nagar (Near Thapar Uni)",Patiala,147004,35,1.76,17,27,In Stock
18/09/26 07:18,SKU_021,Product_Staples_21,Staples,289,915,269,"BD Mall, Manjit Nagar (Near Thapar Uni)",Patiala,147004,54,1.78,27,0,Out of Stock
18/09/26 07:18,SKU_022,Product_Dairy_22,Dairy/Fresh,234,1375,216,"BD Mall, Manjit Nagar (Near Thapar Uni)",Patiala,147004,144,0.74,28,108,In Stock
18/09/26 07:18,SKU_023,Product_Dairy_23,Dairy/Fresh,232,819,221,"BD Mall, Manjit Nagar (Near Thapar Uni)",Patiala,147004,85,0.71,17,0,Out of Stock
18/09/26 07:18,SKU_024,Product_Staples_24,Staples,72,891,64,"BD Mall, Manjit Nagar (Near Thapar Uni)",Patiala,147004,57,1.01,28,69,In Stock
18/09/26 07:18,SKU_025,Product_Dairy_25,Dairy/Fresh,271,287,240,"BD Mall, Manjit Nagar (Near Thapar Uni)",Patiala,147004,75,0.6,15,42,In Stock
18/09/26 07:18,SKU_026,Product_Snacks & Beverages_26,Snacks & Beverages,60,1280,53,"BD Mall, Manjit Nagar (Near Thapar Uni)",Patiala,147004,69,1.6,34,0,Out of Stock
18/09/26 07:18,SKU_027,Product_Staples_27,Staples,84,620,74,"BD Mall, Manjit Nagar (Near Thapar Uni)",Patiala,147004,24,1.2,12,14,In Stock
18/09/26 07:18,SKU_028,Product_Staples_28,Staples,155,1186,145,"BD Mall, Manjit Nagar (Near Thapar Uni)",Patiala,147004,72,1.92,36,43,In Stock
18/09/26 07:18,SKU_029,Product_Staples_29,Staples,100,491,91,"BD Mall, Manjit Nagar (Near Thapar Uni)",Patiala,147004,48,1.91,24,50,In Stock
18/09/26 07:18,SKU_030,Product_Staples_30,Staples,280,330,241,"BD Mall, Manjit Nagar (Near Thapar Uni)",Patiala,147004,58,1.99,29,50,In Stock
18/09/26 07:18,SKU_031,Product_Snacks & Beverages_31,Snacks & Beverages,47,234,42,"BD Mall, Manjit Nagar (Near Thapar Uni)",Patiala,147004,79,1.87,39,92,In Stock
18/09/26 07:18,SKU_032,Product_Staples_32,Staples,287,1029,255,"BD Mall, Manjit Nagar (Near Thapar Uni)",Patiala,147004,53,2,26,49,In Stock
18/09/26 07:18,SKU_033,Product_Dairy_33,Dairy/Fresh,81,904,77,"BD Mall, Manjit Nagar (Near Thapar Uni)",Patiala,147004,55,0.97,11,12,In Stock
18/09/26 07:18,SKU_034,Product_Staples_34,Staples,233,1060,223,"BD Mall, Manjit Nagar (Near Thapar Uni)",Patiala,147004,64,1.84,32,62,In Stock
18/09/26 07:18,SKU_035,Product_Dairy_35,Dairy/Fresh,150,1128,131,"BD Mall, Manjit Nagar (Near Thapar Uni)",Patiala,147004,72,0.61,14,77,In Stock
18/09/26 07:18,SKU_036,Product_Snacks & Beverages_36,Snacks & Beverages,274,497,274,"BD Mall, Manjit Nagar (Near Thapar Uni)",Patiala,147004,24,1.23,12,12,In Stock
18/09/26 07:18,SKU_037,Product_Snacks & Beverages_37,Snacks & Beverages,226,1138,201,"BD Mall, Manjit Nagar (Near Thapar Uni)",Patiala,147004,49,1.1,24,37,In Stock
18/09/26 07:18,SKU_038,Product_Dairy_38,Dairy/Fresh,198,963,197,"BD Mall, Manjit Nagar (Near Thapar Uni)",Patiala,147004,95,0.52,19,43,In Stock
18/09/26 07:18,SKU_039,Product_Snacks & Beverages_39,Snacks & Beverages,71,1120,65,"BD Mall, Manjit Nagar (Near Thapar Uni)",Patiala,147004,75,1.3,37,72,In Stock
18/09/26 07:18,SKU_040,Product_Snacks & Beverages_40,Snacks & Beverages,241,584,206,"BD Mall, Manjit Nagar (Near Thapar Uni)",Patiala,147004,77,1.87,38,73,In Stock
18/09/26 07:18,SKU_041,Product_Dairy_41,Dairy/Fresh,256,1294,231,"BD Mall, Manjit Nagar (Near Thapar Uni)",Patiala,147004,62,0.85,12,14,In Stock
18/09/26 07:18,SKU_042,Product_Dairy_42,Dairy/Fresh,32,1283,30,"BD Mall, Manjit Nagar (Near Thapar Uni)",Patiala,147004,111,0.82,22,26,In Stock
18/09/26 08:02,SKU_001,Product_Dairy_1,Dairy/Fresh,290,1230,273,"BD Mall, Manjit Nagar (Near Thapar Uni)",Patiala,147004,131,0.66,26,90,In Stock
18/09/26 08:02,SKU_002,Product_Staples_2,Staples,40,221,38,"BD Mall, Manjit Nagar (Near Thapar Uni)",Patiala,147004,48,1.24,24,42,In Stock
18/09/26 08:02,SKU_003,Product_Dairy_3,Dairy/Fresh,107,1496,105,"BD Mall, Manjit Nagar (Near Thapar Uni)",Patiala,147004,146,0.71,29,134,In Stock
18/09/26 08:02,SKU_004,Product_Snacks & Beverages_4,Snacks & Beverages,171,230,161,"BD Mall, Manjit Nagar (Near Thapar Uni)",Patiala,147004,25,1.57,12,41,In Stock
18/09/26 08:02,SKU_005,Product_Dairy_5,Dairy/Fresh,277,443,248,"BD Mall, Manjit Nagar (Near Thapar Uni)",Patiala,147004,92,0.97,18,93,In Stock
18/09/26 08:02,SKU_006,Product_Staples_6,Staples,211,1055,183,"BD Mall, Manjit Nagar (Near Thapar Uni)",Patiala,147004,61,1.16,30,39,In Stock
18/09/26 08:02,SKU_007,Product_Dairy_7,Dairy/Fresh,41,352,38,"BD Mall, Manjit Nagar (Near Thapar Uni)",Patiala,147004,149,0.66,29,132,In Stock
18/09/26 08:02,SKU_008,Product_Snacks & Beverages_8,Snacks & Beverages,68,574,60,"BD Mall, Manjit Nagar (Near Thapar Uni)",Patiala,147004,34,1.19,17,45,In Stock
18/09/26 08:02,SKU_009,Product_Snacks & Beverages_9,Snacks & Beverages,189,799,172,"BD Mall, Manjit Nagar (Near Thapar Uni)",Patiala,147004,59,1.79,29,43,In Stock
18/09/26 08:02,SKU_010,Product_Dairy_10,Dairy/Fresh,209,1057,205,"BD Mall, Manjit Nagar (Near Thapar Uni)",Patiala,147004,86,0.66,17,64,In Stock
18/09/26 08:02,SKU_011,Product_Staples_11,Staples,70,1367,63,"BD Mall, Manjit Nagar (Near Thapar Uni)",Patiala,147004,51,1.09,25,35,In Stock
18/09/26 08:02,SKU_012,Product_Snacks & Beverages_12,Snacks & Beverages,150,746,130,"BD Mall, Manjit Nagar (Near Thapar Uni)",Patiala,147004,28,1.48,14,47,In Stock
18/09/26 08:02,SKU_013,Product_Dairy_13,Dairy/Fresh,186,1397,168,"BD Mall, Manjit Nagar (Near Thapar Uni)",Patiala,147004,80,0.84,16,51,In Stock
18/09/26 08:02,SKU_014,Product_Personal Care_14,Personal Care,33,341,33,"BD Mall, Manjit Nagar (Near Thapar Uni)",Patiala,147004,29,1.13,14,43,In Stock
18/09/26 08:02,SKU_015,Product_Dairy_15,Dairy/Fresh,72,997,64,"BD Mall, Manjit Nagar (Near Thapar Uni)",Patiala,147004,100,0.78,20,118,In Stock
18/09/26 08:02,SKU_016,Product_Snacks & Beverages_16,Snacks & Beverages,283,134,268,"BD Mall, Manjit Nagar (Near Thapar Uni)",Patiala,147004,25,1.86,12,20,In Stock
18/09/26 08:02,SKU_017,Product_Personal Care_17,Personal Care,69,1125,59,"BD Mall, Manjit Nagar (Near Thapar Uni)",Patiala,147004,67,1.92,33,0,Out of Stock
18/09/26 08:02,SKU_018,Product_Snacks & Beverages_18,Snacks & Beverages,73,1229,66,"BD Mall, Manjit Nagar (Near Thapar Uni)",Patiala,147004,75,1.83,37,0,Out of Stock
18/09/26 08:02,SKU_019,Product_Snacks & Beverages_19,Snacks & Beverages,210,501,188,"BD Mall, Manjit Nagar (Near Thapar Uni)",Patiala,147004,78,1.33,39,0,Out of Stock
18/09/26 08:02,SKU_020,Product_Staples_20,Staples,181,301,158,"BD Mall, Manjit Nagar (Near Thapar Uni)",Patiala,147004,22,1.27,11,14,In Stock
18/09/26 08:02,SKU_021,Product_Staples_21,Staples,289,915,269,"BD Mall, Manjit Nagar (Near Thapar Uni)",Patiala,147004,61,1.55,30,35,In Stock
18/09/26 08:02,SKU_022,Product_Dairy_22,Dairy/Fresh,234,1375,216,"BD Mall, Manjit Nagar (Near Thapar Uni)",Patiala,147004,72,0.74,14,46,In Stock
18/09/26 08:02,SKU_023,Product_Dairy_23,Dairy/Fresh,232,819,221,"BD Mall, Manjit Nagar (Near Thapar Uni)",Patiala,147004,50,0.72,10,41,In Stock
18/09/26 08:02,SKU_024,Product_Staples_24,Staples,72,891,64,"BD Mall, Manjit Nagar (Near Thapar Uni)",Patiala,147004,36,1.13,18,33,In Stock
18/09/26 08:02,SKU_025,Product_Dairy_25,Dairy/Fresh,271,287,240,"BD Mall, Manjit Nagar (Near Thapar Uni)",Patiala,147004,70,0.91,14,88,In Stock
18/09/26 08:02,SKU_026,Product_Snacks & Beverages_26,Snacks & Beverages,60,1280,53,"BD Mall, Manjit Nagar (Near Thapar Uni)",Patiala,147004,23,1.69,11,32,In Stock
18/09/26 08:02,SKU_027,Product_Staples_27,Staples,84,620,74,"BD Mall, Manjit Nagar (Near Thapar Uni)",Patiala,147004,23,1.83,11,14,In Stock
18/09/26 08:02,SKU_028,Product_Staples_28,Staples,155,1186,145,"BD Mall, Manjit Nagar (Near Thapar Uni)",Patiala,147004,36,1.85,18,40,In Stock
18/09/26 08:02,SKU_029,Product_Staples_29,Staples,100,491,91,"BD Mall, Manjit Nagar (Near Thapar Uni)",Patiala,147004,60,1.68,30,0,Out of Stock
18/09/26 08:02,SKU_030,Product_Staples_30,Staples,280,330,241,"BD Mall, Manjit Nagar (Near Thapar Uni)",Patiala,147004,38,1.95,19,49,In Stock
18/09/26 08:02,SKU_031,Product_Snacks & Beverages_31,Snacks & Beverages,47,234,42,"BD Mall, Manjit Nagar (Near Thapar Uni)",Patiala,147004,24,1.51,12,40,In Stock
18/09/26 08:02,SKU_032,Product_Staples_32,Staples,287,1029,255,"BD Mall, Manjit Nagar (Near Thapar Uni)",Patiala,147004,51,1.91,25,29,In Stock
18/09/26 08:02,SKU_033,Product_Dairy_33,Dairy/Fresh,81,904,77,"BD Mall, Manjit Nagar (Near Thapar Uni)",Patiala,147004,103,0.98,20,73,In Stock
18/09/26 08:02,SKU_034,Product_Staples_34,Staples,233,1060,223,"BD Mall, Manjit Nagar (Near Thapar Uni)",Patiala,147004,75,1.85,37,74,In Stock
18/09/26 08:02,SKU_035,Product_Dairy_35,Dairy/Fresh,150,1128,131,"BD Mall, Manjit Nagar (Near Thapar Uni)",Patiala,147004,89,0.65,17,78,In Stock
18/09/26 08:02,SKU_036,Product_Snacks & Beverages_36,Snacks & Beverages,274,497,274,"BD Mall, Manjit Nagar (Near Thapar Uni)",Patiala,147004,54,1.2,27,51,In Stock
18/09/26 08:02,SKU_037,Product_Snacks & Beverages_37,Snacks & Beverages,226,1138,201,"BD Mall, Manjit Nagar (Near Thapar Uni)",Patiala,147004,41,1.55,20,53,In Stock
18/09/26 08:02,SKU_038,Product_Dairy_38,Dairy/Fresh,198,963,197,"BD Mall, Manjit Nagar (Near Thapar Uni)",Patiala,147004,96,0.68,19,30,In Stock
18/09/26 08:02,SKU_039,Product_Snacks & Beverages_39,Snacks & Beverages,71,1120,65,"BD Mall, Manjit Nagar (Near Thapar Uni)",Patiala,147004,39,1.88,19,40,In Stock
18/09/26 08:02,SKU_040,Product_Snacks & Beverages_40,Snacks & Beverages,241,584,206,"BD Mall, Manjit Nagar (Near Thapar Uni)",Patiala,147004,41,1.1,20,28,In Stock
18/09/26 08:02,SKU_041,Product_Dairy_41,Dairy/Fresh,256,1294,231,"BD Mall, Manjit Nagar (Near Thapar Uni)",Patiala,147004,58,0.6,11,39,In Stock
18/09/26 08:02,SKU_042,Product_Dairy_42,Dairy/Fresh,32,1283,30,"BD Mall, Manjit Nagar (Near Thapar Uni)",Patiala,147004,123,0.8,24,67,In Stock
18/09/26 09:19,SKU_001,Product_Dairy_1,Dairy/Fresh,290,1230,273,"BD Mall, Manjit Nagar (Near Thapar Uni)",Patiala,147004,101,0.53,20,112,In Stock
18/09/26 09:19,SKU_002,Product_Staples_2,Staples,40,221,38,"BD Mall, Manjit Nagar (Near Thapar Uni)",Patiala,147004,32,1.32,16,42,In Stock
18/09/26 09:19,SKU_003,Product_Dairy_3,Dairy/Fresh,107,1496,105,"BD Mall, Manjit Nagar (Near Thapar Uni)",Patiala,147004,75,0.77,15,69,In Stock
18/09/26 09:19,SKU_004,Product_Snacks & Beverages_4,Snacks & Beverages,171,230,161,"BD Mall, Manjit Nagar (Near Thapar Uni)",Patiala,147004,61,1.62,30,46,In Stock
18/09/26 09:19,SKU_005,Product_Dairy_5,Dairy/Fresh,277,443,248,"BD Mall, Manjit Nagar (Near Thapar Uni)",Patiala,147004,84,0.87,16,20,In Stock
18/09/26 09:19,SKU_006,Product_Staples_6,Staples,211,1055,183,"BD Mall, Manjit Nagar (Near Thapar Uni)",Patiala,147004,28,1.86,14,26,In Stock
18/09/26 09:19,SKU_007,Product_Dairy_7,Dairy/Fresh,41,352,38,"BD Mall, Manjit Nagar (Near Thapar Uni)",Patiala,147004,74,0.89,14,55,In Stock
18/09/26 09:19,SKU_008,Product_Snacks & Beverages_8,Snacks & Beverages,68,574,60,"BD Mall, Manjit Nagar (Near Thapar Uni)",Patiala,147004,31,1.92,15,29,In Stock
18/09/26 09:19,SKU_009,Product_Snacks & Beverages_9,Snacks & Beverages,189,799,172,"BD Mall, Manjit Nagar (Near Thapar Uni)",Patiala,147004,42,1.47,21,35,In Stock
18/09/26 09:19,SKU_010,Product_Dairy_10,Dairy/Fresh,209,1057,205,"BD Mall, Manjit Nagar (Near Thapar Uni)",Patiala,147004,87,0.77,17,34,In Stock
18/09/26 09:19,SKU_011,Product_Staples_11,Staples,70,1367,63,"BD Mall, Manjit Nagar (Near Thapar Uni)",Patiala,147004,52,1.14,26,0,Out of Stock
18/09/26 09:19,SKU_012,Product_Snacks & Beverages_12,Snacks & Beverages,150,746,130,"BD Mall, Manjit Nagar (Near Thapar Uni)",Patiala,147004,37,1,18,40,In Stock
18/09/26 09:19,SKU_013,Product_Dairy_13,Dairy/Fresh,186,1397,168,"BD Mall, Manjit Nagar (Near Thapar Uni)",Patiala,147004,131,0.92,26,132,In Stock
18/09/26 09:19,SKU_014,Product_Personal Care_14,Personal Care,33,341,33,"BD Mall, Manjit Nagar (Near Thapar Uni)",Patiala,147004,78,1.11,39,51,In Stock
18/09/26 09:19,SKU_015,Product_Dairy_15,Dairy/Fresh,72,997,64,"BD Mall, Manjit Nagar (Near Thapar Uni)",Patiala,147004,83,0.71,16,83,In Stock
18/09/26 09:19,SKU_016,Product_Snacks & Beverages_16,Snacks & Beverages,283,134,268,"BD Mall, Manjit Nagar (Near Thapar Uni)",Patiala,147004,28,1.59,14,38,In Stock
18/09/26 09:19,SKU_017,Product_Personal Care_17,Personal Care,69,1125,59,"BD Mall, Manjit Nagar (Near Thapar Uni)",Patiala,147004,42,1.28,21,31,In Stock
18/09/26 09:19,SKU_018,Product_Snacks & Beverages_18,Snacks & Beverages,73,1229,66,"BD Mall, Manjit Nagar (Near Thapar Uni)",Patiala,147004,29,1.18,14,25,In Stock
18/09/26 09:19,SKU_019,Product_Snacks & Beverages_19,Snacks & Beverages,210,501,188,"BD Mall, Manjit Nagar (Near Thapar Uni)",Patiala,147004,38,1.77,19,31,In Stock
18/09/26 09:19,SKU_020,Product_Staples_20,Staples,181,301,158,"BD Mall, Manjit Nagar (Near Thapar Uni)",Patiala,147004,66,1.95,33,41,In Stock
18/09/26 09:19,SKU_021,Product_Staples_21,Staples,289,915,269,"BD Mall, Manjit Nagar (Near Thapar Uni)",Patiala,147004,24,1.1,12,0,Out of Stock
18/09/26 09:19,SKU_022,Product_Dairy_22,Dairy/Fresh,234,1375,216,"BD Mall, Manjit Nagar (Near Thapar Uni)",Patiala,147004,73,0.54,14,58,In Stock
18/09/26 09:19,SKU_023,Product_Dairy_23,Dairy/Fresh,232,819,221,"BD Mall, Manjit Nagar (Near Thapar Uni)",Patiala,147004,74,0.96,14,83,In Stock
18/09/26 09:19,SKU_024,Product_Staples_24,Staples,72,891,64,"BD Mall, Manjit Nagar (Near Thapar Uni)",Patiala,147004,42,1.04,21,30,In Stock
18/09/26 09:19,SKU_025,Product_Dairy_25,Dairy/Fresh,271,287,240,"BD Mall, Manjit Nagar (Near Thapar Uni)",Patiala,147004,101,0.83,20,42,In Stock
18/09/26 09:19,SKU_026,Product_Snacks & Beverages_26,Snacks & Beverages,60,1280,53,"BD Mall, Manjit Nagar (Near Thapar Uni)",Patiala,147004,44,1,22,36,In Stock
18/09/26 09:19,SKU_027,Product_Staples_27,Staples,84,620,74,"BD Mall, Manjit Nagar (Near Thapar Uni)",Patiala,147004,47,1.87,23,45,In Stock
18/09/26 09:19,SKU_028,Product_Staples_28,Staples,155,1186,145,"BD Mall, Manjit Nagar (Near Thapar Uni)",Patiala,147004,53,1.31,26,65,In Stock
18/09/26 09:19,SKU_029,Product_Staples_29,Staples,100,491,91,"BD Mall, Manjit Nagar (Near Thapar Uni)",Patiala,147004,64,1.94,32,68,In Stock
18/09/26 09:19,SKU_030,Product_Staples_30,Staples,280,330,241,"BD Mall, Manjit Nagar (Near Thapar Uni)",Patiala,147004,75,1.32,37,70,In Stock
18/09/26 09:19,SKU_031,Product_Snacks & Beverages_31,Snacks & Beverages,47,234,42,"BD Mall, Manjit Nagar (Near Thapar Uni)",Patiala,147004,67,1.65,33,48,In Stock
18/09/26 09:19,SKU_032,Product_Staples_32,Staples,287,1029,255,"BD Mall, Manjit Nagar (Near Thapar Uni)",Patiala,147004,66,1.08,33,77,In Stock
18/09/26 09:19,SKU_033,Product_Dairy_33,Dairy/Fresh,81,904,77,"BD Mall, Manjit Nagar (Near Thapar Uni)",Patiala,147004,75,0.68,15,65,In Stock
18/09/26 09:19,SKU_034,Product_Staples_34,Staples,233,1060,223,"BD Mall, Manjit Nagar (Near Thapar Uni)",Patiala,147004,29,1.77,14,45,In Stock
18/09/26 09:19,SKU_035,Product_Dairy_35,Dairy/Fresh,150,1128,131,"BD Mall, Manjit Nagar (Near Thapar Uni)",Patiala,147004,134,0.77,26,63,In Stock
18/09/26 09:19,SKU_036,Product_Snacks & Beverages_36,Snacks & Beverages,274,497,274,"BD Mall, Manjit Nagar (Near Thapar Uni)",Patiala,147004,61,1.93,30,69,In Stock
18/09/26 09:19,SKU_037,Product_Snacks & Beverages_37,Snacks & Beverages,226,1138,201,"BD Mall, Manjit Nagar (Near Thapar Uni)",Patiala,147004,76,1.43,38,93,In Stock
18/09/26 09:19,SKU_038,Product_Dairy_38,Dairy/Fresh,198,963,197,"BD Mall, Manjit Nagar (Near Thapar Uni)",Patiala,147004,130,0.6,26,135,In Stock
18/09/26 09:19,SKU_039,Product_Snacks & Beverages_39,Snacks & Beverages,71,1120,65,"BD Mall, Manjit Nagar (Near Thapar Uni)",Patiala,147004,77,1.45,38,42,In Stock
18/09/26 09:19,SKU_040,Product_Snacks & Beverages_40,Snacks & Beverages,241,584,206,"BD Mall, Manjit Nagar (Near Thapar Uni)",Patiala,147004,49,1.98,24,0,Out of Stock
18/09/26 09:19,SKU_041,Product_Dairy_41,Dairy/Fresh,256,1294,231,"BD Mall, Manjit Nagar (Near Thapar Uni)",Patiala,147004,69,0.64,13,51,In Stock
18/09/26 09:19,SKU_042,Product_Dairy_42,Dairy/Fresh,32,1283,30,"BD Mall, Manjit Nagar (Near Thapar Uni)",Patiala,147004,135,0.6,27,67,In Stock
18/09/26 10:06,SKU_001,Product_Dairy_1,Dairy/Fresh,290,1230,273,"BD Mall, Manjit Nagar (Near Thapar Uni)",Patiala,147004,141,0.75,28,75,In Stock
18/09/26 10:06,SKU_002,Product_Staples_2,Staples,40,221,38,"BD Mall, Manjit Nagar (Near Thapar Uni)",Patiala,147004,33,1.85,16,33,In Stock
18/09/26 10:06,SKU_003,Product_Dairy_3,Dairy/Fresh,107,1496,105,"BD Mall, Manjit Nagar (Near Thapar Uni)",Patiala,147004,110,0.62,22,0,Out of Stock
18/09/26 10:06,SKU_004,Product_Snacks & Beverages_4,Snacks & Beverages,171,230,161,"BD Mall, Manjit Nagar (Near Thapar Uni)",Patiala,147004,71,1.62,35,47,In Stock
18/09/26 10:06,SKU_005,Product_Dairy_5,Dairy/Fresh,277,443,248,"BD Mall, Manjit Nagar (Near Thapar Uni)",Patiala,147004,120,0.68,24,73,In Stock
18/09/26 10:06,SKU_006,Product_Staples_6,Staples,211,1055,183,"BD Mall, Manjit Nagar (Near Thapar Uni)",Patiala,147004,53,1.84,26,67,In Stock
18/09/26 10:06,SKU_007,Product_Dairy_7,Dairy/Fresh,41,352,38,"BD Mall, Manjit Nagar (Near Thapar Uni)",Patiala,147004,145,0.78,29,29,In Stock
18/09/26 10:06,SKU_008,Product_Snacks & Beverages_8,Snacks & Beverages,68,574,60,"BD Mall, Manjit Nagar (Near Thapar Uni)",Patiala,147004,54,1.07,27,0,Out of Stock
18/09/26 10:06,SKU_009,Product_Snacks & Beverages_9,Snacks & Beverages,189,799,172,"BD Mall, Manjit Nagar (Near Thapar Uni)",Patiala,147004,30,1.4,15,48,In Stock
18/09/26 10:06,SKU_010,Product_Dairy_10,Dairy/Fresh,209,1057,205,"BD Mall, Manjit Nagar (Near Thapar Uni)",Patiala,147004,136,0.9,27,85,In Stock
18/09/26 10:06,SKU_011,Product_Staples_11,Staples,70,1367,63,"BD Mall, Manjit Nagar (Near Thapar Uni)",Patiala,147004,40,1.85,20,23,In Stock
18/09/26 10:06,SKU_012,Product_Snacks & Beverages_12,Snacks & Beverages,150,746,130,"BD Mall, Manjit Nagar (Near Thapar Uni)",Patiala,147004,40,1.97,20,22,In Stock
18/09/26 10:06,SKU_013,Product_Dairy_13,Dairy/Fresh,186,1397,168,"BD Mall, Manjit Nagar (Near Thapar Uni)",Patiala,147004,132,0.52,26,66,In Stock
18/09/26 10:06,SKU_014,Product_Personal Care_14,Personal Care,33,341,33,"BD Mall, Manjit Nagar (Near Thapar Uni)",Patiala,147004,64,1.06,32,41,In Stock
18/09/26 10:06,SKU_015,Product_Dairy_15,Dairy/Fresh,72,997,64,"BD Mall, Manjit Nagar (Near Thapar Uni)",Patiala,147004,81,0.69,16,43,In Stock
18/09/26 10:06,SKU_016,Product_Snacks & Beverages_16,Snacks & Beverages,283,134,268,"BD Mall, Manjit Nagar (Near Thapar Uni)",Patiala,147004,74,1.57,37,70,In Stock
18/09/26 10:06,SKU_017,Product_Personal Care_17,Personal Care,69,1125,59,"BD Mall, Manjit Nagar (Near Thapar Uni)",Patiala,147004,36,1.45,18,36,In Stock
18/09/26 10:06,SKU_018,Product_Snacks & Beverages_18,Snacks & Beverages,73,1229,66,"BD Mall, Manjit Nagar (Near Thapar Uni)",Patiala,147004,21,1.31,10,19,In Stock
18/09/26 10:06,SKU_019,Product_Snacks & Beverages_19,Snacks & Beverages,210,501,188,"BD Mall, Manjit Nagar (Near Thapar Uni)",Patiala,147004,31,1.5,15,50,In Stock
18/09/26 10:06,SKU_020,Product_Staples_20,Staples,181,301,158,"BD Mall, Manjit Nagar (Near Thapar Uni)",Patiala,147004,76,1.34,38,94,In Stock
18/09/26 10:06,SKU_021,Product_Staples_21,Staples,289,915,269,"BD Mall, Manjit Nagar (Near Thapar Uni)",Patiala,147004,61,1.76,30,72,In Stock
18/09/26 10:06,SKU_022,Product_Dairy_22,Dairy/Fresh,234,1375,216,"BD Mall, Manjit Nagar (Near Thapar Uni)",Patiala,147004,65,0.92,13,15,In Stock
18/09/26 10:06,SKU_023,Product_Dairy_23,Dairy/Fresh,232,819,221,"BD Mall, Manjit Nagar (Near Thapar Uni)",Patiala,147004,89,0.63,17,39,In Stock
18/09/26 10:06,SKU_024,Product_Staples_24,Staples,72,891,64,"BD Mall, Manjit Nagar (Near Thapar Uni)",Patiala,147004,78,1.54,39,55,In Stock
18/09/26 10:06,SKU_025,Product_Dairy_25,Dairy/Fresh,271,287,240,"BD Mall, Manjit Nagar (Near Thapar Uni)",Patiala,147004,67,0.77,13,83,In Stock
18/09/26 10:06,SKU_026,Product_Snacks & Beverages_26,Snacks & Beverages,60,1280,53,"BD Mall, Manjit Nagar (Near Thapar Uni)",Patiala,147004,35,1.85,17,42,In Stock
18/09/26 10:06,SKU_027,Product_Staples_27,Staples,84,620,74,"BD Mall, Manjit Nagar (Near Thapar Uni)",Patiala,147004,68,1.56,34,76,In Stock
18/09/26 10:06,SKU_028,Product_Staples_28,Staples,155,1186,145,"BD Mall, Manjit Nagar (Near Thapar Uni)",Patiala,147004,70,1.21,35,52,In Stock
18/09/26 10:06,SKU_029,Product_Staples_29,Staples,100,491,91,"BD Mall, Manjit Nagar (Near Thapar Uni)",Patiala,147004,37,1.62,18,23,In Stock
18/09/26 10:06,SKU_030,Product_Staples_30,Staples,280,330,241,"BD Mall, Manjit Nagar (Near Thapar Uni)",Patiala,147004,54,1.36,27,57,In Stock
18/09/26 10:06,SKU_031,Product_Snacks & Beverages_31,Snacks & Beverages,47,234,42,"BD Mall, Manjit Nagar (Near Thapar Uni)",Patiala,147004,72,1.84,36,64,In Stock
18/09/26 10:06,SKU_032,Product_Staples_32,Staples,287,1029,255,"BD Mall, Manjit Nagar (Near Thapar Uni)",Patiala,147004,78,1.45,39,47,In Stock
18/09/26 10:06,SKU_033,Product_Dairy_33,Dairy/Fresh,81,904,77,"BD Mall, Manjit Nagar (Near Thapar Uni)",Patiala,147004,100,0.86,20,54,In Stock
18/09/26 10:06,SKU_034,Product_Staples_34,Staples,233,1060,223,"BD Mall, Manjit Nagar (Near Thapar Uni)",Patiala,147004,35,1.1,17,33,In Stock
18/09/26 10:06,SKU_035,Product_Dairy_35,Dairy/Fresh,150,1128,131,"BD Mall, Manjit Nagar (Near Thapar Uni)",Patiala,147004,53,0.6,10,69,In Stock
18/09/26 10:06,SKU_036,Product_Snacks & Beverages_36,Snacks & Beverages,274,497,274,"BD Mall, Manjit Nagar (Near Thapar Uni)",Patiala,147004,76,1.98,38,49,In Stock
18/09/26 10:06,SKU_037,Product_Snacks & Beverages_37,Snacks & Beverages,226,1138,201,"BD Mall, Manjit Nagar (Near Thapar Uni)",Patiala,147004,63,1.81,31,66,In Stock
18/09/26 10:06,SKU_038,Product_Dairy_38,Dairy/Fresh,198,963,197,"BD Mall, Manjit Nagar (Near Thapar Uni)",Patiala,147004,78,0.76,15,66,In Stock
18/09/26 10:06,SKU_039,Product_Snacks & Beverages_39,Snacks & Beverages,71,1120,65,"BD Mall, Manjit Nagar (Near Thapar Uni)",Patiala,147004,66,1.28,33,80,In Stock
18/09/26 10:06,SKU_040,Product_Snacks & Beverages_40,Snacks & Beverages,241,584,206,"BD Mall, Manjit Nagar (Near Thapar Uni)",Patiala,147004,66,1.33,33,56,In Stock
18/09/26 10:06,SKU_041,Product_Dairy_41,Dairy/Fresh,256,1294,231,"BD Mall, Manjit Nagar (Near Thapar Uni)",Patiala,147004,81,0.75,16,89,In Stock
18/09/26 10:06,SKU_042,Product_Dairy_42,Dairy/Fresh,32,1283,30,"BD Mall, Manjit Nagar (Near Thapar Uni)",Patiala,147004,59,0.56,11,0,Out of Stock
18/09/26 11:40,SKU_001,Product_Dairy_1,Dairy/Fresh,290,1230,273,"BD Mall, Manjit Nagar (Near Thapar Uni)",Patiala,147004,123,0.9,24,87,In Stock
18/09/26 11:40,SKU_002,Product_Staples_2,Staples,40,221,38,"BD Mall, Manjit Nagar (Near Thapar Uni)",Patiala,147004,79,1.51,39,0,Out of Stock
18/09/26 11:40,SKU_003,Product_Dairy_3,Dairy/Fresh,107,1496,105,"BD Mall, Manjit Nagar (Near Thapar Uni)",Patiala,147004,83,0.95,16,44,In Stock
18/09/26 11:40,SKU_004,Product_Snacks & Beverages_4,Snacks & Beverages,171,230,161,"BD Mall, Manjit Nagar (Near Thapar Uni)",Patiala,147004,23,1.44,11,17,In Stock
18/09/26 11:40,SKU_005,Product_Dairy_5,Dairy/Fresh,277,443,248,"BD Mall, Manjit Nagar (Near Thapar Uni)",Patiala,147004,136,0.97,27,0,Out of Stock
18/09/26 11:40,SKU_006,Product_Staples_6,Staples,211,1055,183,"BD Mall, Manjit Nagar (Near Thapar Uni)",Patiala,147004,73,1.56,36,74,In Stock
18/09/26 11:40,SKU_007,Product_Dairy_7,Dairy/Fresh,41,352,38,"BD Mall, Manjit Nagar (Near Thapar Uni)",Patiala,147004,141,0.84,28,0,Out of Stock
18/09/26 11:40,SKU_008,Product_Snacks & Beverages_8,Snacks & Beverages,68,574,60,"BD Mall, Manjit Nagar (Near Thapar Uni)",Patiala,147004,45,1.79,22,49,In Stock
18/09/26 11:40,SKU_009,Product_Snacks & Beverages_9,Snacks & Beverages,189,799,172,"BD Mall, Manjit Nagar (Near Thapar Uni)",Patiala,147004,78,1.58,39,56,In Stock
18/09/26 11:40,SKU_010,Product_Dairy_10,Dairy/Fresh,209,1057,205,"BD Mall, Manjit Nagar (Near Thapar Uni)",Patiala,147004,56,0.8,11,51,In Stock
18/09/26 11:40,SKU_011,Product_Staples_11,Staples,70,1367,63,"BD Mall, Manjit Nagar (Near Thapar Uni)",Patiala,147004,46,1.93,23,0,Out of Stock
18/09/26 11:40,SKU_012,Product_Snacks & Beverages_12,Snacks & Beverages,150,746,130,"BD Mall, Manjit Nagar (Near Thapar Uni)",Patiala,147004,34,1.43,17,27,In Stock
18/09/26 11:40,SKU_013,Product_Dairy_13,Dairy/Fresh,186,1397,168,"BD Mall, Manjit Nagar (Near Thapar Uni)",Patiala,147004,114,0.58,22,86,In Stock
18/09/26 11:40,SKU_014,Product_Personal Care_14,Personal Care,33,341,33,"BD Mall, Manjit Nagar (Near Thapar Uni)",Patiala,147004,26,1.98,13,29,In Stock
18/09/26 11:40,SKU_015,Product_Dairy_15,Dairy/Fresh,72,997,64,"BD Mall, Manjit Nagar (Near Thapar Uni)",Patiala,147004,116,0.68,23,122,In Stock
18/09/26 11:40,SKU_016,Product_Snacks & Beverages_16,Snacks & Beverages,283,134,268,"BD Mall, Manjit Nagar (Near Thapar Uni)",Patiala,147004,74,1.32,37,0,Out of Stock
18/09/26 11:40,SKU_017,Product_Personal Care_17,Personal Care,69,1125,59,"BD Mall, Manjit Nagar (Near Thapar Uni)",Patiala,147004,65,1.46,32,77,In Stock
18/09/26 11:40,SKU_018,Product_Snacks & Beverages_18,Snacks & Beverages,73,1229,66,"BD Mall, Manjit Nagar (Near Thapar Uni)",Patiala,147004,59,1.42,29,37,In Stock
18/09/26 11:40,SKU_019,Product_Snacks & Beverages_19,Snacks & Beverages,210,501,188,"BD Mall, Manjit Nagar (Near Thapar Uni)",Patiala,147004,79,1.15,39,83,In Stock
18/09/26 11:40,SKU_020,Product_Staples_20,Staples,181,301,158,"BD Mall, Manjit Nagar (Near Thapar Uni)",Patiala,147004,31,1.96,15,42,In Stock
18/09/26 11:40,SKU_021,Product_Staples_21,Staples,289,915,269,"BD Mall, Manjit Nagar (Near Thapar Uni)",Patiala,147004,32,1.4,16,48,In Stock
18/09/26 11:40,SKU_022,Product_Dairy_22,Dairy/Fresh,234,1375,216,"BD Mall, Manjit Nagar (Near Thapar Uni)",Patiala,147004,100,0.82,20,22,In Stock
18/09/26 11:40,SKU_023,Product_Dairy_23,Dairy/Fresh,232,819,221,"BD Mall, Manjit Nagar (Near Thapar Uni)",Patiala,147004,146,0.78,29,164,In Stock
18/09/26 11:40,SKU_024,Product_Staples_24,Staples,72,891,64,"BD Mall, Manjit Nagar (Near Thapar Uni)",Patiala,147004,36,1.55,18,23,In Stock
18/09/26 11:40,SKU_025,Product_Dairy_25,Dairy/Fresh,271,287,240,"BD Mall, Manjit Nagar (Near Thapar Uni)",Patiala,147004,57,0.67,11,0,Out of Stock
18/09/26 11:40,SKU_026,Product_Snacks & Beverages_26,Snacks & Beverages,60,1280,53,"BD Mall, Manjit Nagar (Near Thapar Uni)",Patiala,147004,55,1.76,27,32,In Stock
18/09/26 11:40,SKU_027,Product_Staples_27,Staples,84,620,74,"BD Mall, Manjit Nagar (Near Thapar Uni)",Patiala,147004,40,1.58,20,48,In Stock
18/09/26 11:40,SKU_028,Product_Staples_28,Staples,155,1186,145,"BD Mall, Manjit Nagar (Near Thapar Uni)",Patiala,147004,27,1.63,13,24,In Stock
18/09/26 11:40,SKU_029,Product_Staples_29,Staples,100,491,91,"BD Mall, Manjit Nagar (Near Thapar Uni)",Patiala,147004,24,1.05,12,20,In Stock
18/09/26 11:40,SKU_030,Product_Staples_30,Staples,280,330,241,"BD Mall, Manjit Nagar (Near Thapar Uni)",Patiala,147004,45,1.21,22,62,In Stock
18/09/26 11:40,SKU_031,Product_Snacks & Beverages_31,Snacks & Beverages,47,234,42,"BD Mall, Manjit Nagar (Near Thapar Uni)",Patiala,147004,35,1.07,17,35,In Stock
18/09/26 11:40,SKU_032,Product_Staples_32,Staples,287,1029,255,"BD Mall, Manjit Nagar (Near Thapar Uni)",Patiala,147004,55,1.29,27,43,In Stock
18/09/26 11:40,SKU_033,Product_Dairy_33,Dairy/Fresh,81,904,77,"BD Mall, Manjit Nagar (Near Thapar Uni)",Patiala,147004,65,0.65,13,66,In Stock
18/09/26 11:40,SKU_034,Product_Staples_34,Staples,233,1060,223,"BD Mall, Manjit Nagar (Near Thapar Uni)",Patiala,147004,73,1.57,36,83,In Stock
18/09/26 11:40,SKU_035,Product_Dairy_35,Dairy/Fresh,150,1128,131,"BD Mall, Manjit Nagar (Near Thapar Uni)",Patiala,147004,86,0.55,17,60,In Stock
18/09/26 11:40,SKU_036,Product_Snacks & Beverages_36,Snacks & Beverages,274,497,274,"BD Mall, Manjit Nagar (Near Thapar Uni)",Patiala,147004,66,1.55,33,0,Out of Stock
18/09/26 11:40,SKU_037,Product_Snacks & Beverages_37,Snacks & Beverages,226,1138,201,"BD Mall, Manjit Nagar (Near Thapar Uni)",Patiala,147004,31,1.27,15,49,In Stock
18/09/26 11:40,SKU_038,Product_Dairy_38,Dairy/Fresh,198,963,197,"BD Mall, Manjit Nagar (Near Thapar Uni)",Patiala,147004,63,0.56,12,60,In Stock
18/09/26 11:40,SKU_039,Product_Snacks & Beverages_39,Snacks & Beverages,71,1120,65,"BD Mall, Manjit Nagar (Near Thapar Uni)",Patiala,147004,49,1.14,24,39,In Stock
18/09/26 11:40,SKU_040,Product_Snacks & Beverages_40,Snacks & Beverages,241,584,206,"BD Mall, Manjit Nagar (Near Thapar Uni)",Patiala,147004,42,1.85,21,41,In Stock
18/09/26 11:40,SKU_041,Product_Dairy_41,Dairy/Fresh,256,1294,231,"BD Mall, Manjit Nagar (Near Thapar Uni)",Patiala,147004,97,0.92,19,30,In Stock
18/09/26 11:40,SKU_042,Product_Dairy_42,Dairy/Fresh,32,1283,30,"BD Mall, Manjit Nagar (Near Thapar Uni)",Patiala,147004,131,0.52,26,149,In Stock
18/09/26 12:39,SKU_001,Product_Dairy_1,Dairy/Fresh,290,1230,273,"BD Mall, Manjit Nagar (Near Thapar Uni)",Patiala,147004,56,0.62,11,18,In Stock
18/09/26 12:39,SKU_002,Product_Staples_2,Staples,40,221,38,"BD Mall, Manjit Nagar (Near Thapar Uni)",Patiala,147004,26,1.87,13,33,In Stock
18/09/26 12:39,SKU_003,Product_Dairy_3,Dairy/Fresh,107,1496,105,"BD Mall, Manjit Nagar (Near Thapar Uni)",Patiala,147004,56,0.5,11,58,In Stock
18/09/26 12:39,SKU_004,Product_Snacks & Beverages_4,Snacks & Beverages,171,230,161,"BD Mall, Manjit Nagar (Near Thapar Uni)",Patiala,147004,71,1.66,35,42,In Stock
18/09/26 12:39,SKU_005,Product_Dairy_5,Dairy/Fresh,277,443,248,"BD Mall, Manjit Nagar (Near Thapar Uni)",Patiala,147004,72,0.98,14,41,In Stock
18/09/26 12:39,SKU_006,Product_Staples_6,Staples,211,1055,183,"BD Mall, Manjit Nagar (Near Thapar Uni)",Patiala,147004,56,1.26,28,43,In Stock
18/09/26 12:39,SKU_007,Product_Dairy_7,Dairy/Fresh,41,352,38,"BD Mall, Manjit Nagar (Near Thapar Uni)",Patiala,147004,68,0.63,13,22,In Stock
18/09/26 12:39,SKU_008,Product_Snacks & Beverages_8,Snacks & Beverages,68,574,60,"BD Mall, Manjit Nagar (Near Thapar Uni)",Patiala,147004,22,1.8,11,30,In Stock
18/09/26 12:39,SKU_009,Product_Snacks & Beverages_9,Snacks & Beverages,189,799,172,"BD Mall, Manjit Nagar (Near Thapar Uni)",Patiala,147004,34,1.3,17,31,In Stock
18/09/26 12:39,SKU_010,Product_Dairy_10,Dairy/Fresh,209,1057,205,"BD Mall, Manjit Nagar (Near Thapar Uni)",Patiala,147004,78,0.62,15,18,In Stock
18/09/26 12:39,SKU_011,Product_Staples_11,Staples,70,1367,63,"BD Mall, Manjit Nagar (Near Thapar Uni)",Patiala,147004,66,1.76,33,58,In Stock
18/09/26 12:39,SKU_012,Product_Snacks & Beverages_12,Snacks & Beverages,150,746,130,"BD Mall, Manjit Nagar (Near Thapar Uni)",Patiala,147004,65,1.3,32,46,In Stock
18/09/26 12:39,SKU_013,Product_Dairy_13,Dairy/Fresh,186,1397,168,"BD Mall, Manjit Nagar (Near Thapar Uni)",Patiala,147004,51,0.86,10,45,In Stock
18/09/26 12:39,SKU_014,Product_Personal Care_14,Personal Care,33,341,33,"BD Mall, Manjit Nagar (Near Thapar Uni)",Patiala,147004,38,1.19,19,50,In Stock
18/09/26 12:39,SKU_015,Product_Dairy_15,Dairy/Fresh,72,997,64,"BD Mall, Manjit Nagar (Near Thapar Uni)",Patiala,147004,96,0.7,19,80,In Stock
18/09/26 12:39,SKU_016,Product_Snacks & Beverages_16,Snacks & Beverages,283,134,268,"BD Mall, Manjit Nagar (Near Thapar Uni)",Patiala,147004,61,1.72,30,72,In Stock
18/09/26 12:39,SKU_017,Product_Personal Care_17,Personal Care,69,1125,59,"BD Mall, Manjit Nagar (Near Thapar Uni)",Patiala,147004,40,1.27,20,57,In Stock
18/09/26 12:39,SKU_018,Product_Snacks & Beverages_18,Snacks & Beverages,73,1229,66,"BD Mall, Manjit Nagar (Near Thapar Uni)",Patiala,147004,56,1.82,28,31,In Stock
18/09/26 12:39,SKU_019,Product_Snacks & Beverages_19,Snacks & Beverages,210,501,188,"BD Mall, Manjit Nagar (Near Thapar Uni)",Patiala,147004,46,2,23,63,In Stock
18/09/26 12:39,SKU_020,Product_Staples_20,Staples,181,301,158,"BD Mall, Manjit Nagar (Near Thapar Uni)",Patiala,147004,74,1.08,37,45,In Stock
18/09/26 12:39,SKU_021,Product_Staples_21,Staples,289,915,269,"BD Mall, Manjit Nagar (Near Thapar Uni)",Patiala,147004,71,1.47,35,69,In Stock
18/09/26 12:39,SKU_022,Product_Dairy_22,Dairy/Fresh,234,1375,216,"BD Mall, Manjit Nagar (Near Thapar Uni)",Patiala,147004,61,0.79,12,66,In Stock
18/09/26 12:39,SKU_023,Product_Dairy_23,Dairy/Fresh,232,819,221,"BD Mall, Manjit Nagar (Near Thapar Uni)",Patiala,147004,69,0.95,13,40,In Stock
18/09/26 12:39,SKU_024,Product_Staples_24,Staples,72,891,64,"BD Mall, Manjit Nagar (Near Thapar Uni)",Patiala,147004,44,1.76,22,58,In Stock
18/09/26 12:39,SKU_025,Product_Dairy_25,Dairy/Fresh,271,287,240,"BD Mall, Manjit Nagar (Near Thapar Uni)",Patiala,147004,86,0.77,17,63,In Stock
18/09/26 12:39,SKU_026,Product_Snacks & Beverages_26,Snacks & Beverages,60,1280,53,"BD Mall, Manjit Nagar (Near Thapar Uni)",Patiala,147004,55,1.45,27,35,In Stock
18/09/26 12:39,SKU_027,Product_Staples_27,Staples,84,620,74,"BD Mall, Manjit Nagar (Near Thapar Uni)",Patiala,147004,21,1.59,10,11,In Stock
18/09/26 12:39,SKU_028,Product_Staples_28,Staples,155,1186,145,"BD Mall, Manjit Nagar (Near Thapar Uni)",Patiala,147004,41,1.97,20,0,Out of Stock
18/09/26 12:39,SKU_029,Product_Staples_29,Staples,100,491,91,"BD Mall, Manjit Nagar (Near Thapar Uni)",Patiala,147004,51,1.33,25,68,In Stock
18/09/26 12:39,SKU_030,Product_Staples_30,Staples,280,330,241,"BD Mall, Manjit Nagar (Near Thapar Uni)",Patiala,147004,35,1.92,17,21,In Stock
18/09/26 12:39,SKU_031,Product_Snacks & Beverages_31,Snacks & Beverages,47,234,42,"BD Mall, Manjit Nagar (Near Thapar Uni)",Patiala,147004,37,1.27,18,27,In Stock
18/09/26 12:39,SKU_032,Product_Staples_32,Staples,287,1029,255,"BD Mall, Manjit Nagar (Near Thapar Uni)",Patiala,147004,24,1.99,12,39,In Stock
18/09/26 12:39,SKU_033,Product_Dairy_33,Dairy/Fresh,81,904,77,"BD Mall, Manjit Nagar (Near Thapar Uni)",Patiala,147004,135,0.64,27,105,In Stock
18/09/26 12:39,SKU_034,Product_Staples_34,Staples,233,1060,223,"BD Mall, Manjit Nagar (Near Thapar Uni)",Patiala,147004,55,1.46,27,40,In Stock
18/09/26 12:39,SKU_035,Product_Dairy_35,Dairy/Fresh,150,1128,131,"BD Mall, Manjit Nagar (Near Thapar Uni)",Patiala,147004,130,0.84,26,71,In Stock
18/09/26 12:39,SKU_036,Product_Snacks & Beverages_36,Snacks & Beverages,274,497,274,"BD Mall, Manjit Nagar (Near Thapar Uni)",Patiala,147004,64,1.27,32,54,In Stock
18/09/26 12:39,SKU_037,Product_Snacks & Beverages_37,Snacks & Beverages,226,1138,201,"BD Mall, Manjit Nagar (Near Thapar Uni)",Patiala,147004,38,1.27,19,31,In Stock
18/09/26 12:39,SKU_038,Product_Dairy_38,Dairy/Fresh,198,963,197,"BD Mall, Manjit Nagar (Near Thapar Uni)",Patiala,147004,108,0.87,21,36,In Stock
18/09/26 12:39,SKU_039,Product_Snacks & Beverages_39,Snacks & Beverages,71,1120,65,"BD Mall, Manjit Nagar (Near Thapar Uni)",Patiala,147004,53,1.11,26,55,In Stock
18/09/26 12:39,SKU_040,Product_Snacks & Beverages_40,Snacks & Beverages,241,584,206,"BD Mall, Manjit Nagar (Near Thapar Uni)",Patiala,147004,32,1.35,16,23,In Stock
18/09/26 12:39,SKU_041,Product_Dairy_41,Dairy/Fresh,256,1294,231,"BD Mall, Manjit Nagar (Near Thapar Uni)",Patiala,147004,130,0.83,26,106,In Stock
18/09/26 12:39,SKU_042,Product_Dairy_42,Dairy/Fresh,32,1283,30,"BD Mall, Manjit Nagar (Near Thapar Uni)",Patiala,147004,130,0.56,26,55,In Stock
18/09/26 13:17,SKU_001,Product_Dairy_1,Dairy/Fresh,290,1230,273,"BD Mall, Manjit Nagar (Near Thapar Uni)",Patiala,147004,63,0.97,12,76,In Stock
18/09/26 13:17,SKU_002,Product_Staples_2,Staples,40,221,38,"BD Mall, Manjit Nagar (Near Thapar Uni)",Patiala,147004,55,1.85,27,50,In Stock
18/09/26 13:17,SKU_003,Product_Dairy_3,Dairy/Fresh,107,1496,105,"BD Mall, Manjit Nagar (Near Thapar Uni)",Patiala,147004,89,0.89,17,64,In Stock
18/09/26 13:17,SKU_004,Product_Snacks & Beverages_4,Snacks & Beverages,171,230,161,"BD Mall, Manjit Nagar (Near Thapar Uni)",Patiala,147004,71,1.96,35,83,In Stock
18/09/26 13:17,SKU_005,Product_Dairy_5,Dairy/Fresh,277,443,248,"BD Mall, Manjit Nagar (Near Thapar Uni)",Patiala,147004,74,0.97,14,0,Out of Stock
18/09/26 13:17,SKU_006,Product_Staples_6,Staples,211,1055,183,"BD Mall, Manjit Nagar (Near Thapar Uni)",Patiala,147004,66,1.18,33,57,In Stock
18/09/26 13:17,SKU_007,Product_Dairy_7,Dairy/Fresh,41,352,38,"BD Mall, Manjit Nagar (Near Thapar Uni)",Patiala,147004,71,0.88,14,27,In Stock
18/09/26 13:17,SKU_008,Product_Snacks & Beverages_8,Snacks & Beverages,68,574,60,"BD Mall, Manjit Nagar (Near Thapar Uni)",Patiala,147004,28,1.65,14,46,In Stock
18/09/26 13:17,SKU_009,Product_Snacks & Beverages_9,Snacks & Beverages,189,799,172,"BD Mall, Manjit Nagar (Near Thapar Uni)",Patiala,147004,58,1.03,29,45,In Stock
18/09/26 13:17,SKU_010,Product_Dairy_10,Dairy/Fresh,209,1057,205,"BD Mall, Manjit Nagar (Near Thapar Uni)",Patiala,147004,107,0.81,21,51,In Stock
18/09/26 13:17,SKU_011,Product_Staples_11,Staples,70,1367,63,"BD Mall, Manjit Nagar (Near Thapar Uni)",Patiala,147004,38,1.13,19,28,In Stock
18/09/26 13:17,SKU_012,Product_Snacks & Beverages_12,Snacks & Beverages,150,746,130,"BD Mall, Manjit Nagar (Near Thapar Uni)",Patiala,147004,57,1.25,28,33,In Stock
18/09/26 13:17,SKU_013,Product_Dairy_13,Dairy/Fresh,186,1397,168,"BD Mall, Manjit Nagar (Near Thapar Uni)",Patiala,147004,136,0.98,27,129,In Stock
18/09/26 13:17,SKU_014,Product_Personal Care_14,Personal Care,33,341,33,"BD Mall, Manjit Nagar (Near Thapar Uni)",Patiala,147004,71,1.49,35,59,In Stock
18/09/26 13:17,SKU_015,Product_Dairy_15,Dairy/Fresh,72,997,64,"BD Mall, Manjit Nagar (Near Thapar Uni)",Patiala,147004,124,0.64,24,125,In Stock
18/09/26 13:17,SKU_016,Product_Snacks & Beverages_16,Snacks & Beverages,283,134,268,"BD Mall, Manjit Nagar (Near Thapar Uni)",Patiala,147004,34,1.67,17,53,In Stock
18/09/26 13:17,SKU_017,Product_Personal Care_17,Personal Care,69,1125,59,"BD Mall, Manjit Nagar (Near Thapar Uni)",Patiala,147004,76,1.6,38,67,In Stock
18/09/26 13:17,SKU_018,Product_Snacks & Beverages_18,Snacks & Beverages,73,1229,66,"BD Mall, Manjit Nagar (Near Thapar Uni)",Patiala,147004,39,1.29,19,52,In Stock
18/09/26 13:17,SKU_019,Product_Snacks & Beverages_19,Snacks & Beverages,210,501,188,"BD Mall, Manjit Nagar (Near Thapar Uni)",Patiala,147004,28,1.01,14,31,In Stock
18/09/26 13:17,SKU_020,Product_Staples_20,Staples,181,301,158,"BD Mall, Manjit Nagar (Near Thapar Uni)",Patiala,147004,51,1.08,25,48,In Stock
18/09/26 13:17,SKU_021,Product_Staples_21,Staples,289,915,269,"BD Mall, Manjit Nagar (Near Thapar Uni)",Patiala,147004,23,1.39,11,41,In Stock
18/09/26 13:17,SKU_022,Product_Dairy_22,Dairy/Fresh,234,1375,216,"BD Mall, Manjit Nagar (Near Thapar Uni)",Patiala,147004,87,0.71,17,0,Out of Stock
18/09/26 13:17,SKU_023,Product_Dairy_23,Dairy/Fresh,232,819,221,"BD Mall, Manjit Nagar (Near Thapar Uni)",Patiala,147004,83,0.81,16,71,In Stock
18/09/26 13:17,SKU_024,Product_Staples_24,Staples,72,891,64,"BD Mall, Manjit Nagar (Near Thapar Uni)",Patiala,147004,24,1.63,12,38,In Stock
18/09/26 13:17,SKU_025,Product_Dairy_25,Dairy/Fresh,271,287,240,"BD Mall, Manjit Nagar (Near Thapar Uni)",Patiala,147004,86,0.86,17,74,In Stock
18/09/26 13:17,SKU_026,Product_Snacks & Beverages_26,Snacks & Beverages,60,1280,53,"BD Mall, Manjit Nagar (Near Thapar Uni)",Patiala,147004,42,1.23,21,0,Out of Stock
18/09/26 13:17,SKU_027,Product_Staples_27,Staples,84,620,74,"BD Mall, Manjit Nagar (Near Thapar Uni)",Patiala,147004,30,1.34,15,35,In Stock
18/09/26 13:17,SKU_028,Product_Staples_28,Staples,155,1186,145,"BD Mall, Manjit Nagar (Near Thapar Uni)",Patiala,147004,56,1.61,28,0,Out of Stock
18/09/26 13:17,SKU_029,Product_Staples_29,Staples,100,491,91,"BD Mall, Manjit Nagar (Near Thapar Uni)",Patiala,147004,41,1.86,20,58,In Stock
18/09/26 13:17,SKU_030,Product_Staples_30,Staples,280,330,241,"BD Mall, Manjit Nagar (Near Thapar Uni)",Patiala,147004,77,1.75,38,60,In Stock
18/09/26 13:17,SKU_031,Product_Snacks & Beverages_31,Snacks & Beverages,47,234,42,"BD Mall, Manjit Nagar (Near Thapar Uni)",Patiala,147004,23,1.55,11,17,In Stock
18/09/26 13:17,SKU_032,Product_Staples_32,Staples,287,1029,255,"BD Mall, Manjit Nagar (Near Thapar Uni)",Patiala,147004,48,1.36,24,67,In Stock
18/09/26 13:17,SKU_033,Product_Dairy_33,Dairy/Fresh,81,904,77,"BD Mall, Manjit Nagar (Near Thapar Uni)",Patiala,147004,80,0.69,16,62,In Stock
18/09/26 13:17,SKU_034,Product_Staples_34,Staples,233,1060,223,"BD Mall, Manjit Nagar (Near Thapar Uni)",Patiala,147004,53,1.88,26,40,In Stock
18/09/26 13:17,SKU_035,Product_Dairy_35,Dairy/Fresh,150,1128,131,"BD Mall, Manjit Nagar (Near Thapar Uni)",Patiala,147004,140,0.55,28,134,In Stock
18/09/26 13:17,SKU_036,Product_Snacks & Beverages_36,Snacks & Beverages,274,497,274,"BD Mall, Manjit Nagar (Near Thapar Uni)",Patiala,147004,61,1.99,30,31,In Stock
18/09/26 13:17,SKU_037,Product_Snacks & Beverages_37,Snacks & Beverages,226,1138,201,"BD Mall, Manjit Nagar (Near Thapar Uni)",Patiala,147004,28,1.66,14,33,In Stock
18/09/26 13:17,SKU_038,Product_Dairy_38,Dairy/Fresh,198,963,197,"BD Mall, Manjit Nagar (Near Thapar Uni)",Patiala,147004,61,0.89,12,39,In Stock
18/09/26 13:17,SKU_039,Product_Snacks & Beverages_39,Snacks & Beverages,71,1120,65,"BD Mall, Manjit Nagar (Near Thapar Uni)",Patiala,147004,50,1.04,25,39,In Stock
18/09/26 13:17,SKU_040,Product_Snacks & Beverages_40,Snacks & Beverages,241,584,206,"BD Mall, Manjit Nagar (Near Thapar Uni)",Patiala,147004,26,1.61,13,28,In Stock
18/09/26 13:17,SKU_041,Product_Dairy_41,Dairy/Fresh,256,1294,231,"BD Mall, Manjit Nagar (Near Thapar Uni)",Patiala,147004,59,0.62,11,57,In Stock
18/09/26 13:17,SKU_042,Product_Dairy_42,Dairy/Fresh,32,1283,30,"BD Mall, Manjit Nagar (Near Thapar Uni)",Patiala,147004,94,0.7,18,80,In Stock
18/09/26 14:00,SKU_001,Product_Dairy_1,Dairy/Fresh,290,1230,273,"BD Mall, Manjit Nagar (Near Thapar Uni)",Patiala,147004,66,0.89,13,24,In Stock
18/09/26 14:00,SKU_002,Product_Staples_2,Staples,40,221,38,"BD Mall, Manjit Nagar (Near Thapar Uni)",Patiala,147004,49,1.89,24,62,In Stock
18/09/26 14:00,SKU_003,Product_Dairy_3,Dairy/Fresh,107,1496,105,"BD Mall, Manjit Nagar (Near Thapar Uni)",Patiala,147004,134,0.61,26,128,In Stock
18/09/26 14:00,SKU_004,Product_Snacks & Beverages_4,Snacks & Beverages,171,230,161,"BD Mall, Manjit Nagar (Near Thapar Uni)",Patiala,147004,54,1.41,27,69,In Stock
18/09/26 14:00,SKU_005,Product_Dairy_5,Dairy/Fresh,277,443,248,"BD Mall, Manjit Nagar (Near Thapar Uni)",Patiala,147004,111,0.8,22,105,In Stock
18/09/26 14:00,SKU_006,Product_Staples_6,Staples,211,1055,183,"BD Mall, Manjit Nagar (Near Thapar Uni)",Patiala,147004,40,1.71,20,48,In Stock
18/09/26 14:00,SKU_007,Product_Dairy_7,Dairy/Fresh,41,352,38,"BD Mall, Manjit Nagar (Near Thapar Uni)",Patiala,147004,113,0.75,22,128,In Stock
18/09/26 14:00,SKU_008,Product_Snacks & Beverages_8,Snacks & Beverages,68,574,60,"BD Mall, Manjit Nagar (Near Thapar Uni)",Patiala,147004,38,1.61,19,0,Out of Stock
18/09/26 14:00,SKU_009,Product_Snacks & Beverages_9,Snacks & Beverages,189,799,172,"BD Mall, Manjit Nagar (Near Thapar Uni)",Patiala,147004,50,1.51,25,29,In Stock
18/09/26 14:00,SKU_010,Product_Dairy_10,Dairy/Fresh,209,1057,205,"BD Mall, Manjit Nagar (Near Thapar Uni)",Patiala,147004,114,0.74,22,81,In Stock
18/09/26 14:00,SKU_011,Product_Staples_11,Staples,70,1367,63,"BD Mall, Manjit Nagar (Near Thapar Uni)",Patiala,147004,51,1.59,25,26,In Stock
18/09/26 14:00,SKU_012,Product_Snacks & Beverages_12,Snacks & Beverages,150,746,130,"BD Mall, Manjit Nagar (Near Thapar Uni)",Patiala,147004,21,1.23,10,32,In Stock
18/09/26 14:00,SKU_013,Product_Dairy_13,Dairy/Fresh,186,1397,168,"BD Mall, Manjit Nagar (Near Thapar Uni)",Patiala,147004,85,0.91,17,42,In Stock
18/09/26 14:00,SKU_014,Product_Personal Care_14,Personal Care,33,341,33,"BD Mall, Manjit Nagar (Near Thapar Uni)",Patiala,147004,71,1.59,35,41,In Stock
18/09/26 14:00,SKU_015,Product_Dairy_15,Dairy/Fresh,72,997,64,"BD Mall, Manjit Nagar (Near Thapar Uni)",Patiala,147004,78,0.57,15,88,In Stock
18/09/26 14:00,SKU_016,Product_Snacks & Beverages_16,Snacks & Beverages,283,134,268,"BD Mall, Manjit Nagar (Near Thapar Uni)",Patiala,147004,21,1.45,10,14,In Stock
18/09/26 14:00,SKU_017,Product_Personal Care_17,Personal Care,69,1125,59,"BD Mall, Manjit Nagar (Near Thapar Uni)",Patiala,147004,21,1.81,10,0,Out of Stock
18/09/26 14:00,SKU_018,Product_Snacks & Beverages_18,Snacks & Beverages,73,1229,66,"BD Mall, Manjit Nagar (Near Thapar Uni)",Patiala,147004,79,1.16,39,50,In Stock
18/09/26 14:00,SKU_019,Product_Snacks & Beverages_19,Snacks & Beverages,210,501,188,"BD Mall, Manjit Nagar (Near Thapar Uni)",Patiala,147004,43,1.29,21,52,In Stock
18/09/26 14:00,SKU_020,Product_Staples_20,Staples,181,301,158,"BD Mall, Manjit Nagar (Near Thapar Uni)",Patiala,147004,36,1.68,18,48,In Stock
18/09/26 14:00,SKU_021,Product_Staples_21,Staples,289,915,269,"BD Mall, Manjit Nagar (Near Thapar Uni)",Patiala,147004,51,1.32,25,46,In Stock
18/09/26 14:00,SKU_022,Product_Dairy_22,Dairy/Fresh,234,1375,216,"BD Mall, Manjit Nagar (Near Thapar Uni)",Patiala,147004,88,0.56,17,33,In Stock
18/09/26 14:00,SKU_023,Product_Dairy_23,Dairy/Fresh,232,819,221,"BD Mall, Manjit Nagar (Near Thapar Uni)",Patiala,147004,148,0.97,29,164,In Stock
18/09/26 14:00,SKU_024,Product_Staples_24,Staples,72,891,64,"BD Mall, Manjit Nagar (Near Thapar Uni)",Patiala,147004,65,1.76,32,78,In Stock
18/09/26 14:00,SKU_025,Product_Dairy_25,Dairy/Fresh,271,287,240,"BD Mall, Manjit Nagar (Near Thapar Uni)",Patiala,147004,147,0.63,29,126,In Stock
18/09/26 14:00,SKU_026,Product_Snacks & Beverages_26,Snacks & Beverages,60,1280,53,"BD Mall, Manjit Nagar (Near Thapar Uni)",Patiala,147004,72,1.01,36,84,In Stock
18/09/26 14:00,SKU_027,Product_Staples_27,Staples,84,620,74,"BD Mall, Manjit Nagar (Near Thapar Uni)",Patiala,147004,50,1.9,25,47,In Stock
18/09/26 14:00,SKU_028,Product_Staples_28,Staples,155,1186,145,"BD Mall, Manjit Nagar (Near Thapar Uni)",Patiala,147004,62,1.58,31,68,In Stock
18/09/26 14:00,SKU_029,Product_Staples_29,Staples,100,491,91,"BD Mall, Manjit Nagar (Near Thapar Uni)",Patiala,147004,43,1.35,21,48,In Stock
18/09/26 14:00,SKU_030,Product_Staples_30,Staples,280,330,241,"BD Mall, Manjit Nagar (Near Thapar Uni)",Patiala,147004,20,1.23,10,22,In Stock
18/09/26 14:00,SKU_031,Product_Snacks & Beverages_31,Snacks & Beverages,47,234,42,"BD Mall, Manjit Nagar (Near Thapar Uni)",Patiala,147004,30,1.62,15,43,In Stock
18/09/26 14:00,SKU_032,Product_Staples_32,Staples,287,1029,255,"BD Mall, Manjit Nagar (Near Thapar Uni)",Patiala,147004,74,1.51,37,44,In Stock
18/09/26 14:00,SKU_033,Product_Dairy_33,Dairy/Fresh,81,904,77,"BD Mall, Manjit Nagar (Near Thapar Uni)",Patiala,147004,69,0.57,13,23,In Stock
18/09/26 14:00,SKU_034,Product_Staples_34,Staples,233,1060,223,"BD Mall, Manjit Nagar (Near Thapar Uni)",Patiala,147004,23,1.98,11,25,In Stock
18/09/26 14:00,SKU_035,Product_Dairy_35,Dairy/Fresh,150,1128,131,"BD Mall, Manjit Nagar (Near Thapar Uni)",Patiala,147004,148,0.78,29,46,In Stock
18/09/26 14:00,SKU_036,Product_Snacks & Beverages_36,Snacks & Beverages,274,497,274,"BD Mall, Manjit Nagar (Near Thapar Uni)",Patiala,147004,45,1.44,22,46,In Stock
18/09/26 14:00,SKU_037,Product_Snacks & Beverages_37,Snacks & Beverages,226,1138,201,"BD Mall, Manjit Nagar (Near Thapar Uni)",Patiala,147004,66,1.49,33,81,In Stock
18/09/26 14:00,SKU_038,Product_Dairy_38,Dairy/Fresh,198,963,197,"BD Mall, Manjit Nagar (Near Thapar Uni)",Patiala,147004,147,0.96,29,73,In Stock
18/09/26 14:00,SKU_039,Product_Snacks & Beverages_39,Snacks & Beverages,71,1120,65,"BD Mall, Manjit Nagar (Near Thapar Uni)",Patiala,147004,31,1.1,15,49,In Stock
18/09/26 14:00,SKU_040,Product_Snacks & Beverages_40,Snacks & Beverages,241,584,206,"BD Mall, Manjit Nagar (Near Thapar Uni)",Patiala,147004,50,1.33,25,53,In Stock
18/09/26 14:00,SKU_041,Product_Dairy_41,Dairy/Fresh,256,1294,231,"BD Mall, Manjit Nagar (Near Thapar Uni)",Patiala,147004,115,0.57,23,43,In Stock
18/09/26 14:00,SKU_042,Product_Dairy_42,Dairy/Fresh,32,1283,30,"BD Mall, Manjit Nagar (Near Thapar Uni)",Patiala,147004,122,0.65,24,94,In Stock
18/09/26 15:27,SKU_001,Product_Dairy_1,Dairy/Fresh,290,1230,273,"BD Mall, Manjit Nagar (Near Thapar Uni)",Patiala,147004,122,0.95,24,84,In Stock
18/09/26 15:27,SKU_002,Product_Staples_2,Staples,40,221,38,"BD Mall, Manjit Nagar (Near Thapar Uni)",Patiala,147004,47,1.49,23,34,In Stock
18/09/26 15:27,SKU_003,Product_Dairy_3,Dairy/Fresh,107,1496,105,"BD Mall, Manjit Nagar (Near Thapar Uni)",Patiala,147004,66,0.93,13,48,In Stock
18/09/26 15:27,SKU_004,Product_Snacks & Beverages_4,Snacks & Beverages,171,230,161,"BD Mall, Manjit Nagar (Near Thapar Uni)",Patiala,147004,20,1.49,10,33,In Stock
18/09/26 15:27,SKU_005,Product_Dairy_5,Dairy/Fresh,277,443,248,"BD Mall, Manjit Nagar (Near Thapar Uni)",Patiala,147004,138,0.97,27,117,In Stock
18/09/26 15:27,SKU_006,Product_Staples_6,Staples,211,1055,183,"BD Mall, Manjit Nagar (Near Thapar Uni)",Patiala,147004,47,1.08,23,54,In Stock
18/09/26 15:27,SKU_007,Product_Dairy_7,Dairy/Fresh,41,352,38,"BD Mall, Manjit Nagar (Near Thapar Uni)",Patiala,147004,92,0.5,18,76,In Stock
18/09/26 15:27,SKU_008,Product_Snacks & Beverages_8,Snacks & Beverages,68,574,60,"BD Mall, Manjit Nagar (Near Thapar Uni)",Patiala,147004,61,1.27,30,61,In Stock
18/09/26 15:27,SKU_009,Product_Snacks & Beverages_9,Snacks & Beverages,189,799,172,"BD Mall, Manjit Nagar (Near Thapar Uni)",Patiala,147004,26,1.61,13,44,In Stock
18/09/26 15:27,SKU_010,Product_Dairy_10,Dairy/Fresh,209,1057,205,"BD Mall, Manjit Nagar (Near Thapar Uni)",Patiala,147004,88,0.77,17,106,In Stock
18/09/26 15:27,SKU_011,Product_Staples_11,Staples,70,1367,63,"BD Mall, Manjit Nagar (Near Thapar Uni)",Patiala,147004,61,1.11,30,40,In Stock
18/09/26 15:27,SKU_012,Product_Snacks & Beverages_12,Snacks & Beverages,150,746,130,"BD Mall, Manjit Nagar (Near Thapar Uni)",Patiala,147004,43,1.21,21,38,In Stock
18/09/26 15:27,SKU_013,Product_Dairy_13,Dairy/Fresh,186,1397,168,"BD Mall, Manjit Nagar (Near Thapar Uni)",Patiala,147004,93,0.81,18,22,In Stock
18/09/26 15:27,SKU_014,Product_Personal Care_14,Personal Care,33,341,33,"BD Mall, Manjit Nagar (Near Thapar Uni)",Patiala,147004,63,1.97,31,46,In Stock
18/09/26 15:27,SKU_015,Product_Dairy_15,Dairy/Fresh,72,997,64,"BD Mall, Manjit Nagar (Near Thapar Uni)",Patiala,147004,143,0.83,28,62,In Stock
18/09/26 15:27,SKU_016,Product_Snacks & Beverages_16,Snacks & Beverages,283,134,268,"BD Mall, Manjit Nagar (Near Thapar Uni)",Patiala,147004,45,1.9,22,32,In Stock
18/09/26 15:27,SKU_017,Product_Personal Care_17,Personal Care,69,1125,59,"BD Mall, Manjit Nagar (Near Thapar Uni)",Patiala,147004,30,1.33,15,37,In Stock
18/09/26 15:27,SKU_018,Product_Snacks & Beverages_18,Snacks & Beverages,73,1229,66,"BD Mall, Manjit Nagar (Near Thapar Uni)",Patiala,147004,59,1.99,29,62,In Stock
18/09/26 15:27,SKU_019,Product_Snacks & Beverages_19,Snacks & Beverages,210,501,188,"BD Mall, Manjit Nagar (Near Thapar Uni)",Patiala,147004,69,1.1,34,81,In Stock
18/09/26 15:27,SKU_020,Product_Staples_20,Staples,181,301,158,"BD Mall, Manjit Nagar (Near Thapar Uni)",Patiala,147004,62,1.05,31,0,Out of Stock
18/09/26 15:27,SKU_021,Product_Staples_21,Staples,289,915,269,"BD Mall, Manjit Nagar (Near Thapar Uni)",Patiala,147004,30,1.86,15,24,In Stock
18/09/26 15:27,SKU_022,Product_Dairy_22,Dairy/Fresh,234,1375,216,"BD Mall, Manjit Nagar (Near Thapar Uni)",Patiala,147004,110,0.52,22,103,In Stock
18/09/26 15:27,SKU_023,Product_Dairy_23,Dairy/Fresh,232,819,221,"BD Mall, Manjit Nagar (Near Thapar Uni)",Patiala,147004,66,0.83,13,20,In Stock
18/09/26 15:27,SKU_024,Product_Staples_24,Staples,72,891,64,"BD Mall, Manjit Nagar (Near Thapar Uni)",Patiala,147004,31,1.11,15,40,In Stock
18/09/26 15:27,SKU_025,Product_Dairy_25,Dairy/Fresh,271,287,240,"BD Mall, Manjit Nagar (Near Thapar Uni)",Patiala,147004,106,0.58,21,23,In Stock
18/09/26 15:27,SKU_026,Product_Snacks & Beverages_26,Snacks & Beverages,60,1280,53,"BD Mall, Manjit Nagar (Near Thapar Uni)",Patiala,147004,61,1.1,30,53,In Stock
18/09/26 15:27,SKU_027,Product_Staples_27,Staples,84,620,74,"BD Mall, Manjit Nagar (Near Thapar Uni)",Patiala,147004,46,1.21,23,25,In Stock
18/09/26 15:27,SKU_028,Product_Staples_28,Staples,155,1186,145,"BD Mall, Manjit Nagar (Near Thapar Uni)",Patiala,147004,68,1.97,34,71,In Stock
18/09/26 15:27,SKU_029,Product_Staples_29,Staples,100,491,91,"BD Mall, Manjit Nagar (Near Thapar Uni)",Patiala,147004,73,1.67,36,37,In Stock
18/09/26 15:27,SKU_030,Product_Staples_30,Staples,280,330,241,"BD Mall, Manjit Nagar (Near Thapar Uni)",Patiala,147004,21,1.78,10,12,In Stock
18/09/26 15:27,SKU_031,Product_Snacks & Beverages_31,Snacks & Beverages,47,234,42,"BD Mall, Manjit Nagar (Near Thapar Uni)",Patiala,147004,68,1.78,34,50,In Stock
18/09/26 15:27,SKU_032,Product_Staples_32,Staples,287,1029,255,"BD Mall, Manjit Nagar (Near Thapar Uni)",Patiala,147004,35,1.54,17,25,In Stock
18/09/26 15:27,SKU_033,Product_Dairy_33,Dairy/Fresh,81,904,77,"BD Mall, Manjit Nagar (Near Thapar Uni)",Patiala,147004,57,0.53,11,0,Out of Stock
18/09/26 15:27,SKU_034,Product_Staples_34,Staples,233,1060,223,"BD Mall, Manjit Nagar (Near Thapar Uni)",Patiala,147004,79,1.6,39,60,In Stock
18/09/26 15:27,SKU_035,Product_Dairy_35,Dairy/Fresh,150,1128,131,"BD Mall, Manjit Nagar (Near Thapar Uni)",Patiala,147004,70,0.86,14,86,In Stock
18/09/26 15:27,SKU_036,Product_Snacks & Beverages_36,Snacks & Beverages,274,497,274,"BD Mall, Manjit Nagar (Near Thapar Uni)",Patiala,147004,49,1.56,24,66,In Stock
18/09/26 15:27,SKU_037,Product_Snacks & Beverages_37,Snacks & Beverages,226,1138,201,"BD Mall, Manjit Nagar (Near Thapar Uni)",Patiala,147004,39,1.53,19,20,In Stock
18/09/26 15:27,SKU_038,Product_Dairy_38,Dairy/Fresh,198,963,197,"BD Mall, Manjit Nagar (Near Thapar Uni)",Patiala,147004,129,0.6,25,109,In Stock
18/09/26 15:27,SKU_039,Product_Snacks & Beverages_39,Snacks & Beverages,71,1120,65,"BD Mall, Manjit Nagar (Near Thapar Uni)",Patiala,147004,47,1.98,23,56,In Stock
18/09/26 15:27,SKU_040,Product_Snacks & Beverages_40,Snacks & Beverages,241,584,206,"BD Mall, Manjit Nagar (Near Thapar Uni)",Patiala,147004,44,1.41,22,48,In Stock
18/09/26 15:27,SKU_041,Product_Dairy_41,Dairy/Fresh,256,1294,231,"BD Mall, Manjit Nagar (Near Thapar Uni)",Patiala,147004,74,0.9,14,50,In Stock
18/09/26 15:27,SKU_042,Product_Dairy_42,Dairy/Fresh,32,1283,30,"BD Mall, Manjit Nagar (Near Thapar Uni)",Patiala,147004,131,0.54,26,96,In Stock
18/09/26 16:24,SKU_001,Product_Dairy_1,Dairy/Fresh,290,1230,273,"BD Mall, Manjit Nagar (Near Thapar Uni)",Patiala,147004,138,0.6,27,94,In Stock
18/09/26 16:24,SKU_002,Product_Staples_2,Staples,40,221,38,"BD Mall, Manjit Nagar (Near Thapar Uni)",Patiala,147004,61,1.37,30,43,In Stock
18/09/26 16:24,SKU_003,Product_Dairy_3,Dairy/Fresh,107,1496,105,"BD Mall, Manjit Nagar (Near Thapar Uni)",Patiala,147004,64,0.74,12,34,In Stock
18/09/26 16:24,SKU_004,Product_Snacks & Beverages_4,Snacks & Beverages,171,230,161,"BD Mall, Manjit Nagar (Near Thapar Uni)",Patiala,147004,52,1.36,26,69,In Stock
18/09/26 16:24,SKU_005,Product_Dairy_5,Dairy/Fresh,277,443,248,"BD Mall, Manjit Nagar (Near Thapar Uni)",Patiala,147004,75,0.66,15,79,In Stock
18/09/26 16:24,SKU_006,Product_Staples_6,Staples,211,1055,183,"BD Mall, Manjit Nagar (Near Thapar Uni)",Patiala,147004,75,1.12,37,87,In Stock
18/09/26 16:24,SKU_007,Product_Dairy_7,Dairy/Fresh,41,352,38,"BD Mall, Manjit Nagar (Near Thapar Uni)",Patiala,147004,96,0.82,19,97,In Stock
18/09/26 16:24,SKU_008,Product_Snacks & Beverages_8,Snacks & Beverages,68,574,60,"BD Mall, Manjit Nagar (Near Thapar Uni)",Patiala,147004,73,1.08,36,67,In Stock
18/09/26 16:24,SKU_009,Product_Snacks & Beverages_9,Snacks & Beverages,189,799,172,"BD Mall, Manjit Nagar (Near Thapar Uni)",Patiala,147004,61,1.93,30,43,In Stock
18/09/26 16:24,SKU_010,Product_Dairy_10,Dairy/Fresh,209,1057,205,"BD Mall, Manjit Nagar (Near Thapar Uni)",Patiala,147004,65,0.94,13,73,In Stock
18/09/26 16:24,SKU_011,Product_Staples_11,Staples,70,1367,63,"BD Mall, Manjit Nagar (Near Thapar Uni)",Patiala,147004,56,1.33,28,48,In Stock
18/09/26 16:24,SKU_012,Product_Snacks & Beverages_12,Snacks & Beverages,150,746,130,"BD Mall, Manjit Nagar (Near Thapar Uni)",Patiala,147004,73,1.39,36,90,In Stock
18/09/26 16:24,SKU_013,Product_Dairy_13,Dairy/Fresh,186,1397,168,"BD Mall, Manjit Nagar (Near Thapar Uni)",Patiala,147004,72,0.88,14,84,In Stock
18/09/26 16:24,SKU_014,Product_Personal Care_14,Personal Care,33,341,33,"BD Mall, Manjit Nagar (Near Thapar Uni)",Patiala,147004,64,1.6,32,67,In Stock
18/09/26 16:24,SKU_015,Product_Dairy_15,Dairy/Fresh,72,997,64,"BD Mall, Manjit Nagar (Near Thapar Uni)",Patiala,147004,134,0.79,26,110,In Stock
18/09/26 16:24,SKU_016,Product_Snacks & Beverages_16,Snacks & Beverages,283,134,268,"BD Mall, Manjit Nagar (Near Thapar Uni)",Patiala,147004,76,1.39,38,87,In Stock
18/09/26 16:24,SKU_017,Product_Personal Care_17,Personal Care,69,1125,59,"BD Mall, Manjit Nagar (Near Thapar Uni)",Patiala,147004,39,1.49,19,58,In Stock
18/09/26 16:24,SKU_018,Product_Snacks & Beverages_18,Snacks & Beverages,73,1229,66,"BD Mall, Manjit Nagar (Near Thapar Uni)",Patiala,147004,69,1.99,34,45,In Stock
18/09/26 16:24,SKU_019,Product_Snacks & Beverages_19,Snacks & Beverages,210,501,188,"BD Mall, Manjit Nagar (Near Thapar Uni)",Patiala,147004,62,1.21,31,45,In Stock
18/09/26 16:24,SKU_020,Product_Staples_20,Staples,181,301,158,"BD Mall, Manjit Nagar (Near Thapar Uni)",Patiala,147004,46,1.42,23,37,In Stock
18/09/26 16:24,SKU_021,Product_Staples_21,Staples,289,915,269,"BD Mall, Manjit Nagar (Near Thapar Uni)",Patiala,147004,60,1.29,30,46,In Stock
18/09/26 16:24,SKU_022,Product_Dairy_22,Dairy/Fresh,234,1375,216,"BD Mall, Manjit Nagar (Near Thapar Uni)",Patiala,147004,97,0.64,19,52,In Stock
18/09/26 16:24,SKU_023,Product_Dairy_23,Dairy/Fresh,232,819,221,"BD Mall, Manjit Nagar (Near Thapar Uni)",Patiala,147004,121,0.97,24,131,In Stock
18/09/26 16:24,SKU_024,Product_Staples_24,Staples,72,891,64,"BD Mall, Manjit Nagar (Near Thapar Uni)",Patiala,147004,51,1.29,25,59,In Stock
18/09/26 16:24,SKU_025,Product_Dairy_25,Dairy/Fresh,271,287,240,"BD Mall, Manjit Nagar (Near Thapar Uni)",Patiala,147004,136,0.86,27,65,In Stock
18/09/26 16:24,SKU_026,Product_Snacks & Beverages_26,Snacks & Beverages,60,1280,53,"BD Mall, Manjit Nagar (Near Thapar Uni)",Patiala,147004,44,1.01,22,59,In Stock
18/09/26 16:24,SKU_027,Product_Staples_27,Staples,84,620,74,"BD Mall, Manjit Nagar (Near Thapar Uni)",Patiala,147004,21,1.43,10,23,In Stock
18/09/26 16:24,SKU_028,Product_Staples_28,Staples,155,1186,145,"BD Mall, Manjit Nagar (Near Thapar Uni)",Patiala,147004,31,1.41,15,19,In Stock
18/09/26 16:24,SKU_029,Product_Staples_29,Staples,100,491,91,"BD Mall, Manjit Nagar (Near Thapar Uni)",Patiala,147004,59,1.99,29,58,In Stock
18/09/26 16:24,SKU_030,Product_Staples_30,Staples,280,330,241,"BD Mall, Manjit Nagar (Near Thapar Uni)",Patiala,147004,28,1.47,14,17,In Stock
18/09/26 16:24,SKU_031,Product_Snacks & Beverages_31,Snacks & Beverages,47,234,42,"BD Mall, Manjit Nagar (Near Thapar Uni)",Patiala,147004,31,1.26,15,29,In Stock
18/09/26 16:24,SKU_032,Product_Staples_32,Staples,287,1029,255,"BD Mall, Manjit Nagar (Near Thapar Uni)",Patiala,147004,45,1.89,22,60,In Stock
18/09/26 16:24,SKU_033,Product_Dairy_33,Dairy/Fresh,81,904,77,"BD Mall, Manjit Nagar (Near Thapar Uni)",Patiala,147004,108,0.68,21,55,In Stock
18/09/26 16:24,SKU_034,Product_Staples_34,Staples,233,1060,223,"BD Mall, Manjit Nagar (Near Thapar Uni)",Patiala,147004,29,1.6,14,23,In Stock
18/09/26 16:24,SKU_035,Product_Dairy_35,Dairy/Fresh,150,1128,131,"BD Mall, Manjit Nagar (Near Thapar Uni)",Patiala,147004,63,0.56,12,0,Out of Stock
18/09/26 16:24,SKU_036,Product_Snacks & Beverages_36,Snacks & Beverages,274,497,274,"BD Mall, Manjit Nagar (Near Thapar Uni)",Patiala,147004,76,1.38,38,39,In Stock
18/09/26 16:24,SKU_037,Product_Snacks & Beverages_37,Snacks & Beverages,226,1138,201,"BD Mall, Manjit Nagar (Near Thapar Uni)",Patiala,147004,53,1.94,26,69,In Stock
18/09/26 16:24,SKU_038,Product_Dairy_38,Dairy/Fresh,198,963,197,"BD Mall, Manjit Nagar (Near Thapar Uni)",Patiala,147004,148,0.94,29,88,In Stock
18/09/26 16:24,SKU_039,Product_Snacks & Beverages_39,Snacks & Beverages,71,1120,65,"BD Mall, Manjit Nagar (Near Thapar Uni)",Patiala,147004,39,1.34,19,42,In Stock
18/09/26 16:24,SKU_040,Product_Snacks & Beverages_40,Snacks & Beverages,241,584,206,"BD Mall, Manjit Nagar (Near Thapar Uni)",Patiala,147004,58,1.63,29,56,In Stock
18/09/26 16:24,SKU_041,Product_Dairy_41,Dairy/Fresh,256,1294,231,"BD Mall, Manjit Nagar (Near Thapar Uni)",Patiala,147004,147,0.92,29,50,In Stock
18/09/26 16:24,SKU_042,Product_Dairy_42,Dairy/Fresh,32,1283,30,"BD Mall, Manjit Nagar (Near Thapar Uni)",Patiala,147004,52,0.65,10,53,In Stock
18/09/26 17:22,SKU_001,Product_Dairy_1,Dairy/Fresh,290,1230,273,"BD Mall, Manjit Nagar (Near Thapar Uni)",Patiala,147004,86,0.89,17,48,In Stock
18/09/26 17:22,SKU_002,Product_Staples_2,Staples,40,221,38,"BD Mall, Manjit Nagar (Near Thapar Uni)",Patiala,147004,70,1.96,35,0,Out of Stock
18/09/26 17:22,SKU_003,Product_Dairy_3,Dairy/Fresh,107,1496,105,"BD Mall, Manjit Nagar (Near Thapar Uni)",Patiala,147004,89,0.98,17,99,In Stock
18/09/26 17:22,SKU_004,Product_Snacks & Beverages_4,Snacks & Beverages,171,230,161,"BD Mall, Manjit Nagar (Near Thapar Uni)",Patiala,147004,55,1.72,27,47,In Stock
18/09/26 17:22,SKU_005,Product_Dairy_5,Dairy/Fresh,277,443,248,"BD Mall, Manjit Nagar (Near Thapar Uni)",Patiala,147004,104,0.65,20,22,In Stock
18/09/26 17:22,SKU_006,Product_Staples_6,Staples,211,1055,183,"BD Mall, Manjit Nagar (Near Thapar Uni)",Patiala,147004,73,1.68,36,41,In Stock
18/09/26 17:22,SKU_007,Product_Dairy_7,Dairy/Fresh,41,352,38,"BD Mall, Manjit Nagar (Near Thapar Uni)",Patiala,147004,88,0.53,17,48,In Stock
18/09/26 17:22,SKU_008,Product_Snacks & Beverages_8,Snacks & Beverages,68,574,60,"BD Mall, Manjit Nagar (Near Thapar Uni)",Patiala,147004,21,1.31,10,11,In Stock
18/09/26 17:22,SKU_009,Product_Snacks & Beverages_9,Snacks & Beverages,189,799,172,"BD Mall, Manjit Nagar (Near Thapar Uni)",Patiala,147004,50,1.68,25,48,In Stock
18/09/26 17:22,SKU_010,Product_Dairy_10,Dairy/Fresh,209,1057,205,"BD Mall, Manjit Nagar (Near Thapar Uni)",Patiala,147004,142,0.83,28,136,In Stock
18/09/26 17:22,SKU_011,Product_Staples_11,Staples,70,1367,63,"BD Mall, Manjit Nagar (Near Thapar Uni)",Patiala,147004,33,1.42,16,42,In Stock
18/09/26 17:22,SKU_012,Product_Snacks & Beverages_12,Snacks & Beverages,150,746,130,"BD Mall, Manjit Nagar (Near Thapar Uni)",Patiala,147004,21,1.19,10,18,In Stock
18/09/26 17:22,SKU_013,Product_Dairy_13,Dairy/Fresh,186,1397,168,"BD Mall, Manjit Nagar (Near Thapar Uni)",Patiala,147004,62,0.62,12,25,In Stock
18/09/26 17:22,SKU_014,Product_Personal Care_14,Personal Care,33,341,33,"BD Mall, Manjit Nagar (Near Thapar Uni)",Patiala,147004,34,1.97,17,0,Out of Stock
18/09/26 17:22,SKU_015,Product_Dairy_15,Dairy/Fresh,72,997,64,"BD Mall, Manjit Nagar (Near Thapar Uni)",Patiala,147004,82,0.74,16,93,In Stock
18/09/26 17:22,SKU_016,Product_Snacks & Beverages_16,Snacks & Beverages,283,134,268,"BD Mall, Manjit Nagar (Near Thapar Uni)",Patiala,147004,56,1.97,28,43,In Stock
18/09/26 17:22,SKU_017,Product_Personal Care_17,Personal Care,69,1125,59,"BD Mall, Manjit Nagar (Near Thapar Uni)",Patiala,147004,47,1.14,23,32,In Stock
18/09/26 17:22,SKU_018,Product_Snacks & Beverages_18,Snacks & Beverages,73,1229,66,"BD Mall, Manjit Nagar (Near Thapar Uni)",Patiala,147004,39,1.59,19,38,In Stock
18/09/26 17:22,SKU_019,Product_Snacks & Beverages_19,Snacks & Beverages,210,501,188,"BD Mall, Manjit Nagar (Near Thapar Uni)",Patiala,147004,58,1.2,29,44,In Stock
18/09/26 17:22,SKU_020,Product_Staples_20,Staples,181,301,158,"BD Mall, Manjit Nagar (Near Thapar Uni)",Patiala,147004,43,1.79,21,54,In Stock
18/09/26 17:22,SKU_021,Product_Staples_21,Staples,289,915,269,"BD Mall, Manjit Nagar (Near Thapar Uni)",Patiala,147004,40,1.78,20,35,In Stock
18/09/26 17:22,SKU_022,Product_Dairy_22,Dairy/Fresh,234,1375,216,"BD Mall, Manjit Nagar (Near Thapar Uni)",Patiala,147004,83,0.79,16,93,In Stock
18/09/26 17:22,SKU_023,Product_Dairy_23,Dairy/Fresh,232,819,221,"BD Mall, Manjit Nagar (Near Thapar Uni)",Patiala,147004,79,0.61,15,67,In Stock
18/09/26 17:22,SKU_024,Product_Staples_24,Staples,72,891,64,"BD Mall, Manjit Nagar (Near Thapar Uni)",Patiala,147004,33,1.19,16,0,Out of Stock
18/09/26 17:22,SKU_025,Product_Dairy_25,Dairy/Fresh,271,287,240,"BD Mall, Manjit Nagar (Near Thapar Uni)",Patiala,147004,62,0.97,12,29,In Stock
18/09/26 17:22,SKU_026,Product_Snacks & Beverages_26,Snacks & Beverages,60,1280,53,"BD Mall, Manjit Nagar (Near Thapar Uni)",Patiala,147004,37,1.99,18,43,In Stock
18/09/26 17:22,SKU_027,Product_Staples_27,Staples,84,620,74,"BD Mall, Manjit Nagar (Near Thapar Uni)",Patiala,147004,43,1.88,21,58,In Stock
18/09/26 17:22,SKU_028,Product_Staples_28,Staples,155,1186,145,"BD Mall, Manjit Nagar (Near Thapar Uni)",Patiala,147004,33,1.96,16,22,In Stock
18/09/26 17:22,SKU_029,Product_Staples_29,Staples,100,491,91,"BD Mall, Manjit Nagar (Near Thapar Uni)",Patiala,147004,53,1.34,26,70,In Stock
18/09/26 17:22,SKU_030,Product_Staples_30,Staples,280,330,241,"BD Mall, Manjit Nagar (Near Thapar Uni)",Patiala,147004,77,1.11,38,71,In Stock
18/09/26 17:22,SKU_031,Product_Snacks & Beverages_31,Snacks & Beverages,47,234,42,"BD Mall, Manjit Nagar (Near Thapar Uni)",Patiala,147004,31,1.19,15,21,In Stock
18/09/26 17:22,SKU_032,Product_Staples_32,Staples,287,1029,255,"BD Mall, Manjit Nagar (Near Thapar Uni)",Patiala,147004,41,1.5,20,52,In Stock
18/09/26 17:22,SKU_033,Product_Dairy_33,Dairy/Fresh,81,904,77,"BD Mall, Manjit Nagar (Near Thapar Uni)",Patiala,147004,111,0.97,22,0,Out of Stock
18/09/26 17:22,SKU_034,Product_Staples_34,Staples,233,1060,223,"BD Mall, Manjit Nagar (Near Thapar Uni)",Patiala,147004,25,1.15,12,32,In Stock
18/09/26 17:22,SKU_035,Product_Dairy_35,Dairy/Fresh,150,1128,131,"BD Mall, Manjit Nagar (Near Thapar Uni)",Patiala,147004,111,0.85,22,49,In Stock
18/09/26 17:22,SKU_036,Product_Snacks & Beverages_36,Snacks & Beverages,274,497,274,"BD Mall, Manjit Nagar (Near Thapar Uni)",Patiala,147004,64,1.32,32,63,In Stock
18/09/26 17:22,SKU_037,Product_Snacks & Beverages_37,Snacks & Beverages,226,1138,201,"BD Mall, Manjit Nagar (Near Thapar Uni)",Patiala,147004,55,1.34,27,70,In Stock
18/09/26 17:22,SKU_038,Product_Dairy_38,Dairy/Fresh,198,963,197,"BD Mall, Manjit Nagar (Near Thapar Uni)",Patiala,147004,105,0.63,21,100,In Stock
18/09/26 17:22,SKU_039,Product_Snacks & Beverages_39,Snacks & Beverages,71,1120,65,"BD Mall, Manjit Nagar (Near Thapar Uni)",Patiala,147004,33,1.47,16,25,In Stock
18/09/26 17:22,SKU_040,Product_Snacks & Beverages_40,Snacks & Beverages,241,584,206,"BD Mall, Manjit Nagar (Near Thapar Uni)",Patiala,147004,35,1.81,17,39,In Stock
18/09/26 17:22,SKU_041,Product_Dairy_41,Dairy/Fresh,256,1294,231,"BD Mall, Manjit Nagar (Near Thapar Uni)",Patiala,147004,74,0.85,14,61,In Stock
18/09/26 17:22,SKU_042,Product_Dairy_42,Dairy/Fresh,32,1283,30,"BD Mall, Manjit Nagar (Near Thapar Uni)",Patiala,147004,133,0.97,26,77,In Stock
18/09/26 18:29,SKU_001,Product_Dairy_1,Dairy/Fresh,290,1230,273,"BD Mall, Manjit Nagar (Near Thapar Uni)",Patiala,147004,54,0.66,10,59,In Stock
18/09/26 18:29,SKU_002,Product_Staples_2,Staples,40,221,38,"BD Mall, Manjit Nagar (Near Thapar Uni)",Patiala,147004,51,1.19,25,39,In Stock
18/09/26 18:29,SKU_003,Product_Dairy_3,Dairy/Fresh,107,1496,105,"BD Mall, Manjit Nagar (Near Thapar Uni)",Patiala,147004,143,0.75,28,82,In Stock
18/09/26 18:29,SKU_004,Product_Snacks & Beverages_4,Snacks & Beverages,171,230,161,"BD Mall, Manjit Nagar (Near Thapar Uni)",Patiala,147004,64,1.85,32,0,Out of Stock
18/09/26 18:29,SKU_005,Product_Dairy_5,Dairy/Fresh,277,443,248,"BD Mall, Manjit Nagar (Near Thapar Uni)",Patiala,147004,52,0.58,10,59,In Stock
18/09/26 18:29,SKU_006,Product_Staples_6,Staples,211,1055,183,"BD Mall, Manjit Nagar (Near Thapar Uni)",Patiala,147004,39,1.33,19,0,Out of Stock
18/09/26 18:29,SKU_007,Product_Dairy_7,Dairy/Fresh,41,352,38,"BD Mall, Manjit Nagar (Near Thapar Uni)",Patiala,147004,63,0.99,12,0,Out of Stock
18/09/26 18:29,SKU_008,Product_Snacks & Beverages_8,Snacks & Beverages,68,574,60,"BD Mall, Manjit Nagar (Near Thapar Uni)",Patiala,147004,57,1.21,28,66,In Stock
18/09/26 18:29,SKU_009,Product_Snacks & Beverages_9,Snacks & Beverages,189,799,172,"BD Mall, Manjit Nagar (Near Thapar Uni)",Patiala,147004,22,1.81,11,22,In Stock
18/09/26 18:29,SKU_010,Product_Dairy_10,Dairy/Fresh,209,1057,205,"BD Mall, Manjit Nagar (Near Thapar Uni)",Patiala,147004,67,0.94,13,0,Out of Stock
18/09/26 18:29,SKU_011,Product_Staples_11,Staples,70,1367,63,"BD Mall, Manjit Nagar (Near Thapar Uni)",Patiala,147004,51,1.15,25,34,In Stock
18/09/26 18:29,SKU_012,Product_Snacks & Beverages_12,Snacks & Beverages,150,746,130,"BD Mall, Manjit Nagar (Near Thapar Uni)",Patiala,147004,64,1.46,32,0,Out of Stock
18/09/26 18:29,SKU_013,Product_Dairy_13,Dairy/Fresh,186,1397,168,"BD Mall, Manjit Nagar (Near Thapar Uni)",Patiala,147004,74,0.77,14,54,In Stock
18/09/26 18:29,SKU_014,Product_Personal Care_14,Personal Care,33,341,33,"BD Mall, Manjit Nagar (Near Thapar Uni)",Patiala,147004,35,1.34,17,26,In Stock
18/09/26 18:29,SKU_015,Product_Dairy_15,Dairy/Fresh,72,997,64,"BD Mall, Manjit Nagar (Near Thapar Uni)",Patiala,147004,114,0.74,22,73,In Stock
18/09/26 18:29,SKU_016,Product_Snacks & Beverages_16,Snacks & Beverages,283,134,268,"BD Mall, Manjit Nagar (Near Thapar Uni)",Patiala,147004,24,1.05,12,22,In Stock
18/09/26 18:29,SKU_017,Product_Personal Care_17,Personal Care,69,1125,59,"BD Mall, Manjit Nagar (Near Thapar Uni)",Patiala,147004,23,1.61,11,0,Out of Stock
18/09/26 18:29,SKU_018,Product_Snacks & Beverages_18,Snacks & Beverages,73,1229,66,"BD Mall, Manjit Nagar (Near Thapar Uni)",Patiala,147004,40,1.15,20,33,In Stock
18/09/26 18:29,SKU_019,Product_Snacks & Beverages_19,Snacks & Beverages,210,501,188,"BD Mall, Manjit Nagar (Near Thapar Uni)",Patiala,147004,59,1.83,29,0,Out of Stock
18/09/26 18:29,SKU_020,Product_Staples_20,Staples,181,301,158,"BD Mall, Manjit Nagar (Near Thapar Uni)",Patiala,147004,70,1.36,35,0,Out of Stock
18/09/26 18:29,SKU_021,Product_Staples_21,Staples,289,915,269,"BD Mall, Manjit Nagar (Near Thapar Uni)",Patiala,147004,33,1.28,16,22,In Stock
18/09/26 18:29,SKU_022,Product_Dairy_22,Dairy/Fresh,234,1375,216,"BD Mall, Manjit Nagar (Near Thapar Uni)",Patiala,147004,117,0.82,23,0,Out of Stock
18/09/26 18:29,SKU_023,Product_Dairy_23,Dairy/Fresh,232,819,221,"BD Mall, Manjit Nagar (Near Thapar Uni)",Patiala,147004,61,0.55,12,50,In Stock
18/09/26 18:29,SKU_024,Product_Staples_24,Staples,72,891,64,"BD Mall, Manjit Nagar (Near Thapar Uni)",Patiala,147004,33,1.4,16,25,In Stock
18/09/26 18:29,SKU_025,Product_Dairy_25,Dairy/Fresh,271,287,240,"BD Mall, Manjit Nagar (Near Thapar Uni)",Patiala,147004,86,0.56,17,95,In Stock
18/09/26 18:29,SKU_026,Product_Snacks & Beverages_26,Snacks & Beverages,60,1280,53,"BD Mall, Manjit Nagar (Near Thapar Uni)",Patiala,147004,31,1.28,15,30,In Stock
18/09/26 18:29,SKU_027,Product_Staples_27,Staples,84,620,74,"BD Mall, Manjit Nagar (Near Thapar Uni)",Patiala,147004,35,1.91,17,54,In Stock
18/09/26 18:29,SKU_028,Product_Staples_28,Staples,155,1186,145,"BD Mall, Manjit Nagar (Near Thapar Uni)",Patiala,147004,36,1.75,18,21,In Stock
18/09/26 18:29,SKU_029,Product_Staples_29,Staples,100,491,91,"BD Mall, Manjit Nagar (Near Thapar Uni)",Patiala,147004,64,1.06,32,35,In Stock
18/09/26 18:29,SKU_030,Product_Staples_30,Staples,280,330,241,"BD Mall, Manjit Nagar (Near Thapar Uni)",Patiala,147004,42,1.71,21,0,Out of Stock
18/09/26 18:29,SKU_031,Product_Snacks & Beverages_31,Snacks & Beverages,47,234,42,"BD Mall, Manjit Nagar (Near Thapar Uni)",Patiala,147004,33,1.53,16,42,In Stock
18/09/26 18:29,SKU_032,Product_Staples_32,Staples,287,1029,255,"BD Mall, Manjit Nagar (Near Thapar Uni)",Patiala,147004,26,1.9,13,34,In Stock
18/09/26 18:29,SKU_033,Product_Dairy_33,Dairy/Fresh,81,904,77,"BD Mall, Manjit Nagar (Near Thapar Uni)",Patiala,147004,137,0.99,27,43,In Stock
18/09/26 18:29,SKU_034,Product_Staples_34,Staples,233,1060,223,"BD Mall, Manjit Nagar (Near Thapar Uni)",Patiala,147004,51,1.57,25,0,Out of Stock
18/09/26 18:29,SKU_035,Product_Dairy_35,Dairy/Fresh,150,1128,131,"BD Mall, Manjit Nagar (Near Thapar Uni)",Patiala,147004,111,0.84,22,0,Out of Stock
18/09/26 18:29,SKU_036,Product_Snacks & Beverages_36,Snacks & Beverages,274,497,274,"BD Mall, Manjit Nagar (Near Thapar Uni)",Patiala,147004,63,1.49,31,62,In Stock
18/09/26 18:29,SKU_037,Product_Snacks & Beverages_37,Snacks & Beverages,226,1138,201,"BD Mall, Manjit Nagar (Near Thapar Uni)",Patiala,147004,36,1.46,18,23,In Stock
18/09/26 18:29,SKU_038,Product_Dairy_38,Dairy/Fresh,198,963,197,"BD Mall, Manjit Nagar (Near Thapar Uni)",Patiala,147004,74,0.99,14,67,In Stock
18/09/26 18:29,SKU_039,Product_Snacks & Beverages_39,Snacks & Beverages,71,1120,65,"BD Mall, Manjit Nagar (Near Thapar Uni)",Patiala,147004,73,1.76,36,68,In Stock
18/09/26 18:29,SKU_040,Product_Snacks & Beverages_40,Snacks & Beverages,241,584,206,"BD Mall, Manjit Nagar (Near Thapar Uni)",Patiala,147004,66,1.45,33,40,In Stock
18/09/26 18:29,SKU_041,Product_Dairy_41,Dairy/Fresh,256,1294,231,"BD Mall, Manjit Nagar (Near Thapar Uni)",Patiala,147004,53,0.82,10,59,In Stock
18/09/26 18:29,SKU_042,Product_Dairy_42,Dairy/Fresh,32,1283,30,"BD Mall, Manjit Nagar (Near Thapar Uni)",Patiala,147004,108,0.51,21,0,Out of Stock
18/09/26 19:34,SKU_001,Product_Dairy_1,Dairy/Fresh,290,1230,273,"BD Mall, Manjit Nagar (Near Thapar Uni)",Patiala,147004,121,0.91,24,123,In Stock
18/09/26 19:34,SKU_002,Product_Staples_2,Staples,40,221,38,"BD Mall, Manjit Nagar (Near Thapar Uni)",Patiala,147004,64,1.94,32,0,Out of Stock
18/09/26 19:34,SKU_003,Product_Dairy_3,Dairy/Fresh,107,1496,105,"BD Mall, Manjit Nagar (Near Thapar Uni)",Patiala,147004,142,0.64,28,0,Out of Stock
18/09/26 19:34,SKU_004,Product_Snacks & Beverages_4,Snacks & Beverages,171,230,161,"BD Mall, Manjit Nagar (Near Thapar Uni)",Patiala,147004,71,1.87,35,44,In Stock
18/09/26 19:34,SKU_005,Product_Dairy_5,Dairy/Fresh,277,443,248,"BD Mall, Manjit Nagar (Near Thapar Uni)",Patiala,147004,103,0.58,20,0,Out of Stock
18/09/26 19:34,SKU_006,Product_Staples_6,Staples,211,1055,183,"BD Mall, Manjit Nagar (Near Thapar Uni)",Patiala,147004,59,1.36,29,35,In Stock
18/09/26 19:34,SKU_007,Product_Dairy_7,Dairy/Fresh,41,352,38,"BD Mall, Manjit Nagar (Near Thapar Uni)",Patiala,147004,147,0.84,29,0,Out of Stock
18/09/26 19:34,SKU_008,Product_Snacks & Beverages_8,Snacks & Beverages,68,574,60,"BD Mall, Manjit Nagar (Near Thapar Uni)",Patiala,147004,33,1.16,16,0,Out of Stock
18/09/26 19:34,SKU_009,Product_Snacks & Beverages_9,Snacks & Beverages,189,799,172,"BD Mall, Manjit Nagar (Near Thapar Uni)",Patiala,147004,34,1.54,17,44,In Stock
18/09/26 19:34,SKU_010,Product_Dairy_10,Dairy/Fresh,209,1057,205,"BD Mall, Manjit Nagar (Near Thapar Uni)",Patiala,147004,90,0.85,18,60,In Stock
18/09/26 19:34,SKU_011,Product_Staples_11,Staples,70,1367,63,"BD Mall, Manjit Nagar (Near Thapar Uni)",Patiala,147004,52,1.74,26,38,In Stock
18/09/26 19:34,SKU_012,Product_Snacks & Beverages_12,Snacks & Beverages,150,746,130,"BD Mall, Manjit Nagar (Near Thapar Uni)",Patiala,147004,72,1.53,36,82,In Stock
18/09/26 19:34,SKU_013,Product_Dairy_13,Dairy/Fresh,186,1397,168,"BD Mall, Manjit Nagar (Near Thapar Uni)",Patiala,147004,54,0.68,10,0,Out of Stock
18/09/26 19:34,SKU_014,Product_Personal Care_14,Personal Care,33,341,33,"BD Mall, Manjit Nagar (Near Thapar Uni)",Patiala,147004,54,1.27,27,48,In Stock
18/09/26 19:34,SKU_015,Product_Dairy_15,Dairy/Fresh,72,997,64,"BD Mall, Manjit Nagar (Near Thapar Uni)",Patiala,147004,103,0.83,20,0,Out of Stock
18/09/26 19:34,SKU_016,Product_Snacks & Beverages_16,Snacks & Beverages,283,134,268,"BD Mall, Manjit Nagar (Near Thapar Uni)",Patiala,147004,47,1.07,23,40,In Stock
18/09/26 19:34,SKU_017,Product_Personal Care_17,Personal Care,69,1125,59,"BD Mall, Manjit Nagar (Near Thapar Uni)",Patiala,147004,38,1.04,19,45,In Stock
18/09/26 19:34,SKU_018,Product_Snacks & Beverages_18,Snacks & Beverages,73,1229,66,"BD Mall, Manjit Nagar (Near Thapar Uni)",Patiala,147004,65,1.22,32,39,In Stock
18/09/26 19:34,SKU_019,Product_Snacks & Beverages_19,Snacks & Beverages,210,501,188,"BD Mall, Manjit Nagar (Near Thapar Uni)",Patiala,147004,73,1.97,36,41,In Stock
18/09/26 19:34,SKU_020,Product_Staples_20,Staples,181,301,158,"BD Mall, Manjit Nagar (Near Thapar Uni)",Patiala,147004,42,1.98,21,0,Out of Stock
18/09/26 19:34,SKU_021,Product_Staples_21,Staples,289,915,269,"BD Mall, Manjit Nagar (Near Thapar Uni)",Patiala,147004,51,1.65,25,53,In Stock
18/09/26 19:34,SKU_022,Product_Dairy_22,Dairy/Fresh,234,1375,216,"BD Mall, Manjit Nagar (Near Thapar Uni)",Patiala,147004,110,0.91,22,0,Out of Stock
18/09/26 19:34,SKU_023,Product_Dairy_23,Dairy/Fresh,232,819,221,"BD Mall, Manjit Nagar (Near Thapar Uni)",Patiala,147004,84,0.74,16,0,Out of Stock
18/09/26 19:34,SKU_024,Product_Staples_24,Staples,72,891,64,"BD Mall, Manjit Nagar (Near Thapar Uni)",Patiala,147004,78,1.97,39,45,In Stock
18/09/26 19:34,SKU_025,Product_Dairy_25,Dairy/Fresh,271,287,240,"BD Mall, Manjit Nagar (Near Thapar Uni)",Patiala,147004,131,0.65,26,0,Out of Stock
18/09/26 19:34,SKU_026,Product_Snacks & Beverages_26,Snacks & Beverages,60,1280,53,"BD Mall, Manjit Nagar (Near Thapar Uni)",Patiala,147004,54,1.1,27,0,Out of Stock
18/09/26 19:34,SKU_027,Product_Staples_27,Staples,84,620,74,"BD Mall, Manjit Nagar (Near Thapar Uni)",Patiala,147004,24,1.11,12,32,In Stock
18/09/26 19:34,SKU_028,Product_Staples_28,Staples,155,1186,145,"BD Mall, Manjit Nagar (Near Thapar Uni)",Patiala,147004,28,1.57,14,17,In Stock
18/09/26 19:34,SKU_029,Product_Staples_29,Staples,100,491,91,"BD Mall, Manjit Nagar (Near Thapar Uni)",Patiala,147004,48,1.78,24,0,Out of Stock
18/09/26 19:34,SKU_030,Product_Staples_30,Staples,280,330,241,"BD Mall, Manjit Nagar (Near Thapar Uni)",Patiala,147004,25,1.37,12,30,In Stock
18/09/26 19:34,SKU_031,Product_Snacks & Beverages_31,Snacks & Beverages,47,234,42,"BD Mall, Manjit Nagar (Near Thapar Uni)",Patiala,147004,44,1.98,22,54,In Stock
18/09/26 19:34,SKU_032,Product_Staples_32,Staples,287,1029,255,"BD Mall, Manjit Nagar (Near Thapar Uni)",Patiala,147004,50,1.43,25,25,In Stock
18/09/26 19:34,SKU_033,Product_Dairy_33,Dairy/Fresh,81,904,77,"BD Mall, Manjit Nagar (Near Thapar Uni)",Patiala,147004,138,0.73,27,134,In Stock
18/09/26 19:34,SKU_034,Product_Staples_34,Staples,233,1060,223,"BD Mall, Manjit Nagar (Near Thapar Uni)",Patiala,147004,21,1.47,10,27,In Stock
18/09/26 19:34,SKU_035,Product_Dairy_35,Dairy/Fresh,150,1128,131,"BD Mall, Manjit Nagar (Near Thapar Uni)",Patiala,147004,117,0.55,23,63,In Stock
18/09/26 19:34,SKU_036,Product_Snacks & Beverages_36,Snacks & Beverages,274,497,274,"BD Mall, Manjit Nagar (Near Thapar Uni)",Patiala,147004,24,1.83,12,19,In Stock
18/09/26 19:34,SKU_037,Product_Snacks & Beverages_37,Snacks & Beverages,226,1138,201,"BD Mall, Manjit Nagar (Near Thapar Uni)",Patiala,147004,79,1.46,39,0,Out of Stock
18/09/26 19:34,SKU_038,Product_Dairy_38,Dairy/Fresh,198,963,197,"BD Mall, Manjit Nagar (Near Thapar Uni)",Patiala,147004,60,0.83,12,41,In Stock
18/09/26 19:34,SKU_039,Product_Snacks & Beverages_39,Snacks & Beverages,71,1120,65,"BD Mall, Manjit Nagar (Near Thapar Uni)",Patiala,147004,44,1.27,22,49,In Stock
18/09/26 19:34,SKU_040,Product_Snacks & Beverages_40,Snacks & Beverages,241,584,206,"BD Mall, Manjit Nagar (Near Thapar Uni)",Patiala,147004,27,1.65,13,44,In Stock
18/09/26 19:34,SKU_041,Product_Dairy_41,Dairy/Fresh,256,1294,231,"BD Mall, Manjit Nagar (Near Thapar Uni)",Patiala,147004,141,0.6,28,0,Out of Stock
18/09/26 19:34,SKU_042,Product_Dairy_42,Dairy/Fresh,32,1283,30,"BD Mall, Manjit Nagar (Near Thapar Uni)",Patiala,147004,78,0.61,15,27,In Stock
18/09/26 20:59,SKU_001,Product_Dairy_1,Dairy/Fresh,290,1230,273,"BD Mall, Manjit Nagar (Near Thapar Uni)",Patiala,147004,58,0.51,11,50,In Stock
18/09/26 20:59,SKU_002,Product_Staples_2,Staples,40,221,38,"BD Mall, Manjit Nagar (Near Thapar Uni)",Patiala,147004,63,1.56,31,69,In Stock
18/09/26 20:59,SKU_003,Product_Dairy_3,Dairy/Fresh,107,1496,105,"BD Mall, Manjit Nagar (Near Thapar Uni)",Patiala,147004,74,0.61,14,74,In Stock
18/09/26 20:59,SKU_004,Product_Snacks & Beverages_4,Snacks & Beverages,171,230,161,"BD Mall, Manjit Nagar (Near Thapar Uni)",Patiala,147004,51,1.95,25,68,In Stock
18/09/26 20:59,SKU_005,Product_Dairy_5,Dairy/Fresh,277,443,248,"BD Mall, Manjit Nagar (Near Thapar Uni)",Patiala,147004,125,0.64,25,0,Out of Stock
18/09/26 20:59,SKU_006,Product_Staples_6,Staples,211,1055,183,"BD Mall, Manjit Nagar (Near Thapar Uni)",Patiala,147004,58,1.33,29,72,In Stock
18/09/26 20:59,SKU_007,Product_Dairy_7,Dairy/Fresh,41,352,38,"BD Mall, Manjit Nagar (Near Thapar Uni)",Patiala,147004,58,0.82,11,58,In Stock
18/09/26 20:59,SKU_008,Product_Snacks & Beverages_8,Snacks & Beverages,68,574,60,"BD Mall, Manjit Nagar (Near Thapar Uni)",Patiala,147004,73,1.24,36,0,Out of Stock
18/09/26 20:59,SKU_009,Product_Snacks & Beverages_9,Snacks & Beverages,189,799,172,"BD Mall, Manjit Nagar (Near Thapar Uni)",Patiala,147004,43,1.83,21,0,Out of Stock
18/09/26 20:59,SKU_010,Product_Dairy_10,Dairy/Fresh,209,1057,205,"BD Mall, Manjit Nagar (Near Thapar Uni)",Patiala,147004,74,0.82,14,24,In Stock
18/09/26 20:59,SKU_011,Product_Staples_11,Staples,70,1367,63,"BD Mall, Manjit Nagar (Near Thapar Uni)",Patiala,147004,48,1.91,24,48,In Stock
18/09/26 20:59,SKU_012,Product_Snacks & Beverages_12,Snacks & Beverages,150,746,130,"BD Mall, Manjit Nagar (Near Thapar Uni)",Patiala,147004,73,1.23,36,81,In Stock
18/09/26 20:59,SKU_013,Product_Dairy_13,Dairy/Fresh,186,1397,168,"BD Mall, Manjit Nagar (Near Thapar Uni)",Patiala,147004,108,0.78,21,0,Out of Stock
18/09/26 20:59,SKU_014,Product_Personal Care_14,Personal Care,33,341,33,"BD Mall, Manjit Nagar (Near Thapar Uni)",Patiala,147004,35,1.01,17,0,Out of Stock
18/09/26 20:59,SKU_015,Product_Dairy_15,Dairy/Fresh,72,997,64,"BD Mall, Manjit Nagar (Near Thapar Uni)",Patiala,147004,137,0.83,27,0,Out of Stock
18/09/26 20:59,SKU_016,Product_Snacks & Beverages_16,Snacks & Beverages,283,134,268,"BD Mall, Manjit Nagar (Near Thapar Uni)",Patiala,147004,39,2,19,25,In Stock
18/09/26 20:59,SKU_017,Product_Personal Care_17,Personal Care,69,1125,59,"BD Mall, Manjit Nagar (Near Thapar Uni)",Patiala,147004,65,1.69,32,64,In Stock
18/09/26 20:59,SKU_018,Product_Snacks & Beverages_18,Snacks & Beverages,73,1229,66,"BD Mall, Manjit Nagar (Near Thapar Uni)",Patiala,147004,22,1.31,11,40,In Stock
18/09/26 20:59,SKU_019,Product_Snacks & Beverages_19,Snacks & Beverages,210,501,188,"BD Mall, Manjit Nagar (Near Thapar Uni)",Patiala,147004,20,1.88,10,34,In Stock
18/09/26 20:59,SKU_020,Product_Staples_20,Staples,181,301,158,"BD Mall, Manjit Nagar (Near Thapar Uni)",Patiala,147004,77,1.78,38,0,Out of Stock
18/09/26 20:59,SKU_021,Product_Staples_21,Staples,289,915,269,"BD Mall, Manjit Nagar (Near Thapar Uni)",Patiala,147004,72,1.02,36,0,Out of Stock
18/09/26 20:59,SKU_022,Product_Dairy_22,Dairy/Fresh,234,1375,216,"BD Mall, Manjit Nagar (Near Thapar Uni)",Patiala,147004,67,1,13,17,In Stock
18/09/26 20:59,SKU_023,Product_Dairy_23,Dairy/Fresh,232,819,221,"BD Mall, Manjit Nagar (Near Thapar Uni)",Patiala,147004,119,0.8,23,0,Out of Stock
18/09/26 20:59,SKU_024,Product_Staples_24,Staples,72,891,64,"BD Mall, Manjit Nagar (Near Thapar Uni)",Patiala,147004,36,1.15,18,0,Out of Stock
18/09/26 20:59,SKU_025,Product_Dairy_25,Dairy/Fresh,271,287,240,"BD Mall, Manjit Nagar (Near Thapar Uni)",Patiala,147004,109,0.61,21,55,In Stock
18/09/26 20:59,SKU_026,Product_Snacks & Beverages_26,Snacks & Beverages,60,1280,53,"BD Mall, Manjit Nagar (Near Thapar Uni)",Patiala,147004,48,1.47,24,43,In Stock
18/09/26 20:59,SKU_027,Product_Staples_27,Staples,84,620,74,"BD Mall, Manjit Nagar (Near Thapar Uni)",Patiala,147004,39,1.42,19,55,In Stock
18/09/26 20:59,SKU_028,Product_Staples_28,Staples,155,1186,145,"BD Mall, Manjit Nagar (Near Thapar Uni)",Patiala,147004,25,1.29,12,12,In Stock
18/09/26 20:59,SKU_029,Product_Staples_29,Staples,100,491,91,"BD Mall, Manjit Nagar (Near Thapar Uni)",Patiala,147004,27,1.17,13,28,In Stock
18/09/26 20:59,SKU_030,Product_Staples_30,Staples,280,330,241,"BD Mall, Manjit Nagar (Near Thapar Uni)",Patiala,147004,48,1.76,24,53,In Stock
18/09/26 20:59,SKU_031,Product_Snacks & Beverages_31,Snacks & Beverages,47,234,42,"BD Mall, Manjit Nagar (Near Thapar Uni)",Patiala,147004,67,1.99,33,0,Out of Stock
18/09/26 20:59,SKU_032,Product_Staples_32,Staples,287,1029,255,"BD Mall, Manjit Nagar (Near Thapar Uni)",Patiala,147004,70,1.78,35,76,In Stock
18/09/26 20:59,SKU_033,Product_Dairy_33,Dairy/Fresh,81,904,77,"BD Mall, Manjit Nagar (Near Thapar Uni)",Patiala,147004,94,0.92,18,0,Out of Stock
18/09/26 20:59,SKU_034,Product_Staples_34,Staples,233,1060,223,"BD Mall, Manjit Nagar (Near Thapar Uni)",Patiala,147004,22,1.24,11,0,Out of Stock
18/09/26 20:59,SKU_035,Product_Dairy_35,Dairy/Fresh,150,1128,131,"BD Mall, Manjit Nagar (Near Thapar Uni)",Patiala,147004,111,0.81,22,0,Out of Stock
18/09/26 20:59,SKU_036,Product_Snacks & Beverages_36,Snacks & Beverages,274,497,274,"BD Mall, Manjit Nagar (Near Thapar Uni)",Patiala,147004,54,1.14,27,46,In Stock
18/09/26 20:59,SKU_037,Product_Snacks & Beverages_37,Snacks & Beverages,226,1138,201,"BD Mall, Manjit Nagar (Near Thapar Uni)",Patiala,147004,24,1.55,12,40,In Stock
18/09/26 20:59,SKU_038,Product_Dairy_38,Dairy/Fresh,198,963,197,"BD Mall, Manjit Nagar (Near Thapar Uni)",Patiala,147004,116,0.52,23,86,In Stock
18/09/26 20:59,SKU_039,Product_Snacks & Beverages_39,Snacks & Beverages,71,1120,65,"BD Mall, Manjit Nagar (Near Thapar Uni)",Patiala,147004,63,1.71,31,34,In Stock
18/09/26 20:59,SKU_040,Product_Snacks & Beverages_40,Snacks & Beverages,241,584,206,"BD Mall, Manjit Nagar (Near Thapar Uni)",Patiala,147004,31,1.68,15,42,In Stock
18/09/26 20:59,SKU_041,Product_Dairy_41,Dairy/Fresh,256,1294,231,"BD Mall, Manjit Nagar (Near Thapar Uni)",Patiala,147004,147,0.7,29,105,In Stock
18/09/26 20:59,SKU_042,Product_Dairy_42,Dairy/Fresh,32,1283,30,"BD Mall, Manjit Nagar (Near Thapar Uni)",Patiala,147004,89,0.75,17,19,In Stock
18/09/26 21:25,SKU_001,Product_Dairy_1,Dairy/Fresh,290,1230,273,"BD Mall, Manjit Nagar (Near Thapar Uni)",Patiala,147004,140,0.83,28,64,In Stock
18/09/26 21:25,SKU_002,Product_Staples_2,Staples,40,221,38,"BD Mall, Manjit Nagar (Near Thapar Uni)",Patiala,147004,28,1.35,14,0,Out of Stock
18/09/26 21:25,SKU_003,Product_Dairy_3,Dairy/Fresh,107,1496,105,"BD Mall, Manjit Nagar (Near Thapar Uni)",Patiala,147004,82,0.94,16,0,Out of Stock
18/09/26 21:25,SKU_004,Product_Snacks & Beverages_4,Snacks & Beverages,171,230,161,"BD Mall, Manjit Nagar (Near Thapar Uni)",Patiala,147004,23,1.37,11,27,In Stock
18/09/26 21:25,SKU_005,Product_Dairy_5,Dairy/Fresh,277,443,248,"BD Mall, Manjit Nagar (Near Thapar Uni)",Patiala,147004,137,0.67,27,0,Out of Stock
18/09/26 21:25,SKU_006,Product_Staples_6,Staples,211,1055,183,"BD Mall, Manjit Nagar (Near Thapar Uni)",Patiala,147004,73,1.09,36,58,In Stock
18/09/26 21:25,SKU_007,Product_Dairy_7,Dairy/Fresh,41,352,38,"BD Mall, Manjit Nagar (Near Thapar Uni)",Patiala,147004,129,0.72,25,64,In Stock
18/09/26 21:25,SKU_008,Product_Snacks & Beverages_8,Snacks & Beverages,68,574,60,"BD Mall, Manjit Nagar (Near Thapar Uni)",Patiala,147004,57,1.85,28,36,In Stock
18/09/26 21:25,SKU_009,Product_Snacks & Beverages_9,Snacks & Beverages,189,799,172,"BD Mall, Manjit Nagar (Near Thapar Uni)",Patiala,147004,46,1.22,23,0,Out of Stock
18/09/26 21:25,SKU_010,Product_Dairy_10,Dairy/Fresh,209,1057,205,"BD Mall, Manjit Nagar (Near Thapar Uni)",Patiala,147004,146,0.84,29,70,In Stock
18/09/26 21:25,SKU_011,Product_Staples_11,Staples,70,1367,63,"BD Mall, Manjit Nagar (Near Thapar Uni)",Patiala,147004,62,1.74,31,59,In Stock
18/09/26 21:25,SKU_012,Product_Snacks & Beverages_12,Snacks & Beverages,150,746,130,"BD Mall, Manjit Nagar (Near Thapar Uni)",Patiala,147004,32,1.21,16,17,In Stock
18/09/26 21:25,SKU_013,Product_Dairy_13,Dairy/Fresh,186,1397,168,"BD Mall, Manjit Nagar (Near Thapar Uni)",Patiala,147004,97,0.8,19,35,In Stock
18/09/26 21:25,SKU_014,Product_Personal Care_14,Personal Care,33,341,33,"BD Mall, Manjit Nagar (Near Thapar Uni)",Patiala,147004,79,1.06,39,95,In Stock
18/09/26 21:25,SKU_015,Product_Dairy_15,Dairy/Fresh,72,997,64,"BD Mall, Manjit Nagar (Near Thapar Uni)",Patiala,147004,62,0.55,12,42,In Stock
18/09/26 21:25,SKU_016,Product_Snacks & Beverages_16,Snacks & Beverages,283,134,268,"BD Mall, Manjit Nagar (Near Thapar Uni)",Patiala,147004,41,1.79,20,0,Out of Stock
18/09/26 21:25,SKU_017,Product_Personal Care_17,Personal Care,69,1125,59,"BD Mall, Manjit Nagar (Near Thapar Uni)",Patiala,147004,47,1.8,23,65,In Stock
18/09/26 21:25,SKU_018,Product_Snacks & Beverages_18,Snacks & Beverages,73,1229,66,"BD Mall, Manjit Nagar (Near Thapar Uni)",Patiala,147004,71,1.21,35,0,Out of Stock
18/09/26 21:25,SKU_019,Product_Snacks & Beverages_19,Snacks & Beverages,210,501,188,"BD Mall, Manjit Nagar (Near Thapar Uni)",Patiala,147004,66,1.34,33,84,In Stock
18/09/26 21:25,SKU_020,Product_Staples_20,Staples,181,301,158,"BD Mall, Manjit Nagar (Near Thapar Uni)",Patiala,147004,72,1.13,36,0,Out of Stock
18/09/26 21:25,SKU_021,Product_Staples_21,Staples,289,915,269,"BD Mall, Manjit Nagar (Near Thapar Uni)",Patiala,147004,64,1.07,32,61,In Stock
18/09/26 21:25,SKU_022,Product_Dairy_22,Dairy/Fresh,234,1375,216,"BD Mall, Manjit Nagar (Near Thapar Uni)",Patiala,147004,76,0.93,15,0,Out of Stock
18/09/26 21:25,SKU_023,Product_Dairy_23,Dairy/Fresh,232,819,221,"BD Mall, Manjit Nagar (Near Thapar Uni)",Patiala,147004,87,0.61,17,0,Out of Stock
18/09/26 21:25,SKU_024,Product_Staples_24,Staples,72,891,64,"BD Mall, Manjit Nagar (Near Thapar Uni)",Patiala,147004,38,1.54,19,34,In Stock
18/09/26 21:25,SKU_025,Product_Dairy_25,Dairy/Fresh,271,287,240,"BD Mall, Manjit Nagar (Near Thapar Uni)",Patiala,147004,56,0.77,11,24,In Stock
18/09/26 21:25,SKU_026,Product_Snacks & Beverages_26,Snacks & Beverages,60,1280,53,"BD Mall, Manjit Nagar (Near Thapar Uni)",Patiala,147004,71,1.84,35,0,Out of Stock
18/09/26 21:25,SKU_027,Product_Staples_27,Staples,84,620,74,"BD Mall, Manjit Nagar (Near Thapar Uni)",Patiala,147004,27,1.81,13,32,In Stock
18/09/26 21:25,SKU_028,Product_Staples_28,Staples,155,1186,145,"BD Mall, Manjit Nagar (Near Thapar Uni)",Patiala,147004,61,1.02,30,71,In Stock
18/09/26 21:25,SKU_029,Product_Staples_29,Staples,100,491,91,"BD Mall, Manjit Nagar (Near Thapar Uni)",Patiala,147004,45,1.19,22,0,Out of Stock
18/09/26 21:25,SKU_030,Product_Staples_30,Staples,280,330,241,"BD Mall, Manjit Nagar (Near Thapar Uni)",Patiala,147004,67,1.65,33,75,In Stock
18/09/26 21:25,SKU_031,Product_Snacks & Beverages_31,Snacks & Beverages,47,234,42,"BD Mall, Manjit Nagar (Near Thapar Uni)",Patiala,147004,70,1.38,35,52,In Stock
18/09/26 21:25,SKU_032,Product_Staples_32,Staples,287,1029,255,"BD Mall, Manjit Nagar (Near Thapar Uni)",Patiala,147004,45,1.98,22,64,In Stock
18/09/26 21:25,SKU_033,Product_Dairy_33,Dairy/Fresh,81,904,77,"BD Mall, Manjit Nagar (Near Thapar Uni)",Patiala,147004,81,0.8,16,88,In Stock
18/09/26 21:25,SKU_034,Product_Staples_34,Staples,233,1060,223,"BD Mall, Manjit Nagar (Near Thapar Uni)",Patiala,147004,62,1.96,31,49,In Stock
18/09/26 21:25,SKU_035,Product_Dairy_35,Dairy/Fresh,150,1128,131,"BD Mall, Manjit Nagar (Near Thapar Uni)",Patiala,147004,79,0.92,15,0,Out of Stock
18/09/26 21:25,SKU_036,Product_Snacks & Beverages_36,Snacks & Beverages,274,497,274,"BD Mall, Manjit Nagar (Near Thapar Uni)",Patiala,147004,47,1.86,23,64,In Stock
18/09/26 21:25,SKU_037,Product_Snacks & Beverages_37,Snacks & Beverages,226,1138,201,"BD Mall, Manjit Nagar (Near Thapar Uni)",Patiala,147004,28,1.32,14,0,Out of Stock
18/09/26 21:25,SKU_038,Product_Dairy_38,Dairy/Fresh,198,963,197,"BD Mall, Manjit Nagar (Near Thapar Uni)",Patiala,147004,131,0.56,26,88,In Stock
18/09/26 21:25,SKU_039,Product_Snacks & Beverages_39,Snacks & Beverages,71,1120,65,"BD Mall, Manjit Nagar (Near Thapar Uni)",Patiala,147004,75,1.16,37,0,Out of Stock
18/09/26 21:25,SKU_040,Product_Snacks & Beverages_40,Snacks & Beverages,241,584,206,"BD Mall, Manjit Nagar (Near Thapar Uni)",Patiala,147004,38,1.52,19,49,In Stock
18/09/26 21:25,SKU_041,Product_Dairy_41,Dairy/Fresh,256,1294,231,"BD Mall, Manjit Nagar (Near Thapar Uni)",Patiala,147004,127,0.64,25,0,Out of Stock
18/09/26 21:25,SKU_042,Product_Dairy_42,Dairy/Fresh,32,1283,30,"BD Mall, Manjit Nagar (Near Thapar Uni)",Patiala,147004,126,0.62,25,91,In Stock
18/09/26 22:56,SKU_001,Product_Dairy_1,Dairy/Fresh,290,1230,273,"BD Mall, Manjit Nagar (Near Thapar Uni)",Patiala,147004,142,0.89,28,83,In Stock
18/09/26 22:56,SKU_002,Product_Staples_2,Staples,40,221,38,"BD Mall, Manjit Nagar (Near Thapar Uni)",Patiala,147004,31,1.99,15,43,In Stock
18/09/26 22:56,SKU_003,Product_Dairy_3,Dairy/Fresh,107,1496,105,"BD Mall, Manjit Nagar (Near Thapar Uni)",Patiala,147004,88,0.68,17,22,In Stock
18/09/26 22:56,SKU_004,Product_Snacks & Beverages_4,Snacks & Beverages,171,230,161,"BD Mall, Manjit Nagar (Near Thapar Uni)",Patiala,147004,50,1.6,25,25,In Stock
18/09/26 22:56,SKU_005,Product_Dairy_5,Dairy/Fresh,277,443,248,"BD Mall, Manjit Nagar (Near Thapar Uni)",Patiala,147004,145,0.78,29,0,Out of Stock
18/09/26 22:56,SKU_006,Product_Staples_6,Staples,211,1055,183,"BD Mall, Manjit Nagar (Near Thapar Uni)",Patiala,147004,33,1.84,16,49,In Stock
18/09/26 22:56,SKU_007,Product_Dairy_7,Dairy/Fresh,41,352,38,"BD Mall, Manjit Nagar (Near Thapar Uni)",Patiala,147004,95,0.68,19,25,In Stock
18/09/26 22:56,SKU_008,Product_Snacks & Beverages_8,Snacks & Beverages,68,574,60,"BD Mall, Manjit Nagar (Near Thapar Uni)",Patiala,147004,45,1.4,22,32,In Stock
18/09/26 22:56,SKU_009,Product_Snacks & Beverages_9,Snacks & Beverages,189,799,172,"BD Mall, Manjit Nagar (Near Thapar Uni)",Patiala,147004,61,1.02,30,0,Out of Stock
18/09/26 22:56,SKU_010,Product_Dairy_10,Dairy/Fresh,209,1057,205,"BD Mall, Manjit Nagar (Near Thapar Uni)",Patiala,147004,144,0.77,28,0,Out of Stock
18/09/26 22:56,SKU_011,Product_Staples_11,Staples,70,1367,63,"BD Mall, Manjit Nagar (Near Thapar Uni)",Patiala,147004,30,1.01,15,34,In Stock
18/09/26 22:56,SKU_012,Product_Snacks & Beverages_12,Snacks & Beverages,150,746,130,"BD Mall, Manjit Nagar (Near Thapar Uni)",Patiala,147004,57,1,28,43,In Stock
18/09/26 22:56,SKU_013,Product_Dairy_13,Dairy/Fresh,186,1397,168,"BD Mall, Manjit Nagar (Near Thapar Uni)",Patiala,147004,113,0.54,22,84,In Stock
18/09/26 22:56,SKU_014,Product_Personal Care_14,Personal Care,33,341,33,"BD Mall, Manjit Nagar (Near Thapar Uni)",Patiala,147004,62,1.19,31,35,In Stock
18/09/26 22:56,SKU_015,Product_Dairy_15,Dairy/Fresh,72,997,64,"BD Mall, Manjit Nagar (Near Thapar Uni)",Patiala,147004,84,0.61,16,0,Out of Stock
18/09/26 22:56,SKU_016,Product_Snacks & Beverages_16,Snacks & Beverages,283,134,268,"BD Mall, Manjit Nagar (Near Thapar Uni)",Patiala,147004,25,1.65,12,41,In Stock
18/09/26 22:56,SKU_017,Product_Personal Care_17,Personal Care,69,1125,59,"BD Mall, Manjit Nagar (Near Thapar Uni)",Patiala,147004,65,1.05,32,61,In Stock
18/09/26 22:56,SKU_018,Product_Snacks & Beverages_18,Snacks & Beverages,73,1229,66,"BD Mall, Manjit Nagar (Near Thapar Uni)",Patiala,147004,71,1.31,35,73,In Stock
18/09/26 22:56,SKU_019,Product_Snacks & Beverages_19,Snacks & Beverages,210,501,188,"BD Mall, Manjit Nagar (Near Thapar Uni)",Patiala,147004,57,1.15,28,75,In Stock
18/09/26 22:56,SKU_020,Product_Staples_20,Staples,181,301,158,"BD Mall, Manjit Nagar (Near Thapar Uni)",Patiala,147004,68,1.58,34,80,In Stock
18/09/26 22:56,SKU_021,Product_Staples_21,Staples,289,915,269,"BD Mall, Manjit Nagar (Near Thapar Uni)",Patiala,147004,61,1.66,30,66,In Stock
18/09/26 22:56,SKU_022,Product_Dairy_22,Dairy/Fresh,234,1375,216,"BD Mall, Manjit Nagar (Near Thapar Uni)",Patiala,147004,147,0.7,29,112,In Stock
18/09/26 22:56,SKU_023,Product_Dairy_23,Dairy/Fresh,232,819,221,"BD Mall, Manjit Nagar (Near Thapar Uni)",Patiala,147004,112,0.6,22,43,In Stock
18/09/26 22:56,SKU_024,Product_Staples_24,Staples,72,891,64,"BD Mall, Manjit Nagar (Near Thapar Uni)",Patiala,147004,54,1.09,27,67,In Stock
18/09/26 22:56,SKU_025,Product_Dairy_25,Dairy/Fresh,271,287,240,"BD Mall, Manjit Nagar (Near Thapar Uni)",Patiala,147004,109,0.8,21,81,In Stock
18/09/26 22:56,SKU_026,Product_Snacks & Beverages_26,Snacks & Beverages,60,1280,53,"BD Mall, Manjit Nagar (Near Thapar Uni)",Patiala,147004,27,1.43,13,33,In Stock
18/09/26 22:56,SKU_027,Product_Staples_27,Staples,84,620,74,"BD Mall, Manjit Nagar (Near Thapar Uni)",Patiala,147004,78,1.95,39,75,In Stock
18/09/26 22:56,SKU_028,Product_Staples_28,Staples,155,1186,145,"BD Mall, Manjit Nagar (Near Thapar Uni)",Patiala,147004,71,1.22,35,88,In Stock
18/09/26 22:56,SKU_029,Product_Staples_29,Staples,100,491,91,"BD Mall, Manjit Nagar (Near Thapar Uni)",Patiala,147004,73,1.26,36,62,In Stock
18/09/26 22:56,SKU_030,Product_Staples_30,Staples,280,330,241,"BD Mall, Manjit Nagar (Near Thapar Uni)",Patiala,147004,66,1.1,33,70,In Stock
18/09/26 22:56,SKU_031,Product_Snacks & Beverages_31,Snacks & Beverages,47,234,42,"BD Mall, Manjit Nagar (Near Thapar Uni)",Patiala,147004,75,1.61,37,71,In Stock
18/09/26 22:56,SKU_032,Product_Staples_32,Staples,287,1029,255,"BD Mall, Manjit Nagar (Near Thapar Uni)",Patiala,147004,26,1.68,13,18,In Stock
18/09/26 22:56,SKU_033,Product_Dairy_33,Dairy/Fresh,81,904,77,"BD Mall, Manjit Nagar (Near Thapar Uni)",Patiala,147004,145,0.97,29,60,In Stock
18/09/26 22:56,SKU_034,Product_Staples_34,Staples,233,1060,223,"BD Mall, Manjit Nagar (Near Thapar Uni)",Patiala,147004,58,1.86,29,44,In Stock
18/09/26 22:56,SKU_035,Product_Dairy_35,Dairy/Fresh,150,1128,131,"BD Mall, Manjit Nagar (Near Thapar Uni)",Patiala,147004,117,0.83,23,0,Out of Stock
18/09/26 22:56,SKU_036,Product_Snacks & Beverages_36,Snacks & Beverages,274,497,274,"BD Mall, Manjit Nagar (Near Thapar Uni)",Patiala,147004,44,1.13,22,37,In Stock
18/09/26 22:56,SKU_037,Product_Snacks & Beverages_37,Snacks & Beverages,226,1138,201,"BD Mall, Manjit Nagar (Near Thapar Uni)",Patiala,147004,31,1.29,15,41,In Stock
18/09/26 22:56,SKU_038,Product_Dairy_38,Dairy/Fresh,198,963,197,"BD Mall, Manjit Nagar (Near Thapar Uni)",Patiala,147004,66,0.72,13,15,In Stock
18/09/26 22:56,SKU_039,Product_Snacks & Beverages_39,Snacks & Beverages,71,1120,65,"BD Mall, Manjit Nagar (Near Thapar Uni)",Patiala,147004,57,1.61,28,76,In Stock
18/09/26 22:56,SKU_040,Product_Snacks & Beverages_40,Snacks & Beverages,241,584,206,"BD Mall, Manjit Nagar (Near Thapar Uni)",Patiala,147004,65,1.53,32,52,In Stock
18/09/26 22:56,SKU_041,Product_Dairy_41,Dairy/Fresh,256,1294,231,"BD Mall, Manjit Nagar (Near Thapar Uni)",Patiala,147004,66,0.76,13,42,In Stock
18/09/26 22:56,SKU_042,Product_Dairy_42,Dairy/Fresh,32,1283,30,"BD Mall, Manjit Nagar (Near Thapar Uni)",Patiala,147004,59,0.91,11,32,In Stock
19/09/26 06:59,SKU_001,Product_Dairy_1,Dairy/Fresh,290,1230,273,"BD Mall, Manjit Nagar (Near Thapar Uni)",Patiala,147004,114,0.87,22,40,In Stock
19/09/26 06:59,SKU_002,Product_Staples_2,Staples,40,221,38,"BD Mall, Manjit Nagar (Near Thapar Uni)",Patiala,147004,72,1.59,36,66,In Stock
19/09/26 06:59,SKU_003,Product_Dairy_3,Dairy/Fresh,107,1496,105,"BD Mall, Manjit Nagar (Near Thapar Uni)",Patiala,147004,139,0.56,27,46,In Stock
19/09/26 06:59,SKU_004,Product_Snacks & Beverages_4,Snacks & Beverages,171,230,161,"BD Mall, Manjit Nagar (Near Thapar Uni)",Patiala,147004,65,1.25,32,78,In Stock
19/09/26 06:59,SKU_005,Product_Dairy_5,Dairy/Fresh,277,443,248,"BD Mall, Manjit Nagar (Near Thapar Uni)",Patiala,147004,99,0.75,19,37,In Stock
19/09/26 06:59,SKU_006,Product_Staples_6,Staples,211,1055,183,"BD Mall, Manjit Nagar (Near Thapar Uni)",Patiala,147004,43,1.9,21,22,In Stock
19/09/26 06:59,SKU_007,Product_Dairy_7,Dairy/Fresh,41,352,38,"BD Mall, Manjit Nagar (Near Thapar Uni)",Patiala,147004,113,0.96,22,61,In Stock
19/09/26 06:59,SKU_008,Product_Snacks & Beverages_8,Snacks & Beverages,68,574,60,"BD Mall, Manjit Nagar (Near Thapar Uni)",Patiala,147004,76,1.78,38,76,In Stock
19/09/26 06:59,SKU_009,Product_Snacks & Beverages_9,Snacks & Beverages,189,799,172,"BD Mall, Manjit Nagar (Near Thapar Uni)",Patiala,147004,32,1.72,16,0,Out of Stock
19/09/26 06:59,SKU_010,Product_Dairy_10,Dairy/Fresh,209,1057,205,"BD Mall, Manjit Nagar (Near Thapar Uni)",Patiala,147004,125,0.52,25,96,In Stock
19/09/26 06:59,SKU_011,Product_Staples_11,Staples,70,1367,63,"BD Mall, Manjit Nagar (Near Thapar Uni)",Patiala,147004,73,1.58,36,80,In Stock
19/09/26 06:59,SKU_012,Product_Snacks & Beverages_12,Snacks & Beverages,150,746,130,"BD Mall, Manjit Nagar (Near Thapar Uni)",Patiala,147004,73,1.13,36,89,In Stock
19/09/26 06:59,SKU_013,Product_Dairy_13,Dairy/Fresh,186,1397,168,"BD Mall, Manjit Nagar (Near Thapar Uni)",Patiala,147004,101,0.57,20,46,In Stock
19/09/26 06:59,SKU_014,Product_Personal Care_14,Personal Care,33,341,33,"BD Mall, Manjit Nagar (Near Thapar Uni)",Patiala,147004,71,1.81,35,49,In Stock
19/09/26 06:59,SKU_015,Product_Dairy_15,Dairy/Fresh,72,997,64,"BD Mall, Manjit Nagar (Near Thapar Uni)",Patiala,147004,56,0.5,11,22,In Stock
19/09/26 06:59,SKU_016,Product_Snacks & Beverages_16,Snacks & Beverages,283,134,268,"BD Mall, Manjit Nagar (Near Thapar Uni)",Patiala,147004,23,1.12,11,25,In Stock
19/09/26 06:59,SKU_017,Product_Personal Care_17,Personal Care,69,1125,59,"BD Mall, Manjit Nagar (Near Thapar Uni)",Patiala,147004,30,1.59,15,28,In Stock
19/09/26 06:59,SKU_018,Product_Snacks & Beverages_18,Snacks & Beverages,73,1229,66,"BD Mall, Manjit Nagar (Near Thapar Uni)",Patiala,147004,51,1.34,25,31,In Stock
19/09/26 06:59,SKU_019,Product_Snacks & Beverages_19,Snacks & Beverages,210,501,188,"BD Mall, Manjit Nagar (Near Thapar Uni)",Patiala,147004,68,1.03,34,50,In Stock
19/09/26 06:59,SKU_020,Product_Staples_20,Staples,181,301,158,"BD Mall, Manjit Nagar (Near Thapar Uni)",Patiala,147004,26,1.54,13,38,In Stock
19/09/26 06:59,SKU_021,Product_Staples_21,Staples,289,915,269,"BD Mall, Manjit Nagar (Near Thapar Uni)",Patiala,147004,65,1.39,32,68,In Stock
19/09/26 06:59,SKU_022,Product_Dairy_22,Dairy/Fresh,234,1375,216,"BD Mall, Manjit Nagar (Near Thapar Uni)",Patiala,147004,100,0.7,20,103,In Stock
19/09/26 06:59,SKU_023,Product_Dairy_23,Dairy/Fresh,232,819,221,"BD Mall, Manjit Nagar (Near Thapar Uni)",Patiala,147004,124,0.5,24,33,In Stock
19/09/26 06:59,SKU_024,Product_Staples_24,Staples,72,891,64,"BD Mall, Manjit Nagar (Near Thapar Uni)",Patiala,147004,47,1.92,23,41,In Stock
19/09/26 06:59,SKU_025,Product_Dairy_25,Dairy/Fresh,271,287,240,"BD Mall, Manjit Nagar (Near Thapar Uni)",Patiala,147004,136,0.77,27,114,In Stock
19/09/26 06:59,SKU_026,Product_Snacks & Beverages_26,Snacks & Beverages,60,1280,53,"BD Mall, Manjit Nagar (Near Thapar Uni)",Patiala,147004,60,1.82,30,39,In Stock
19/09/26 06:59,SKU_027,Product_Staples_27,Staples,84,620,74,"BD Mall, Manjit Nagar (Near Thapar Uni)",Patiala,147004,42,1.22,21,22,In Stock
19/09/26 06:59,SKU_028,Product_Staples_28,Staples,155,1186,145,"BD Mall, Manjit Nagar (Near Thapar Uni)",Patiala,147004,64,1.26,32,69,In Stock
19/09/26 06:59,SKU_029,Product_Staples_29,Staples,100,491,91,"BD Mall, Manjit Nagar (Near Thapar Uni)",Patiala,147004,42,1.21,21,52,In Stock
19/09/26 06:59,SKU_030,Product_Staples_30,Staples,280,330,241,"BD Mall, Manjit Nagar (Near Thapar Uni)",Patiala,147004,69,1.77,34,68,In Stock
19/09/26 06:59,SKU_031,Product_Snacks & Beverages_31,Snacks & Beverages,47,234,42,"BD Mall, Manjit Nagar (Near Thapar Uni)",Patiala,147004,47,1.95,23,59,In Stock
19/09/26 06:59,SKU_032,Product_Staples_32,Staples,287,1029,255,"BD Mall, Manjit Nagar (Near Thapar Uni)",Patiala,147004,62,1.72,31,0,Out of Stock
19/09/26 06:59,SKU_033,Product_Dairy_33,Dairy/Fresh,81,904,77,"BD Mall, Manjit Nagar (Near Thapar Uni)",Patiala,147004,148,0.86,29,0,Out of Stock
19/09/26 06:59,SKU_034,Product_Staples_34,Staples,233,1060,223,"BD Mall, Manjit Nagar (Near Thapar Uni)",Patiala,147004,76,1.64,38,64,In Stock
19/09/26 06:59,SKU_035,Product_Dairy_35,Dairy/Fresh,150,1128,131,"BD Mall, Manjit Nagar (Near Thapar Uni)",Patiala,147004,88,0.56,17,0,Out of Stock
19/09/26 06:59,SKU_036,Product_Snacks & Beverages_36,Snacks & Beverages,274,497,274,"BD Mall, Manjit Nagar (Near Thapar Uni)",Patiala,147004,44,1.43,22,54,In Stock
19/09/26 06:59,SKU_037,Product_Snacks & Beverages_37,Snacks & Beverages,226,1138,201,"BD Mall, Manjit Nagar (Near Thapar Uni)",Patiala,147004,73,1.08,36,78,In Stock
19/09/26 06:59,SKU_038,Product_Dairy_38,Dairy/Fresh,198,963,197,"BD Mall, Manjit Nagar (Near Thapar Uni)",Patiala,147004,78,0.51,15,0,Out of Stock
19/09/26 06:59,SKU_039,Product_Snacks & Beverages_39,Snacks & Beverages,71,1120,65,"BD Mall, Manjit Nagar (Near Thapar Uni)",Patiala,147004,38,1.7,19,25,In Stock
19/09/26 06:59,SKU_040,Product_Snacks & Beverages_40,Snacks & Beverages,241,584,206,"BD Mall, Manjit Nagar (Near Thapar Uni)",Patiala,147004,52,1.44,26,31,In Stock
19/09/26 06:59,SKU_041,Product_Dairy_41,Dairy/Fresh,256,1294,231,"BD Mall, Manjit Nagar (Near Thapar Uni)",Patiala,147004,51,0.83,10,15,In Stock
19/09/26 06:59,SKU_042,Product_Dairy_42,Dairy/Fresh,32,1283,30,"BD Mall, Manjit Nagar (Near Thapar Uni)",Patiala,147004,96,0.59,19,95,In Stock
19/09/26 07:01,SKU_001,Product_Dairy_1,Dairy/Fresh,290,1230,273,"BD Mall, Manjit Nagar (Near Thapar Uni)",Patiala,147004,127,0.79,25,72,In Stock
19/09/26 07:01,SKU_002,Product_Staples_2,Staples,40,221,38,"BD Mall, Manjit Nagar (Near Thapar Uni)",Patiala,147004,54,1.48,27,39,In Stock
19/09/26 07:01,SKU_003,Product_Dairy_3,Dairy/Fresh,107,1496,105,"BD Mall, Manjit Nagar (Near Thapar Uni)",Patiala,147004,71,0.66,14,0,Out of Stock
19/09/26 07:01,SKU_004,Product_Snacks & Beverages_4,Snacks & Beverages,171,230,161,"BD Mall, Manjit Nagar (Near Thapar Uni)",Patiala,147004,47,1.39,23,41,In Stock
19/09/26 07:01,SKU_005,Product_Dairy_5,Dairy/Fresh,277,443,248,"BD Mall, Manjit Nagar (Near Thapar Uni)",Patiala,147004,76,0.59,15,65,In Stock
19/09/26 07:01,SKU_006,Product_Staples_6,Staples,211,1055,183,"BD Mall, Manjit Nagar (Near Thapar Uni)",Patiala,147004,22,1.45,11,39,In Stock
19/09/26 07:01,SKU_007,Product_Dairy_7,Dairy/Fresh,41,352,38,"BD Mall, Manjit Nagar (Near Thapar Uni)",Patiala,147004,130,0.67,26,44,In Stock
19/09/26 07:01,SKU_008,Product_Snacks & Beverages_8,Snacks & Beverages,68,574,60,"BD Mall, Manjit Nagar (Near Thapar Uni)",Patiala,147004,65,1.9,32,81,In Stock
19/09/26 07:01,SKU_009,Product_Snacks & Beverages_9,Snacks & Beverages,189,799,172,"BD Mall, Manjit Nagar (Near Thapar Uni)",Patiala,147004,49,1.87,24,61,In Stock
19/09/26 07:01,SKU_010,Product_Dairy_10,Dairy/Fresh,209,1057,205,"BD Mall, Manjit Nagar (Near Thapar Uni)",Patiala,147004,142,0.59,28,29,In Stock
19/09/26 07:01,SKU_011,Product_Staples_11,Staples,70,1367,63,"BD Mall, Manjit Nagar (Near Thapar Uni)",Patiala,147004,48,1.27,24,49,In Stock
19/09/26 07:01,SKU_012,Product_Snacks & Beverages_12,Snacks & Beverages,150,746,130,"BD Mall, Manjit Nagar (Near Thapar Uni)",Patiala,147004,64,1.03,32,37,In Stock
19/09/26 07:01,SKU_013,Product_Dairy_13,Dairy/Fresh,186,1397,168,"BD Mall, Manjit Nagar (Near Thapar Uni)",Patiala,147004,129,0.62,25,0,Out of Stock
19/09/26 07:01,SKU_014,Product_Personal Care_14,Personal Care,33,341,33,"BD Mall, Manjit Nagar (Near Thapar Uni)",Patiala,147004,65,1.28,32,54,In Stock
19/09/26 07:01,SKU_015,Product_Dairy_15,Dairy/Fresh,72,997,64,"BD Mall, Manjit Nagar (Near Thapar Uni)",Patiala,147004,133,0.66,26,0,Out of Stock
19/09/26 07:01,SKU_016,Product_Snacks & Beverages_16,Snacks & Beverages,283,134,268,"BD Mall, Manjit Nagar (Near Thapar Uni)",Patiala,147004,44,1.65,22,36,In Stock
19/09/26 07:01,SKU_017,Product_Personal Care_17,Personal Care,69,1125,59,"BD Mall, Manjit Nagar (Near Thapar Uni)",Patiala,147004,70,1.08,35,40,In Stock
19/09/26 07:01,SKU_018,Product_Snacks & Beverages_18,Snacks & Beverages,73,1229,66,"BD Mall, Manjit Nagar (Near Thapar Uni)",Patiala,147004,57,1.14,28,55,In Stock
19/09/26 07:01,SKU_019,Product_Snacks & Beverages_19,Snacks & Beverages,210,501,188,"BD Mall, Manjit Nagar (Near Thapar Uni)",Patiala,147004,61,1.16,30,0,Out of Stock
19/09/26 07:01,SKU_020,Product_Staples_20,Staples,181,301,158,"BD Mall, Manjit Nagar (Near Thapar Uni)",Patiala,147004,78,1.63,39,49,In Stock
19/09/26 07:01,SKU_021,Product_Staples_21,Staples,289,915,269,"BD Mall, Manjit Nagar (Near Thapar Uni)",Patiala,147004,66,1.74,33,40,In Stock
19/09/26 07:01,SKU_022,Product_Dairy_22,Dairy/Fresh,234,1375,216,"BD Mall, Manjit Nagar (Near Thapar Uni)",Patiala,147004,107,0.85,21,0,Out of Stock
19/09/26 07:01,SKU_023,Product_Dairy_23,Dairy/Fresh,232,819,221,"BD Mall, Manjit Nagar (Near Thapar Uni)",Patiala,147004,87,0.76,17,66,In Stock
19/09/26 07:01,SKU_024,Product_Staples_24,Staples,72,891,64,"BD Mall, Manjit Nagar (Near Thapar Uni)",Patiala,147004,71,1.2,35,83,In Stock
19/09/26 07:01,SKU_025,Product_Dairy_25,Dairy/Fresh,271,287,240,"BD Mall, Manjit Nagar (Near Thapar Uni)",Patiala,147004,83,0.94,16,36,In Stock
19/09/26 07:01,SKU_026,Product_Snacks & Beverages_26,Snacks & Beverages,60,1280,53,"BD Mall, Manjit Nagar (Near Thapar Uni)",Patiala,147004,57,1.24,28,76,In Stock
19/09/26 07:01,SKU_027,Product_Staples_27,Staples,84,620,74,"BD Mall, Manjit Nagar (Near Thapar Uni)",Patiala,147004,42,1.36,21,56,In Stock
19/09/26 07:01,SKU_028,Product_Staples_28,Staples,155,1186,145,"BD Mall, Manjit Nagar (Near Thapar Uni)",Patiala,147004,44,1.91,22,28,In Stock
19/09/26 07:01,SKU_029,Product_Staples_29,Staples,100,491,91,"BD Mall, Manjit Nagar (Near Thapar Uni)",Patiala,147004,61,1.58,30,0,Out of Stock
19/09/26 07:01,SKU_030,Product_Staples_30,Staples,280,330,241,"BD Mall, Manjit Nagar (Near Thapar Uni)",Patiala,147004,26,1.74,13,41,In Stock
19/09/26 07:01,SKU_031,Product_Snacks & Beverages_31,Snacks & Beverages,47,234,42,"BD Mall, Manjit Nagar (Near Thapar Uni)",Patiala,147004,41,1.49,20,0,Out of Stock
19/09/26 07:01,SKU_032,Product_Staples_32,Staples,287,1029,255,"BD Mall, Manjit Nagar (Near Thapar Uni)",Patiala,147004,36,1.03,18,0,Out of Stock
19/09/26 07:01,SKU_033,Product_Dairy_33,Dairy/Fresh,81,904,77,"BD Mall, Manjit Nagar (Near Thapar Uni)",Patiala,147004,64,0.83,12,63,In Stock
19/09/26 07:01,SKU_034,Product_Staples_34,Staples,233,1060,223,"BD Mall, Manjit Nagar (Near Thapar Uni)",Patiala,147004,68,1.54,34,35,In Stock
19/09/26 07:01,SKU_035,Product_Dairy_35,Dairy/Fresh,150,1128,131,"BD Mall, Manjit Nagar (Near Thapar Uni)",Patiala,147004,76,0.66,15,91,In Stock
19/09/26 07:01,SKU_036,Product_Snacks & Beverages_36,Snacks & Beverages,274,497,274,"BD Mall, Manjit Nagar (Near Thapar Uni)",Patiala,147004,29,1.22,14,31,In Stock
19/09/26 07:01,SKU_037,Product_Snacks & Beverages_37,Snacks & Beverages,226,1138,201,"BD Mall, Manjit Nagar (Near Thapar Uni)",Patiala,147004,29,1.72,14,30,In Stock
19/09/26 07:01,SKU_038,Product_Dairy_38,Dairy/Fresh,198,963,197,"BD Mall, Manjit Nagar (Near Thapar Uni)",Patiala,147004,95,0.51,19,110,In Stock
19/09/26 07:01,SKU_039,Product_Snacks & Beverages_39,Snacks & Beverages,71,1120,65,"BD Mall, Manjit Nagar (Near Thapar Uni)",Patiala,147004,26,1.41,13,24,In Stock
19/09/26 07:01,SKU_040,Product_Snacks & Beverages_40,Snacks & Beverages,241,584,206,"BD Mall, Manjit Nagar (Near Thapar Uni)",Patiala,147004,67,1.75,33,67,In Stock
19/09/26 07:01,SKU_041,Product_Dairy_41,Dairy/Fresh,256,1294,231,"BD Mall, Manjit Nagar (Near Thapar Uni)",Patiala,147004,142,0.72,28,113,In Stock
19/09/26 07:01,SKU_042,Product_Dairy_42,Dairy/Fresh,32,1283,30,"BD Mall, Manjit Nagar (Near Thapar Uni)",Patiala,147004,102,0.63,20,58,In Stock
19/09/26 08:47,SKU_001,Product_Dairy_1,Dairy/Fresh,290,1230,273,"BD Mall, Manjit Nagar (Near Thapar Uni)",Patiala,147004,57,0.58,11,11,In Stock
19/09/26 08:47,SKU_002,Product_Staples_2,Staples,40,221,38,"BD Mall, Manjit Nagar (Near Thapar Uni)",Patiala,147004,71,1.99,35,71,In Stock
19/09/26 08:47,SKU_003,Product_Dairy_3,Dairy/Fresh,107,1496,105,"BD Mall, Manjit Nagar (Near Thapar Uni)",Patiala,147004,76,0.76,15,35,In Stock
19/09/26 08:47,SKU_004,Product_Snacks & Beverages_4,Snacks & Beverages,171,230,161,"BD Mall, Manjit Nagar (Near Thapar Uni)",Patiala,147004,20,1.41,10,10,In Stock
19/09/26 08:47,SKU_005,Product_Dairy_5,Dairy/Fresh,277,443,248,"BD Mall, Manjit Nagar (Near Thapar Uni)",Patiala,147004,99,0.66,19,22,In Stock
19/09/26 08:47,SKU_006,Product_Staples_6,Staples,211,1055,183,"BD Mall, Manjit Nagar (Near Thapar Uni)",Patiala,147004,72,1.2,36,67,In Stock
19/09/26 08:47,SKU_007,Product_Dairy_7,Dairy/Fresh,41,352,38,"BD Mall, Manjit Nagar (Near Thapar Uni)",Patiala,147004,52,0.54,10,0,Out of Stock
19/09/26 08:47,SKU_008,Product_Snacks & Beverages_8,Snacks & Beverages,68,574,60,"BD Mall, Manjit Nagar (Near Thapar Uni)",Patiala,147004,53,1.92,26,26,In Stock
19/09/26 08:47,SKU_009,Product_Snacks & Beverages_9,Snacks & Beverages,189,799,172,"BD Mall, Manjit Nagar (Near Thapar Uni)",Patiala,147004,23,1.39,11,23,In Stock
19/09/26 08:47,SKU_010,Product_Dairy_10,Dairy/Fresh,209,1057,205,"BD Mall, Manjit Nagar (Near Thapar Uni)",Patiala,147004,93,0.91,18,63,In Stock
19/09/26 08:47,SKU_011,Product_Staples_11,Staples,70,1367,63,"BD Mall, Manjit Nagar (Near Thapar Uni)",Patiala,147004,23,1.29,11,25,In Stock
19/09/26 08:47,SKU_012,Product_Snacks & Beverages_12,Snacks & Beverages,150,746,130,"BD Mall, Manjit Nagar (Near Thapar Uni)",Patiala,147004,62,1.46,31,47,In Stock
19/09/26 08:47,SKU_013,Product_Dairy_13,Dairy/Fresh,186,1397,168,"BD Mall, Manjit Nagar (Near Thapar Uni)",Patiala,147004,109,0.86,21,96,In Stock
19/09/26 08:47,SKU_014,Product_Personal Care_14,Personal Care,33,341,33,"BD Mall, Manjit Nagar (Near Thapar Uni)",Patiala,147004,45,1.23,22,28,In Stock
19/09/26 08:47,SKU_015,Product_Dairy_15,Dairy/Fresh,72,997,64,"BD Mall, Manjit Nagar (Near Thapar Uni)",Patiala,147004,69,0.74,13,0,Out of Stock
19/09/26 08:47,SKU_016,Product_Snacks & Beverages_16,Snacks & Beverages,283,134,268,"BD Mall, Manjit Nagar (Near Thapar Uni)",Patiala,147004,20,1.01,10,32,In Stock
19/09/26 08:47,SKU_017,Product_Personal Care_17,Personal Care,69,1125,59,"BD Mall, Manjit Nagar (Near Thapar Uni)",Patiala,147004,26,1.54,13,0,Out of Stock
19/09/26 08:47,SKU_018,Product_Snacks & Beverages_18,Snacks & Beverages,73,1229,66,"BD Mall, Manjit Nagar (Near Thapar Uni)",Patiala,147004,49,1.79,24,49,In Stock
19/09/26 08:47,SKU_019,Product_Snacks & Beverages_19,Snacks & Beverages,210,501,188,"BD Mall, Manjit Nagar (Near Thapar Uni)",Patiala,147004,69,1.27,34,64,In Stock
19/09/26 08:47,SKU_020,Product_Staples_20,Staples,181,301,158,"BD Mall, Manjit Nagar (Near Thapar Uni)",Patiala,147004,28,1.6,14,39,In Stock
19/09/26 08:47,SKU_021,Product_Staples_21,Staples,289,915,269,"BD Mall, Manjit Nagar (Near Thapar Uni)",Patiala,147004,54,1.67,27,29,In Stock
19/09/26 08:47,SKU_022,Product_Dairy_22,Dairy/Fresh,234,1375,216,"BD Mall, Manjit Nagar (Near Thapar Uni)",Patiala,147004,66,0.64,13,67,In Stock
19/09/26 08:47,SKU_023,Product_Dairy_23,Dairy/Fresh,232,819,221,"BD Mall, Manjit Nagar (Near Thapar Uni)",Patiala,147004,133,0.82,26,53,In Stock
19/09/26 08:47,SKU_024,Product_Staples_24,Staples,72,891,64,"BD Mall, Manjit Nagar (Near Thapar Uni)",Patiala,147004,38,1.35,19,35,In Stock
19/09/26 08:47,SKU_025,Product_Dairy_25,Dairy/Fresh,271,287,240,"BD Mall, Manjit Nagar (Near Thapar Uni)",Patiala,147004,58,0.94,11,48,In Stock
19/09/26 08:47,SKU_026,Product_Snacks & Beverages_26,Snacks & Beverages,60,1280,53,"BD Mall, Manjit Nagar (Near Thapar Uni)",Patiala,147004,69,1.76,34,80,In Stock
19/09/26 08:47,SKU_027,Product_Staples_27,Staples,84,620,74,"BD Mall, Manjit Nagar (Near Thapar Uni)",Patiala,147004,71,1.32,35,64,In Stock
19/09/26 08:47,SKU_028,Product_Staples_28,Staples,155,1186,145,"BD Mall, Manjit Nagar (Near Thapar Uni)",Patiala,147004,78,1.1,39,40,In Stock
19/09/26 08:47,SKU_029,Product_Staples_29,Staples,100,491,91,"BD Mall, Manjit Nagar (Near Thapar Uni)",Patiala,147004,62,1.07,31,38,In Stock
19/09/26 08:47,SKU_030,Product_Staples_30,Staples,280,330,241,"BD Mall, Manjit Nagar (Near Thapar Uni)",Patiala,147004,46,1.09,23,36,In Stock
19/09/26 08:47,SKU_031,Product_Snacks & Beverages_31,Snacks & Beverages,47,234,42,"BD Mall, Manjit Nagar (Near Thapar Uni)",Patiala,147004,51,1.58,25,61,In Stock
19/09/26 08:47,SKU_032,Product_Staples_32,Staples,287,1029,255,"BD Mall, Manjit Nagar (Near Thapar Uni)",Patiala,147004,33,1.05,16,50,In Stock
19/09/26 08:47,SKU_033,Product_Dairy_33,Dairy/Fresh,81,904,77,"BD Mall, Manjit Nagar (Near Thapar Uni)",Patiala,147004,121,0.87,24,129,In Stock
19/09/26 08:47,SKU_034,Product_Staples_34,Staples,233,1060,223,"BD Mall, Manjit Nagar (Near Thapar Uni)",Patiala,147004,37,1.75,18,56,In Stock
19/09/26 08:47,SKU_035,Product_Dairy_35,Dairy/Fresh,150,1128,131,"BD Mall, Manjit Nagar (Near Thapar Uni)",Patiala,147004,113,0.54,22,0,Out of Stock
19/09/26 08:47,SKU_036,Product_Snacks & Beverages_36,Snacks & Beverages,274,497,274,"BD Mall, Manjit Nagar (Near Thapar Uni)",Patiala,147004,79,1.76,39,0,Out of Stock
19/09/26 08:47,SKU_037,Product_Snacks & Beverages_37,Snacks & Beverages,226,1138,201,"BD Mall, Manjit Nagar (Near Thapar Uni)",Patiala,147004,48,1.75,24,0,Out of Stock
19/09/26 08:47,SKU_038,Product_Dairy_38,Dairy/Fresh,198,963,197,"BD Mall, Manjit Nagar (Near Thapar Uni)",Patiala,147004,121,0.76,24,89,In Stock
19/09/26 08:47,SKU_039,Product_Snacks & Beverages_39,Snacks & Beverages,71,1120,65,"BD Mall, Manjit Nagar (Near Thapar Uni)",Patiala,147004,54,1.73,27,63,In Stock
19/09/26 08:47,SKU_040,Product_Snacks & Beverages_40,Snacks & Beverages,241,584,206,"BD Mall, Manjit Nagar (Near Thapar Uni)",Patiala,147004,66,1.75,33,75,In Stock
19/09/26 08:47,SKU_041,Product_Dairy_41,Dairy/Fresh,256,1294,231,"BD Mall, Manjit Nagar (Near Thapar Uni)",Patiala,147004,143,0.55,28,123,In Stock
19/09/26 08:47,SKU_042,Product_Dairy_42,Dairy/Fresh,32,1283,30,"BD Mall, Manjit Nagar (Near Thapar Uni)",Patiala,147004,113,0.88,22,61,In Stock
19/09/26 09:04,SKU_001,Product_Dairy_1,Dairy/Fresh,290,1230,273,"BD Mall, Manjit Nagar (Near Thapar Uni)",Patiala,147004,131,0.87,26,38,In Stock
19/09/26 09:04,SKU_002,Product_Staples_2,Staples,40,221,38,"BD Mall, Manjit Nagar (Near Thapar Uni)",Patiala,147004,23,1.92,11,21,In Stock
19/09/26 09:04,SKU_003,Product_Dairy_3,Dairy/Fresh,107,1496,105,"BD Mall, Manjit Nagar (Near Thapar Uni)",Patiala,147004,87,0.65,17,33,In Stock
19/09/26 09:04,SKU_004,Product_Snacks & Beverages_4,Snacks & Beverages,171,230,161,"BD Mall, Manjit Nagar (Near Thapar Uni)",Patiala,147004,36,1.17,18,32,In Stock
19/09/26 09:04,SKU_005,Product_Dairy_5,Dairy/Fresh,277,443,248,"BD Mall, Manjit Nagar (Near Thapar Uni)",Patiala,147004,60,0.54,12,44,In Stock
19/09/26 09:04,SKU_006,Product_Staples_6,Staples,211,1055,183,"BD Mall, Manjit Nagar (Near Thapar Uni)",Patiala,147004,67,1.43,33,83,In Stock
19/09/26 09:04,SKU_007,Product_Dairy_7,Dairy/Fresh,41,352,38,"BD Mall, Manjit Nagar (Near Thapar Uni)",Patiala,147004,138,0.63,27,42,In Stock
19/09/26 09:04,SKU_008,Product_Snacks & Beverages_8,Snacks & Beverages,68,574,60,"BD Mall, Manjit Nagar (Near Thapar Uni)",Patiala,147004,45,1.73,22,34,In Stock
19/09/26 09:04,SKU_009,Product_Snacks & Beverages_9,Snacks & Beverages,189,799,172,"BD Mall, Manjit Nagar (Near Thapar Uni)",Patiala,147004,67,1.51,33,54,In Stock
19/09/26 09:04,SKU_010,Product_Dairy_10,Dairy/Fresh,209,1057,205,"BD Mall, Manjit Nagar (Near Thapar Uni)",Patiala,147004,57,0.84,11,0,Out of Stock
19/09/26 09:04,SKU_011,Product_Staples_11,Staples,70,1367,63,"BD Mall, Manjit Nagar (Near Thapar Uni)",Patiala,147004,60,1.72,30,65,In Stock
19/09/26 09:04,SKU_012,Product_Snacks & Beverages_12,Snacks & Beverages,150,746,130,"BD Mall, Manjit Nagar (Near Thapar Uni)",Patiala,147004,23,1.62,11,21,In Stock
19/09/26 09:04,SKU_013,Product_Dairy_13,Dairy/Fresh,186,1397,168,"BD Mall, Manjit Nagar (Near Thapar Uni)",Patiala,147004,100,0.67,20,69,In Stock
19/09/26 09:04,SKU_014,Product_Personal Care_14,Personal Care,33,341,33,"BD Mall, Manjit Nagar (Near Thapar Uni)",Patiala,147004,49,1.84,24,33,In Stock
19/09/26 09:04,SKU_015,Product_Dairy_15,Dairy/Fresh,72,997,64,"BD Mall, Manjit Nagar (Near Thapar Uni)",Patiala,147004,90,1,18,98,In Stock
19/09/26 09:04,SKU_016,Product_Snacks & Beverages_16,Snacks & Beverages,283,134,268,"BD Mall, Manjit Nagar (Near Thapar Uni)",Patiala,147004,30,1.14,15,0,Out of Stock
19/09/26 09:04,SKU_017,Product_Personal Care_17,Personal Care,69,1125,59,"BD Mall, Manjit Nagar (Near Thapar Uni)",Patiala,147004,21,1.49,10,22,In Stock
19/09/26 09:04,SKU_018,Product_Snacks & Beverages_18,Snacks & Beverages,73,1229,66,"BD Mall, Manjit Nagar (Near Thapar Uni)",Patiala,147004,63,1.26,31,60,In Stock
19/09/26 09:04,SKU_019,Product_Snacks & Beverages_19,Snacks & Beverages,210,501,188,"BD Mall, Manjit Nagar (Near Thapar Uni)",Patiala,147004,31,1.75,15,44,In Stock
19/09/26 09:04,SKU_020,Product_Staples_20,Staples,181,301,158,"BD Mall, Manjit Nagar (Near Thapar Uni)",Patiala,147004,49,1.72,24,30,In Stock
19/09/26 09:04,SKU_021,Product_Staples_21,Staples,289,915,269,"BD Mall, Manjit Nagar (Near Thapar Uni)",Patiala,147004,55,1.14,27,0,Out of Stock
19/09/26 09:04,SKU_022,Product_Dairy_22,Dairy/Fresh,234,1375,216,"BD Mall, Manjit Nagar (Near Thapar Uni)",Patiala,147004,103,0.88,20,118,In Stock
19/09/26 09:04,SKU_023,Product_Dairy_23,Dairy/Fresh,232,819,221,"BD Mall, Manjit Nagar (Near Thapar Uni)",Patiala,147004,135,0.77,27,92,In Stock
19/09/26 09:04,SKU_024,Product_Staples_24,Staples,72,891,64,"BD Mall, Manjit Nagar (Near Thapar Uni)",Patiala,147004,72,1.8,36,65,In Stock
19/09/26 09:04,SKU_025,Product_Dairy_25,Dairy/Fresh,271,287,240,"BD Mall, Manjit Nagar (Near Thapar Uni)",Patiala,147004,69,0.52,13,51,In Stock
19/09/26 09:04,SKU_026,Product_Snacks & Beverages_26,Snacks & Beverages,60,1280,53,"BD Mall, Manjit Nagar (Near Thapar Uni)",Patiala,147004,20,1.33,10,14,In Stock
19/09/26 09:04,SKU_027,Product_Staples_27,Staples,84,620,74,"BD Mall, Manjit Nagar (Near Thapar Uni)",Patiala,147004,77,1.16,38,40,In Stock
19/09/26 09:04,SKU_028,Product_Staples_28,Staples,155,1186,145,"BD Mall, Manjit Nagar (Near Thapar Uni)",Patiala,147004,45,1.17,22,46,In Stock
19/09/26 09:04,SKU_029,Product_Staples_29,Staples,100,491,91,"BD Mall, Manjit Nagar (Near Thapar Uni)",Patiala,147004,42,1.66,21,54,In Stock
19/09/26 09:04,SKU_030,Product_Staples_30,Staples,280,330,241,"BD Mall, Manjit Nagar (Near Thapar Uni)",Patiala,147004,45,1.55,22,43,In Stock
19/09/26 09:04,SKU_031,Product_Snacks & Beverages_31,Snacks & Beverages,47,234,42,"BD Mall, Manjit Nagar (Near Thapar Uni)",Patiala,147004,64,1.12,32,69,In Stock
19/09/26 09:04,SKU_032,Product_Staples_32,Staples,287,1029,255,"BD Mall, Manjit Nagar (Near Thapar Uni)",Patiala,147004,25,1.11,12,25,In Stock
19/09/26 09:04,SKU_033,Product_Dairy_33,Dairy/Fresh,81,904,77,"BD Mall, Manjit Nagar (Near Thapar Uni)",Patiala,147004,82,0.71,16,79,In Stock
19/09/26 09:04,SKU_034,Product_Staples_34,Staples,233,1060,223,"BD Mall, Manjit Nagar (Near Thapar Uni)",Patiala,147004,63,1.74,31,0,Out of Stock
19/09/26 09:04,SKU_035,Product_Dairy_35,Dairy/Fresh,150,1128,131,"BD Mall, Manjit Nagar (Near Thapar Uni)",Patiala,147004,79,0.78,15,68,In Stock
19/09/26 09:04,SKU_036,Product_Snacks & Beverages_36,Snacks & Beverages,274,497,274,"BD Mall, Manjit Nagar (Near Thapar Uni)",Patiala,147004,43,1.06,21,22,In Stock
19/09/26 09:04,SKU_037,Product_Snacks & Beverages_37,Snacks & Beverages,226,1138,201,"BD Mall, Manjit Nagar (Near Thapar Uni)",Patiala,147004,41,1.56,20,51,In Stock
19/09/26 09:04,SKU_038,Product_Dairy_38,Dairy/Fresh,198,963,197,"BD Mall, Manjit Nagar (Near Thapar Uni)",Patiala,147004,75,0.87,15,57,In Stock
19/09/26 09:04,SKU_039,Product_Snacks & Beverages_39,Snacks & Beverages,71,1120,65,"BD Mall, Manjit Nagar (Near Thapar Uni)",Patiala,147004,56,1.9,28,30,In Stock
19/09/26 09:04,SKU_040,Product_Snacks & Beverages_40,Snacks & Beverages,241,584,206,"BD Mall, Manjit Nagar (Near Thapar Uni)",Patiala,147004,37,1.91,18,25,In Stock
19/09/26 09:04,SKU_041,Product_Dairy_41,Dairy/Fresh,256,1294,231,"BD Mall, Manjit Nagar (Near Thapar Uni)",Patiala,147004,87,0.55,17,106,In Stock
19/09/26 09:04,SKU_042,Product_Dairy_42,Dairy/Fresh,32,1283,30,"BD Mall, Manjit Nagar (Near Thapar Uni)",Patiala,147004,139,0.71,27,122,In Stock
19/09/26 10:31,SKU_001,Product_Dairy_1,Dairy/Fresh,290,1230,273,"BD Mall, Manjit Nagar (Near Thapar Uni)",Patiala,147004,95,0.97,19,0,Out of Stock
19/09/26 10:31,SKU_002,Product_Staples_2,Staples,40,221,38,"BD Mall, Manjit Nagar (Near Thapar Uni)",Patiala,147004,76,1.83,38,87,In Stock
19/09/26 10:31,SKU_003,Product_Dairy_3,Dairy/Fresh,107,1496,105,"BD Mall, Manjit Nagar (Near Thapar Uni)",Patiala,147004,147,0.76,29,93,In Stock
19/09/26 10:31,SKU_004,Product_Snacks & Beverages_4,Snacks & Beverages,171,230,161,"BD Mall, Manjit Nagar (Near Thapar Uni)",Patiala,147004,52,1.31,26,40,In Stock
19/09/26 10:31,SKU_005,Product_Dairy_5,Dairy/Fresh,277,443,248,"BD Mall, Manjit Nagar (Near Thapar Uni)",Patiala,147004,98,0.5,19,22,In Stock
19/09/26 10:31,SKU_006,Product_Staples_6,Staples,211,1055,183,"BD Mall, Manjit Nagar (Near Thapar Uni)",Patiala,147004,56,1.33,28,31,In Stock
19/09/26 10:31,SKU_007,Product_Dairy_7,Dairy/Fresh,41,352,38,"BD Mall, Manjit Nagar (Near Thapar Uni)",Patiala,147004,110,0.54,22,113,In Stock
19/09/26 10:31,SKU_008,Product_Snacks & Beverages_8,Snacks & Beverages,68,574,60,"BD Mall, Manjit Nagar (Near Thapar Uni)",Patiala,147004,73,1.17,36,45,In Stock
19/09/26 10:31,SKU_009,Product_Snacks & Beverages_9,Snacks & Beverages,189,799,172,"BD Mall, Manjit Nagar (Near Thapar Uni)",Patiala,147004,49,1.26,24,34,In Stock
19/09/26 10:31,SKU_010,Product_Dairy_10,Dairy/Fresh,209,1057,205,"BD Mall, Manjit Nagar (Near Thapar Uni)",Patiala,147004,58,0.6,11,60,In Stock
19/09/26 10:31,SKU_011,Product_Staples_11,Staples,70,1367,63,"BD Mall, Manjit Nagar (Near Thapar Uni)",Patiala,147004,58,1.23,29,51,In Stock
19/09/26 10:31,SKU_012,Product_Snacks & Beverages_12,Snacks & Beverages,150,746,130,"BD Mall, Manjit Nagar (Near Thapar Uni)",Patiala,147004,28,1.59,14,16,In Stock
19/09/26 10:31,SKU_013,Product_Dairy_13,Dairy/Fresh,186,1397,168,"BD Mall, Manjit Nagar (Near Thapar Uni)",Patiala,147004,144,0.8,28,130,In Stock
19/09/26 10:31,SKU_014,Product_Personal Care_14,Personal Care,33,341,33,"BD Mall, Manjit Nagar (Near Thapar Uni)",Patiala,147004,40,1.75,20,36,In Stock
19/09/26 10:31,SKU_015,Product_Dairy_15,Dairy/Fresh,72,997,64,"BD Mall, Manjit Nagar (Near Thapar Uni)",Patiala,147004,90,0.87,18,39,In Stock
19/09/26 10:31,SKU_016,Product_Snacks & Beverages_16,Snacks & Beverages,283,134,268,"BD Mall, Manjit Nagar (Near Thapar Uni)",Patiala,147004,74,1.58,37,88,In Stock
19/09/26 10:31,SKU_017,Product_Personal Care_17,Personal Care,69,1125,59,"BD Mall, Manjit Nagar (Near Thapar Uni)",Patiala,147004,48,1.49,24,50,In Stock
19/09/26 10:31,SKU_018,Product_Snacks & Beverages_18,Snacks & Beverages,73,1229,66,"BD Mall, Manjit Nagar (Near Thapar Uni)",Patiala,147004,52,1.19,26,41,In Stock
19/09/26 10:31,SKU_019,Product_Snacks & Beverages_19,Snacks & Beverages,210,501,188,"BD Mall, Manjit Nagar (Near Thapar Uni)",Patiala,147004,62,1.89,31,46,In Stock
19/09/26 10:31,SKU_020,Product_Staples_20,Staples,181,301,158,"BD Mall, Manjit Nagar (Near Thapar Uni)",Patiala,147004,72,1.25,36,75,In Stock
19/09/26 10:31,SKU_021,Product_Staples_21,Staples,289,915,269,"BD Mall, Manjit Nagar (Near Thapar Uni)",Patiala,147004,34,1.09,17,19,In Stock
19/09/26 10:31,SKU_022,Product_Dairy_22,Dairy/Fresh,234,1375,216,"BD Mall, Manjit Nagar (Near Thapar Uni)",Patiala,147004,133,0.83,26,77,In Stock
19/09/26 10:31,SKU_023,Product_Dairy_23,Dairy/Fresh,232,819,221,"BD Mall, Manjit Nagar (Near Thapar Uni)",Patiala,147004,111,0.58,22,54,In Stock
19/09/26 10:31,SKU_024,Product_Staples_24,Staples,72,891,64,"BD Mall, Manjit Nagar (Near Thapar Uni)",Patiala,147004,58,1.37,29,70,In Stock
19/09/26 10:31,SKU_025,Product_Dairy_25,Dairy/Fresh,271,287,240,"BD Mall, Manjit Nagar (Near Thapar Uni)",Patiala,147004,124,0.56,24,25,In Stock
19/09/26 10:31,SKU_026,Product_Snacks & Beverages_26,Snacks & Beverages,60,1280,53,"BD Mall, Manjit Nagar (Near Thapar Uni)",Patiala,147004,63,1.14,31,69,In Stock
19/09/26 10:31,SKU_027,Product_Staples_27,Staples,84,620,74,"BD Mall, Manjit Nagar (Near Thapar Uni)",Patiala,147004,73,1.17,36,81,In Stock
19/09/26 10:31,SKU_028,Product_Staples_28,Staples,155,1186,145,"BD Mall, Manjit Nagar (Near Thapar Uni)",Patiala,147004,37,1.05,18,44,In Stock
19/09/26 10:31,SKU_029,Product_Staples_29,Staples,100,491,91,"BD Mall, Manjit Nagar (Near Thapar Uni)",Patiala,147004,22,1.66,11,0,Out of Stock
19/09/26 10:31,SKU_030,Product_Staples_30,Staples,280,330,241,"BD Mall, Manjit Nagar (Near Thapar Uni)",Patiala,147004,26,1.84,13,27,In Stock
19/09/26 10:31,SKU_031,Product_Snacks & Beverages_31,Snacks & Beverages,47,234,42,"BD Mall, Manjit Nagar (Near Thapar Uni)",Patiala,147004,62,1.37,31,37,In Stock
19/09/26 10:31,SKU_032,Product_Staples_32,Staples,287,1029,255,"BD Mall, Manjit Nagar (Near Thapar Uni)",Patiala,147004,37,1.87,18,26,In Stock
19/09/26 10:31,SKU_033,Product_Dairy_33,Dairy/Fresh,81,904,77,"BD Mall, Manjit Nagar (Near Thapar Uni)",Patiala,147004,52,0.81,10,50,In Stock
19/09/26 10:31,SKU_034,Product_Staples_34,Staples,233,1060,223,"BD Mall, Manjit Nagar (Near Thapar Uni)",Patiala,147004,57,1.33,28,0,Out of Stock
19/09/26 10:31,SKU_035,Product_Dairy_35,Dairy/Fresh,150,1128,131,"BD Mall, Manjit Nagar (Near Thapar Uni)",Patiala,147004,109,0.7,21,77,In Stock
19/09/26 10:31,SKU_036,Product_Snacks & Beverages_36,Snacks & Beverages,274,497,274,"BD Mall, Manjit Nagar (Near Thapar Uni)",Patiala,147004,77,1.62,38,49,In Stock
19/09/26 10:31,SKU_037,Product_Snacks & Beverages_37,Snacks & Beverages,226,1138,201,"BD Mall, Manjit Nagar (Near Thapar Uni)",Patiala,147004,52,1.42,26,55,In Stock
19/09/26 10:31,SKU_038,Product_Dairy_38,Dairy/Fresh,198,963,197,"BD Mall, Manjit Nagar (Near Thapar Uni)",Patiala,147004,131,0.81,26,80,In Stock
19/09/26 10:31,SKU_039,Product_Snacks & Beverages_39,Snacks & Beverages,71,1120,65,"BD Mall, Manjit Nagar (Near Thapar Uni)",Patiala,147004,78,1.76,39,58,In Stock
19/09/26 10:31,SKU_040,Product_Snacks & Beverages_40,Snacks & Beverages,241,584,206,"BD Mall, Manjit Nagar (Near Thapar Uni)",Patiala,147004,50,1.55,25,44,In Stock
19/09/26 10:31,SKU_041,Product_Dairy_41,Dairy/Fresh,256,1294,231,"BD Mall, Manjit Nagar (Near Thapar Uni)",Patiala,147004,61,0.55,12,65,In Stock
19/09/26 10:31,SKU_042,Product_Dairy_42,Dairy/Fresh,32,1283,30,"BD Mall, Manjit Nagar (Near Thapar Uni)",Patiala,147004,62,0.86,12,38,In Stock
19/09/26 11:54,SKU_001,Product_Dairy_1,Dairy/Fresh,290,1230,273,"BD Mall, Manjit Nagar (Near Thapar Uni)",Patiala,147004,74,0.75,14,0,Out of Stock
19/09/26 11:54,SKU_002,Product_Staples_2,Staples,40,221,38,"BD Mall, Manjit Nagar (Near Thapar Uni)",Patiala,147004,78,1.36,39,45,In Stock
19/09/26 11:54,SKU_003,Product_Dairy_3,Dairy/Fresh,107,1496,105,"BD Mall, Manjit Nagar (Near Thapar Uni)",Patiala,147004,68,0.62,13,52,In Stock
19/09/26 11:54,SKU_004,Product_Snacks & Beverages_4,Snacks & Beverages,171,230,161,"BD Mall, Manjit Nagar (Near Thapar Uni)",Patiala,147004,23,1.61,11,18,In Stock
19/09/26 11:54,SKU_005,Product_Dairy_5,Dairy/Fresh,277,443,248,"BD Mall, Manjit Nagar (Near Thapar Uni)",Patiala,147004,149,0.67,29,100,In Stock
19/09/26 11:54,SKU_006,Product_Staples_6,Staples,211,1055,183,"BD Mall, Manjit Nagar (Near Thapar Uni)",Patiala,147004,53,1.38,26,27,In Stock
19/09/26 11:54,SKU_007,Product_Dairy_7,Dairy/Fresh,41,352,38,"BD Mall, Manjit Nagar (Near Thapar Uni)",Patiala,147004,57,0.67,11,24,In Stock
19/09/26 11:54,SKU_008,Product_Snacks & Beverages_8,Snacks & Beverages,68,574,60,"BD Mall, Manjit Nagar (Near Thapar Uni)",Patiala,147004,43,1.42,21,30,In Stock
19/09/26 11:54,SKU_009,Product_Snacks & Beverages_9,Snacks & Beverages,189,799,172,"BD Mall, Manjit Nagar (Near Thapar Uni)",Patiala,147004,41,1.18,20,37,In Stock
19/09/26 11:54,SKU_010,Product_Dairy_10,Dairy/Fresh,209,1057,205,"BD Mall, Manjit Nagar (Near Thapar Uni)",Patiala,147004,104,0.76,20,37,In Stock
19/09/26 11:54,SKU_011,Product_Staples_11,Staples,70,1367,63,"BD Mall, Manjit Nagar (Near Thapar Uni)",Patiala,147004,63,1.76,31,46,In Stock
19/09/26 11:54,SKU_012,Product_Snacks & Beverages_12,Snacks & Beverages,150,746,130,"BD Mall, Manjit Nagar (Near Thapar Uni)",Patiala,147004,25,1.48,12,16,In Stock
19/09/26 11:54,SKU_013,Product_Dairy_13,Dairy/Fresh,186,1397,168,"BD Mall, Manjit Nagar (Near Thapar Uni)",Patiala,147004,93,0.94,18,69,In Stock
19/09/26 11:54,SKU_014,Product_Personal Care_14,Personal Care,33,341,33,"BD Mall, Manjit Nagar (Near Thapar Uni)",Patiala,147004,44,1.9,22,52,In Stock
19/09/26 11:54,SKU_015,Product_Dairy_15,Dairy/Fresh,72,997,64,"BD Mall, Manjit Nagar (Near Thapar Uni)",Patiala,147004,119,0.97,23,123,In Stock
19/09/26 11:54,SKU_016,Product_Snacks & Beverages_16,Snacks & Beverages,283,134,268,"BD Mall, Manjit Nagar (Near Thapar Uni)",Patiala,147004,76,1.25,38,57,In Stock
19/09/26 11:54,SKU_017,Product_Personal Care_17,Personal Care,69,1125,59,"BD Mall, Manjit Nagar (Near Thapar Uni)",Patiala,147004,40,1.54,20,42,In Stock
19/09/26 11:54,SKU_018,Product_Snacks & Beverages_18,Snacks & Beverages,73,1229,66,"BD Mall, Manjit Nagar (Near Thapar Uni)",Patiala,147004,74,1.8,37,68,In Stock
19/09/26 11:54,SKU_019,Product_Snacks & Beverages_19,Snacks & Beverages,210,501,188,"BD Mall, Manjit Nagar (Near Thapar Uni)",Patiala,147004,78,1.04,39,80,In Stock
19/09/26 11:54,SKU_020,Product_Staples_20,Staples,181,301,158,"BD Mall, Manjit Nagar (Near Thapar Uni)",Patiala,147004,35,1.98,17,33,In Stock
19/09/26 11:54,SKU_021,Product_Staples_21,Staples,289,915,269,"BD Mall, Manjit Nagar (Near Thapar Uni)",Patiala,147004,50,1.45,25,37,In Stock
19/09/26 11:54,SKU_022,Product_Dairy_22,Dairy/Fresh,234,1375,216,"BD Mall, Manjit Nagar (Near Thapar Uni)",Patiala,147004,108,0.61,21,70,In Stock
19/09/26 11:54,SKU_023,Product_Dairy_23,Dairy/Fresh,232,819,221,"BD Mall, Manjit Nagar (Near Thapar Uni)",Patiala,147004,52,0.71,10,22,In Stock
19/09/26 11:54,SKU_024,Product_Staples_24,Staples,72,891,64,"BD Mall, Manjit Nagar (Near Thapar Uni)",Patiala,147004,47,1.17,23,39,In Stock
19/09/26 11:54,SKU_025,Product_Dairy_25,Dairy/Fresh,271,287,240,"BD Mall, Manjit Nagar (Near Thapar Uni)",Patiala,147004,123,0.86,24,0,Out of Stock
19/09/26 11:54,SKU_026,Product_Snacks & Beverages_26,Snacks & Beverages,60,1280,53,"BD Mall, Manjit Nagar (Near Thapar Uni)",Patiala,147004,47,1.96,23,48,In Stock
19/09/26 11:54,SKU_027,Product_Staples_27,Staples,84,620,74,"BD Mall, Manjit Nagar (Near Thapar Uni)",Patiala,147004,70,1.41,35,78,In Stock
19/09/26 11:54,SKU_028,Product_Staples_28,Staples,155,1186,145,"BD Mall, Manjit Nagar (Near Thapar Uni)",Patiala,147004,74,1.95,37,64,In Stock
19/09/26 11:54,SKU_029,Product_Staples_29,Staples,100,491,91,"BD Mall, Manjit Nagar (Near Thapar Uni)",Patiala,147004,68,1.82,34,75,In Stock
19/09/26 11:54,SKU_030,Product_Staples_30,Staples,280,330,241,"BD Mall, Manjit Nagar (Near Thapar Uni)",Patiala,147004,28,1.48,14,43,In Stock
19/09/26 11:54,SKU_031,Product_Snacks & Beverages_31,Snacks & Beverages,47,234,42,"BD Mall, Manjit Nagar (Near Thapar Uni)",Patiala,147004,77,1.67,38,80,In Stock
19/09/26 11:54,SKU_032,Product_Staples_32,Staples,287,1029,255,"BD Mall, Manjit Nagar (Near Thapar Uni)",Patiala,147004,64,1.43,32,66,In Stock
19/09/26 11:54,SKU_033,Product_Dairy_33,Dairy/Fresh,81,904,77,"BD Mall, Manjit Nagar (Near Thapar Uni)",Patiala,147004,56,0.99,11,32,In Stock
19/09/26 11:54,SKU_034,Product_Staples_34,Staples,233,1060,223,"BD Mall, Manjit Nagar (Near Thapar Uni)",Patiala,147004,51,1.06,25,34,In Stock
19/09/26 11:54,SKU_035,Product_Dairy_35,Dairy/Fresh,150,1128,131,"BD Mall, Manjit Nagar (Near Thapar Uni)",Patiala,147004,98,0.56,19,93,In Stock
19/09/26 11:54,SKU_036,Product_Snacks & Beverages_36,Snacks & Beverages,274,497,274,"BD Mall, Manjit Nagar (Near Thapar Uni)",Patiala,147004,42,1.05,21,58,In Stock
19/09/26 11:54,SKU_037,Product_Snacks & Beverages_37,Snacks & Beverages,226,1138,201,"BD Mall, Manjit Nagar (Near Thapar Uni)",Patiala,147004,24,1.82,12,12,In Stock
19/09/26 11:54,SKU_038,Product_Dairy_38,Dairy/Fresh,198,963,197,"BD Mall, Manjit Nagar (Near Thapar Uni)",Patiala,147004,80,0.93,16,85,In Stock
19/09/26 11:54,SKU_039,Product_Snacks & Beverages_39,Snacks & Beverages,71,1120,65,"BD Mall, Manjit Nagar (Near Thapar Uni)",Patiala,147004,72,1.24,36,72,In Stock
19/09/26 11:54,SKU_040,Product_Snacks & Beverages_40,Snacks & Beverages,241,584,206,"BD Mall, Manjit Nagar (Near Thapar Uni)",Patiala,147004,51,1.32,25,31,In Stock
19/09/26 11:54,SKU_041,Product_Dairy_41,Dairy/Fresh,256,1294,231,"BD Mall, Manjit Nagar (Near Thapar Uni)",Patiala,147004,73,0.61,14,57,In Stock
19/09/26 11:54,SKU_042,Product_Dairy_42,Dairy/Fresh,32,1283,30,"BD Mall, Manjit Nagar (Near Thapar Uni)",Patiala,147004,69,0.53,13,88,In Stock
19/09/26 12:40,SKU_001,Product_Dairy_1,Dairy/Fresh,290,1230,273,"BD Mall, Manjit Nagar (Near Thapar Uni)",Patiala,147004,86,0.55,17,23,In Stock
19/09/26 12:40,SKU_002,Product_Staples_2,Staples,40,221,38,"BD Mall, Manjit Nagar (Near Thapar Uni)",Patiala,147004,58,1.59,29,30,In Stock
19/09/26 12:40,SKU_003,Product_Dairy_3,Dairy/Fresh,107,1496,105,"BD Mall, Manjit Nagar (Near Thapar Uni)",Patiala,147004,141,0.61,28,87,In Stock
19/09/26 12:40,SKU_004,Product_Snacks & Beverages_4,Snacks & Beverages,171,230,161,"BD Mall, Manjit Nagar (Near Thapar Uni)",Patiala,147004,34,1.06,17,17,In Stock
19/09/26 12:40,SKU_005,Product_Dairy_5,Dairy/Fresh,277,443,248,"BD Mall, Manjit Nagar (Near Thapar Uni)",Patiala,147004,109,0.63,21,82,In Stock
19/09/26 12:40,SKU_006,Product_Staples_6,Staples,211,1055,183,"BD Mall, Manjit Nagar (Near Thapar Uni)",Patiala,147004,48,1.1,24,46,In Stock
19/09/26 12:40,SKU_007,Product_Dairy_7,Dairy/Fresh,41,352,38,"BD Mall, Manjit Nagar (Near Thapar Uni)",Patiala,147004,99,0.95,19,107,In Stock
19/09/26 12:40,SKU_008,Product_Snacks & Beverages_8,Snacks & Beverages,68,574,60,"BD Mall, Manjit Nagar (Near Thapar Uni)",Patiala,147004,66,1.96,33,50,In Stock
19/09/26 12:40,SKU_009,Product_Snacks & Beverages_9,Snacks & Beverages,189,799,172,"BD Mall, Manjit Nagar (Near Thapar Uni)",Patiala,147004,22,1.43,11,22,In Stock
19/09/26 12:40,SKU_010,Product_Dairy_10,Dairy/Fresh,209,1057,205,"BD Mall, Manjit Nagar (Near Thapar Uni)",Patiala,147004,145,0.69,29,163,In Stock
19/09/26 12:40,SKU_011,Product_Staples_11,Staples,70,1367,63,"BD Mall, Manjit Nagar (Near Thapar Uni)",Patiala,147004,29,1.15,14,16,In Stock
19/09/26 12:40,SKU_012,Product_Snacks & Beverages_12,Snacks & Beverages,150,746,130,"BD Mall, Manjit Nagar (Near Thapar Uni)",Patiala,147004,47,1.55,23,51,In Stock
19/09/26 12:40,SKU_013,Product_Dairy_13,Dairy/Fresh,186,1397,168,"BD Mall, Manjit Nagar (Near Thapar Uni)",Patiala,147004,149,0.73,29,166,In Stock
19/09/26 12:40,SKU_014,Product_Personal Care_14,Personal Care,33,341,33,"BD Mall, Manjit Nagar (Near Thapar Uni)",Patiala,147004,34,1.61,17,21,In Stock
19/09/26 12:40,SKU_015,Product_Dairy_15,Dairy/Fresh,72,997,64,"BD Mall, Manjit Nagar (Near Thapar Uni)",Patiala,147004,128,0.97,25,87,In Stock
19/09/26 12:40,SKU_016,Product_Snacks & Beverages_16,Snacks & Beverages,283,134,268,"BD Mall, Manjit Nagar (Near Thapar Uni)",Patiala,147004,25,1.2,12,19,In Stock
19/09/26 12:40,SKU_017,Product_Personal Care_17,Personal Care,69,1125,59,"BD Mall, Manjit Nagar (Near Thapar Uni)",Patiala,147004,31,1.76,15,28,In Stock
19/09/26 12:40,SKU_018,Product_Snacks & Beverages_18,Snacks & Beverages,73,1229,66,"BD Mall, Manjit Nagar (Near Thapar Uni)",Patiala,147004,66,1.02,33,72,In Stock
19/09/26 12:40,SKU_019,Product_Snacks & Beverages_19,Snacks & Beverages,210,501,188,"BD Mall, Manjit Nagar (Near Thapar Uni)",Patiala,147004,57,1.38,28,33,In Stock
19/09/26 12:40,SKU_020,Product_Staples_20,Staples,181,301,158,"BD Mall, Manjit Nagar (Near Thapar Uni)",Patiala,147004,32,1.11,16,16,In Stock
19/09/26 12:40,SKU_021,Product_Staples_21,Staples,289,915,269,"BD Mall, Manjit Nagar (Near Thapar Uni)",Patiala,147004,48,1.35,24,56,In Stock
19/09/26 12:40,SKU_022,Product_Dairy_22,Dairy/Fresh,234,1375,216,"BD Mall, Manjit Nagar (Near Thapar Uni)",Patiala,147004,61,0.94,12,21,In Stock
19/09/26 12:40,SKU_023,Product_Dairy_23,Dairy/Fresh,232,819,221,"BD Mall, Manjit Nagar (Near Thapar Uni)",Patiala,147004,52,0.58,10,53,In Stock
19/09/26 12:40,SKU_024,Product_Staples_24,Staples,72,891,64,"BD Mall, Manjit Nagar (Near Thapar Uni)",Patiala,147004,27,1.42,13,35,In Stock
19/09/26 12:40,SKU_025,Product_Dairy_25,Dairy/Fresh,271,287,240,"BD Mall, Manjit Nagar (Near Thapar Uni)",Patiala,147004,89,0.8,17,32,In Stock
19/09/26 12:40,SKU_026,Product_Snacks & Beverages_26,Snacks & Beverages,60,1280,53,"BD Mall, Manjit Nagar (Near Thapar Uni)",Patiala,147004,74,1.66,37,73,In Stock
19/09/26 12:40,SKU_027,Product_Staples_27,Staples,84,620,74,"BD Mall, Manjit Nagar (Near Thapar Uni)",Patiala,147004,77,1.92,38,53,In Stock
19/09/26 12:40,SKU_028,Product_Staples_28,Staples,155,1186,145,"BD Mall, Manjit Nagar (Near Thapar Uni)",Patiala,147004,39,1.4,19,49,In Stock
19/09/26 12:40,SKU_029,Product_Staples_29,Staples,100,491,91,"BD Mall, Manjit Nagar (Near Thapar Uni)",Patiala,147004,66,1.19,33,38,In Stock
19/09/26 12:40,SKU_030,Product_Staples_30,Staples,280,330,241,"BD Mall, Manjit Nagar (Near Thapar Uni)",Patiala,147004,23,1.27,11,40,In Stock
19/09/26 12:40,SKU_031,Product_Snacks & Beverages_31,Snacks & Beverages,47,234,42,"BD Mall, Manjit Nagar (Near Thapar Uni)",Patiala,147004,70,1.85,35,71,In Stock
19/09/26 12:40,SKU_032,Product_Staples_32,Staples,287,1029,255,"BD Mall, Manjit Nagar (Near Thapar Uni)",Patiala,147004,40,1.57,20,20,In Stock
19/09/26 12:40,SKU_033,Product_Dairy_33,Dairy/Fresh,81,904,77,"BD Mall, Manjit Nagar (Near Thapar Uni)",Patiala,147004,143,0.91,28,78,In Stock
19/09/26 12:40,SKU_034,Product_Staples_34,Staples,233,1060,223,"BD Mall, Manjit Nagar (Near Thapar Uni)",Patiala,147004,64,1.15,32,73,In Stock
19/09/26 12:40,SKU_035,Product_Dairy_35,Dairy/Fresh,150,1128,131,"BD Mall, Manjit Nagar (Near Thapar Uni)",Patiala,147004,91,0.92,18,106,In Stock
19/09/26 12:40,SKU_036,Product_Snacks & Beverages_36,Snacks & Beverages,274,497,274,"BD Mall, Manjit Nagar (Near Thapar Uni)",Patiala,147004,42,1.28,21,41,In Stock
19/09/26 12:40,SKU_037,Product_Snacks & Beverages_37,Snacks & Beverages,226,1138,201,"BD Mall, Manjit Nagar (Near Thapar Uni)",Patiala,147004,35,1.94,17,51,In Stock
19/09/26 12:40,SKU_038,Product_Dairy_38,Dairy/Fresh,198,963,197,"BD Mall, Manjit Nagar (Near Thapar Uni)",Patiala,147004,127,0.51,25,62,In Stock
19/09/26 12:40,SKU_039,Product_Snacks & Beverages_39,Snacks & Beverages,71,1120,65,"BD Mall, Manjit Nagar (Near Thapar Uni)",Patiala,147004,22,1.08,11,15,In Stock
19/09/26 12:40,SKU_040,Product_Snacks & Beverages_40,Snacks & Beverages,241,584,206,"BD Mall, Manjit Nagar (Near Thapar Uni)",Patiala,147004,67,1.52,33,81,In Stock
19/09/26 12:40,SKU_041,Product_Dairy_41,Dairy/Fresh,256,1294,231,"BD Mall, Manjit Nagar (Near Thapar Uni)",Patiala,147004,118,0.9,23,72,In Stock
19/09/26 12:40,SKU_042,Product_Dairy_42,Dairy/Fresh,32,1283,30,"BD Mall, Manjit Nagar (Near Thapar Uni)",Patiala,147004,87,0.65,17,28,In Stock
19/09/26 13:18,SKU_001,Product_Dairy_1,Dairy/Fresh,290,1230,273,"BD Mall, Manjit Nagar (Near Thapar Uni)",Patiala,147004,90,0.75,18,86,In Stock
19/09/26 13:18,SKU_002,Product_Staples_2,Staples,40,221,38,"BD Mall, Manjit Nagar (Near Thapar Uni)",Patiala,147004,32,1.53,16,24,In Stock
19/09/26 13:18,SKU_003,Product_Dairy_3,Dairy/Fresh,107,1496,105,"BD Mall, Manjit Nagar (Near Thapar Uni)",Patiala,147004,109,0.71,21,0,Out of Stock
19/09/26 13:18,SKU_004,Product_Snacks & Beverages_4,Snacks & Beverages,171,230,161,"BD Mall, Manjit Nagar (Near Thapar Uni)",Patiala,147004,76,1.21,38,0,Out of Stock
19/09/26 13:18,SKU_005,Product_Dairy_5,Dairy/Fresh,277,443,248,"BD Mall, Manjit Nagar (Near Thapar Uni)",Patiala,147004,138,0.57,27,35,In Stock
19/09/26 13:18,SKU_006,Product_Staples_6,Staples,211,1055,183,"BD Mall, Manjit Nagar (Near Thapar Uni)",Patiala,147004,34,1.62,17,51,In Stock
19/09/26 13:18,SKU_007,Product_Dairy_7,Dairy/Fresh,41,352,38,"BD Mall, Manjit Nagar (Near Thapar Uni)",Patiala,147004,51,0.53,10,10,In Stock
19/09/26 13:18,SKU_008,Product_Snacks & Beverages_8,Snacks & Beverages,68,574,60,"BD Mall, Manjit Nagar (Near Thapar Uni)",Patiala,147004,57,1.22,28,74,In Stock
19/09/26 13:18,SKU_009,Product_Snacks & Beverages_9,Snacks & Beverages,189,799,172,"BD Mall, Manjit Nagar (Near Thapar Uni)",Patiala,147004,53,1.33,26,35,In Stock
19/09/26 13:18,SKU_010,Product_Dairy_10,Dairy/Fresh,209,1057,205,"BD Mall, Manjit Nagar (Near Thapar Uni)",Patiala,147004,138,0.81,27,72,In Stock
19/09/26 13:18,SKU_011,Product_Staples_11,Staples,70,1367,63,"BD Mall, Manjit Nagar (Near Thapar Uni)",Patiala,147004,41,1.52,20,58,In Stock
19/09/26 13:18,SKU_012,Product_Snacks & Beverages_12,Snacks & Beverages,150,746,130,"BD Mall, Manjit Nagar (Near Thapar Uni)",Patiala,147004,43,1.4,21,56,In Stock
19/09/26 13:18,SKU_013,Product_Dairy_13,Dairy/Fresh,186,1397,168,"BD Mall, Manjit Nagar (Near Thapar Uni)",Patiala,147004,84,0.6,16,73,In Stock
19/09/26 13:18,SKU_014,Product_Personal Care_14,Personal Care,33,341,33,"BD Mall, Manjit Nagar (Near Thapar Uni)",Patiala,147004,56,1.78,28,64,In Stock
19/09/26 13:18,SKU_015,Product_Dairy_15,Dairy/Fresh,72,997,64,"BD Mall, Manjit Nagar (Near Thapar Uni)",Patiala,147004,114,0.68,22,73,In Stock
19/09/26 13:18,SKU_016,Product_Snacks & Beverages_16,Snacks & Beverages,283,134,268,"BD Mall, Manjit Nagar (Near Thapar Uni)",Patiala,147004,20,1.18,10,25,In Stock
19/09/26 13:18,SKU_017,Product_Personal Care_17,Personal Care,69,1125,59,"BD Mall, Manjit Nagar (Near Thapar Uni)",Patiala,147004,29,1.58,14,48,In Stock
19/09/26 13:18,SKU_018,Product_Snacks & Beverages_18,Snacks & Beverages,73,1229,66,"BD Mall, Manjit Nagar (Near Thapar Uni)",Patiala,147004,62,1.67,31,47,In Stock
19/09/26 13:18,SKU_019,Product_Snacks & Beverages_19,Snacks & Beverages,210,501,188,"BD Mall, Manjit Nagar (Near Thapar Uni)",Patiala,147004,35,1.71,17,29,In Stock
19/09/26 13:18,SKU_020,Product_Staples_20,Staples,181,301,158,"BD Mall, Manjit Nagar (Near Thapar Uni)",Patiala,147004,65,1.88,32,37,In Stock
19/09/26 13:18,SKU_021,Product_Staples_21,Staples,289,915,269,"BD Mall, Manjit Nagar (Near Thapar Uni)",Patiala,147004,27,1.37,13,44,In Stock
19/09/26 13:18,SKU_022,Product_Dairy_22,Dairy/Fresh,234,1375,216,"BD Mall, Manjit Nagar (Near Thapar Uni)",Patiala,147004,96,0.77,19,29,In Stock
19/09/26 13:18,SKU_023,Product_Dairy_23,Dairy/Fresh,232,819,221,"BD Mall, Manjit Nagar (Near Thapar Uni)",Patiala,147004,80,0.83,16,96,In Stock
19/09/26 13:18,SKU_024,Product_Staples_24,Staples,72,891,64,"BD Mall, Manjit Nagar (Near Thapar Uni)",Patiala,147004,44,1.44,22,0,Out of Stock
19/09/26 13:18,SKU_025,Product_Dairy_25,Dairy/Fresh,271,287,240,"BD Mall, Manjit Nagar (Near Thapar Uni)",Patiala,147004,59,0.82,11,16,In Stock
19/09/26 13:18,SKU_026,Product_Snacks & Beverages_26,Snacks & Beverages,60,1280,53,"BD Mall, Manjit Nagar (Near Thapar Uni)",Patiala,147004,31,1.67,15,24,In Stock
19/09/26 13:18,SKU_027,Product_Staples_27,Staples,84,620,74,"BD Mall, Manjit Nagar (Near Thapar Uni)",Patiala,147004,44,1.55,22,54,In Stock
19/09/26 13:18,SKU_028,Product_Staples_28,Staples,155,1186,145,"BD Mall, Manjit Nagar (Near Thapar Uni)",Patiala,147004,36,1.21,18,47,In Stock
19/09/26 13:18,SKU_029,Product_Staples_29,Staples,100,491,91,"BD Mall, Manjit Nagar (Near Thapar Uni)",Patiala,147004,79,1.76,39,59,In Stock
19/09/26 13:18,SKU_030,Product_Staples_30,Staples,280,330,241,"BD Mall, Manjit Nagar (Near Thapar Uni)",Patiala,147004,45,1.8,22,63,In Stock
19/09/26 13:18,SKU_031,Product_Snacks & Beverages_31,Snacks & Beverages,47,234,42,"BD Mall, Manjit Nagar (Near Thapar Uni)",Patiala,147004,65,1.55,32,48,In Stock
19/09/26 13:18,SKU_032,Product_Staples_32,Staples,287,1029,255,"BD Mall, Manjit Nagar (Near Thapar Uni)",Patiala,147004,67,1.49,33,59,In Stock
19/09/26 13:18,SKU_033,Product_Dairy_33,Dairy/Fresh,81,904,77,"BD Mall, Manjit Nagar (Near Thapar Uni)",Patiala,147004,143,0.61,28,30,In Stock
19/09/26 13:18,SKU_034,Product_Staples_34,Staples,233,1060,223,"BD Mall, Manjit Nagar (Near Thapar Uni)",Patiala,147004,60,1.08,30,58,In Stock
19/09/26 13:18,SKU_035,Product_Dairy_35,Dairy/Fresh,150,1128,131,"BD Mall, Manjit Nagar (Near Thapar Uni)",Patiala,147004,54,0.66,10,11,In Stock
19/09/26 13:18,SKU_036,Product_Snacks & Beverages_36,Snacks & Beverages,274,497,274,"BD Mall, Manjit Nagar (Near Thapar Uni)",Patiala,147004,76,1.31,38,66,In Stock
19/09/26 13:18,SKU_037,Product_Snacks & Beverages_37,Snacks & Beverages,226,1138,201,"BD Mall, Manjit Nagar (Near Thapar Uni)",Patiala,147004,42,1.95,21,56,In Stock
19/09/26 13:18,SKU_038,Product_Dairy_38,Dairy/Fresh,198,963,197,"BD Mall, Manjit Nagar (Near Thapar Uni)",Patiala,147004,92,0.75,18,0,Out of Stock
19/09/26 13:18,SKU_039,Product_Snacks & Beverages_39,Snacks & Beverages,71,1120,65,"BD Mall, Manjit Nagar (Near Thapar Uni)",Patiala,147004,25,1.66,12,0,Out of Stock
19/09/26 13:18,SKU_040,Product_Snacks & Beverages_40,Snacks & Beverages,241,584,206,"BD Mall, Manjit Nagar (Near Thapar Uni)",Patiala,147004,66,1.52,33,58,In Stock
19/09/26 13:18,SKU_041,Product_Dairy_41,Dairy/Fresh,256,1294,231,"BD Mall, Manjit Nagar (Near Thapar Uni)",Patiala,147004,106,0.75,21,21,In Stock
19/09/26 13:18,SKU_042,Product_Dairy_42,Dairy/Fresh,32,1283,30,"BD Mall, Manjit Nagar (Near Thapar Uni)",Patiala,147004,113,0.92,22,80,In Stock
19/09/26 14:15,SKU_001,Product_Dairy_1,Dairy/Fresh,290,1230,273,"BD Mall, Manjit Nagar (Near Thapar Uni)",Patiala,147004,133,0.85,26,147,In Stock
19/09/26 14:15,SKU_002,Product_Staples_2,Staples,40,221,38,"BD Mall, Manjit Nagar (Near Thapar Uni)",Patiala,147004,37,1.11,18,21,In Stock
19/09/26 14:15,SKU_003,Product_Dairy_3,Dairy/Fresh,107,1496,105,"BD Mall, Manjit Nagar (Near Thapar Uni)",Patiala,147004,86,0.63,17,30,In Stock
19/09/26 14:15,SKU_004,Product_Snacks & Beverages_4,Snacks & Beverages,171,230,161,"BD Mall, Manjit Nagar (Near Thapar Uni)",Patiala,147004,62,1.87,31,76,In Stock
19/09/26 14:15,SKU_005,Product_Dairy_5,Dairy/Fresh,277,443,248,"BD Mall, Manjit Nagar (Near Thapar Uni)",Patiala,147004,125,0.79,25,42,In Stock
19/09/26 14:15,SKU_006,Product_Staples_6,Staples,211,1055,183,"BD Mall, Manjit Nagar (Near Thapar Uni)",Patiala,147004,47,1.01,23,56,In Stock
19/09/26 14:15,SKU_007,Product_Dairy_7,Dairy/Fresh,41,352,38,"BD Mall, Manjit Nagar (Near Thapar Uni)",Patiala,147004,98,0.63,19,19,In Stock
19/09/26 14:15,SKU_008,Product_Snacks & Beverages_8,Snacks & Beverages,68,574,60,"BD Mall, Manjit Nagar (Near Thapar Uni)",Patiala,147004,78,1.27,39,91,In Stock
19/09/26 14:15,SKU_009,Product_Snacks & Beverages_9,Snacks & Beverages,189,799,172,"BD Mall, Manjit Nagar (Near Thapar Uni)",Patiala,147004,79,1.04,39,60,In Stock
19/09/26 14:15,SKU_010,Product_Dairy_10,Dairy/Fresh,209,1057,205,"BD Mall, Manjit Nagar (Near Thapar Uni)",Patiala,147004,77,1,15,94,In Stock
19/09/26 14:15,SKU_011,Product_Staples_11,Staples,70,1367,63,"BD Mall, Manjit Nagar (Near Thapar Uni)",Patiala,147004,47,1.86,23,0,Out of Stock
19/09/26 14:15,SKU_012,Product_Snacks & Beverages_12,Snacks & Beverages,150,746,130,"BD Mall, Manjit Nagar (Near Thapar Uni)",Patiala,147004,70,1.6,35,84,In Stock
19/09/26 14:15,SKU_013,Product_Dairy_13,Dairy/Fresh,186,1397,168,"BD Mall, Manjit Nagar (Near Thapar Uni)",Patiala,147004,110,0.7,22,37,In Stock
19/09/26 14:15,SKU_014,Product_Personal Care_14,Personal Care,33,341,33,"BD Mall, Manjit Nagar (Near Thapar Uni)",Patiala,147004,46,1.81,23,50,In Stock
19/09/26 14:15,SKU_015,Product_Dairy_15,Dairy/Fresh,72,997,64,"BD Mall, Manjit Nagar (Near Thapar Uni)",Patiala,147004,127,0.94,25,0,Out of Stock
19/09/26 14:15,SKU_016,Product_Snacks & Beverages_16,Snacks & Beverages,283,134,268,"BD Mall, Manjit Nagar (Near Thapar Uni)",Patiala,147004,66,1.89,33,54,In Stock
19/09/26 14:15,SKU_017,Product_Personal Care_17,Personal Care,69,1125,59,"BD Mall, Manjit Nagar (Near Thapar Uni)",Patiala,147004,28,1.55,14,19,In Stock
19/09/26 14:15,SKU_018,Product_Snacks & Beverages_18,Snacks & Beverages,73,1229,66,"BD Mall, Manjit Nagar (Near Thapar Uni)",Patiala,147004,59,1.97,29,53,In Stock
19/09/26 14:15,SKU_019,Product_Snacks & Beverages_19,Snacks & Beverages,210,501,188,"BD Mall, Manjit Nagar (Near Thapar Uni)",Patiala,147004,51,2,25,66,In Stock
19/09/26 14:15,SKU_020,Product_Staples_20,Staples,181,301,158,"BD Mall, Manjit Nagar (Near Thapar Uni)",Patiala,147004,39,1.12,19,20,In Stock
19/09/26 14:15,SKU_021,Product_Staples_21,Staples,289,915,269,"BD Mall, Manjit Nagar (Near Thapar Uni)",Patiala,147004,47,1.85,23,0,Out of Stock
19/09/26 14:15,SKU_022,Product_Dairy_22,Dairy/Fresh,234,1375,216,"BD Mall, Manjit Nagar (Near Thapar Uni)",Patiala,147004,50,0.56,10,62,In Stock
19/09/26 14:15,SKU_023,Product_Dairy_23,Dairy/Fresh,232,819,221,"BD Mall, Manjit Nagar (Near Thapar Uni)",Patiala,147004,84,0.56,16,96,In Stock
19/09/26 14:15,SKU_024,Product_Staples_24,Staples,72,891,64,"BD Mall, Manjit Nagar (Near Thapar Uni)",Patiala,147004,65,1.61,32,66,In Stock
19/09/26 14:15,SKU_025,Product_Dairy_25,Dairy/Fresh,271,287,240,"BD Mall, Manjit Nagar (Near Thapar Uni)",Patiala,147004,108,0.82,21,40,In Stock
19/09/26 14:15,SKU_026,Product_Snacks & Beverages_26,Snacks & Beverages,60,1280,53,"BD Mall, Manjit Nagar (Near Thapar Uni)",Patiala,147004,53,1.51,26,69,In Stock
19/09/26 14:15,SKU_027,Product_Staples_27,Staples,84,620,74,"BD Mall, Manjit Nagar (Near Thapar Uni)",Patiala,147004,67,1.87,33,34,In Stock
19/09/26 14:15,SKU_028,Product_Staples_28,Staples,155,1186,145,"BD Mall, Manjit Nagar (Near Thapar Uni)",Patiala,147004,22,1.21,11,17,In Stock
19/09/26 14:15,SKU_029,Product_Staples_29,Staples,100,491,91,"BD Mall, Manjit Nagar (Near Thapar Uni)",Patiala,147004,45,1.43,22,53,In Stock
19/09/26 14:15,SKU_030,Product_Staples_30,Staples,280,330,241,"BD Mall, Manjit Nagar (Near Thapar Uni)",Patiala,147004,27,1.94,13,31,In Stock
19/09/26 14:15,SKU_031,Product_Snacks & Beverages_31,Snacks & Beverages,47,234,42,"BD Mall, Manjit Nagar (Near Thapar Uni)",Patiala,147004,25,1.43,12,23,In Stock
19/09/26 14:15,SKU_032,Product_Staples_32,Staples,287,1029,255,"BD Mall, Manjit Nagar (Near Thapar Uni)",Patiala,147004,35,1.36,17,25,In Stock
19/09/26 14:15,SKU_033,Product_Dairy_33,Dairy/Fresh,81,904,77,"BD Mall, Manjit Nagar (Near Thapar Uni)",Patiala,147004,137,0.89,27,53,In Stock
19/09/26 14:15,SKU_034,Product_Staples_34,Staples,233,1060,223,"BD Mall, Manjit Nagar (Near Thapar Uni)",Patiala,147004,67,1.52,33,46,In Stock
19/09/26 14:15,SKU_035,Product_Dairy_35,Dairy/Fresh,150,1128,131,"BD Mall, Manjit Nagar (Near Thapar Uni)",Patiala,147004,147,0.91,29,158,In Stock
19/09/26 14:15,SKU_036,Product_Snacks & Beverages_36,Snacks & Beverages,274,497,274,"BD Mall, Manjit Nagar (Near Thapar Uni)",Patiala,147004,49,1.8,24,44,In Stock
19/09/26 14:15,SKU_037,Product_Snacks & Beverages_37,Snacks & Beverages,226,1138,201,"BD Mall, Manjit Nagar (Near Thapar Uni)",Patiala,147004,64,1.45,32,35,In Stock
19/09/26 14:15,SKU_038,Product_Dairy_38,Dairy/Fresh,198,963,197,"BD Mall, Manjit Nagar (Near Thapar Uni)",Patiala,147004,78,0.67,15,0,Out of Stock
19/09/26 14:15,SKU_039,Product_Snacks & Beverages_39,Snacks & Beverages,71,1120,65,"BD Mall, Manjit Nagar (Near Thapar Uni)",Patiala,147004,24,1.53,12,30,In Stock
19/09/26 14:15,SKU_040,Product_Snacks & Beverages_40,Snacks & Beverages,241,584,206,"BD Mall, Manjit Nagar (Near Thapar Uni)",Patiala,147004,44,1.34,22,0,Out of Stock
19/09/26 14:15,SKU_041,Product_Dairy_41,Dairy/Fresh,256,1294,231,"BD Mall, Manjit Nagar (Near Thapar Uni)",Patiala,147004,144,0.75,28,139,In Stock
19/09/26 14:15,SKU_042,Product_Dairy_42,Dairy/Fresh,32,1283,30,"BD Mall, Manjit Nagar (Near Thapar Uni)",Patiala,147004,105,0.79,21,106,In Stock
19/09/26 15:19,SKU_001,Product_Dairy_1,Dairy/Fresh,290,1230,273,"BD Mall, Manjit Nagar (Near Thapar Uni)",Patiala,147004,92,0.68,18,66,In Stock
19/09/26 15:19,SKU_002,Product_Staples_2,Staples,40,221,38,"BD Mall, Manjit Nagar (Near Thapar Uni)",Patiala,147004,66,1.06,33,34,In Stock
19/09/26 15:19,SKU_003,Product_Dairy_3,Dairy/Fresh,107,1496,105,"BD Mall, Manjit Nagar (Near Thapar Uni)",Patiala,147004,72,0.68,14,30,In Stock
19/09/26 15:19,SKU_004,Product_Snacks & Beverages_4,Snacks & Beverages,171,230,161,"BD Mall, Manjit Nagar (Near Thapar Uni)",Patiala,147004,21,1.29,10,28,In Stock
19/09/26 15:19,SKU_005,Product_Dairy_5,Dairy/Fresh,277,443,248,"BD Mall, Manjit Nagar (Near Thapar Uni)",Patiala,147004,87,0.95,17,104,In Stock
19/09/26 15:19,SKU_006,Product_Staples_6,Staples,211,1055,183,"BD Mall, Manjit Nagar (Near Thapar Uni)",Patiala,147004,74,1.67,37,56,In Stock
19/09/26 15:19,SKU_007,Product_Dairy_7,Dairy/Fresh,41,352,38,"BD Mall, Manjit Nagar (Near Thapar Uni)",Patiala,147004,72,0.69,14,89,In Stock
19/09/26 15:19,SKU_008,Product_Snacks & Beverages_8,Snacks & Beverages,68,574,60,"BD Mall, Manjit Nagar (Near Thapar Uni)",Patiala,147004,69,1.76,34,58,In Stock
19/09/26 15:19,SKU_009,Product_Snacks & Beverages_9,Snacks & Beverages,189,799,172,"BD Mall, Manjit Nagar (Near Thapar Uni)",Patiala,147004,66,1.27,33,55,In Stock
19/09/26 15:19,SKU_010,Product_Dairy_10,Dairy/Fresh,209,1057,205,"BD Mall, Manjit Nagar (Near Thapar Uni)",Patiala,147004,129,0.86,25,138,In Stock
19/09/26 15:19,SKU_011,Product_Staples_11,Staples,70,1367,63,"BD Mall, Manjit Nagar (Near Thapar Uni)",Patiala,147004,66,1.53,33,66,In Stock
19/09/26 15:19,SKU_012,Product_Snacks & Beverages_12,Snacks & Beverages,150,746,130,"BD Mall, Manjit Nagar (Near Thapar Uni)",Patiala,147004,32,1.22,16,47,In Stock
19/09/26 15:19,SKU_013,Product_Dairy_13,Dairy/Fresh,186,1397,168,"BD Mall, Manjit Nagar (Near Thapar Uni)",Patiala,147004,134,0.98,26,76,In Stock
19/09/26 15:19,SKU_014,Product_Personal Care_14,Personal Care,33,341,33,"BD Mall, Manjit Nagar (Near Thapar Uni)",Patiala,147004,66,1.09,33,56,In Stock
19/09/26 15:19,SKU_015,Product_Dairy_15,Dairy/Fresh,72,997,64,"BD Mall, Manjit Nagar (Near Thapar Uni)",Patiala,147004,57,0.8,11,52,In Stock
19/09/26 15:19,SKU_016,Product_Snacks & Beverages_16,Snacks & Beverages,283,134,268,"BD Mall, Manjit Nagar (Near Thapar Uni)",Patiala,147004,74,1.85,37,61,In Stock
19/09/26 15:19,SKU_017,Product_Personal Care_17,Personal Care,69,1125,59,"BD Mall, Manjit Nagar (Near Thapar Uni)",Patiala,147004,30,1.62,15,17,In Stock
19/09/26 15:19,SKU_018,Product_Snacks & Beverages_18,Snacks & Beverages,73,1229,66,"BD Mall, Manjit Nagar (Near Thapar Uni)",Patiala,147004,38,1.29,19,43,In Stock
19/09/26 15:19,SKU_019,Product_Snacks & Beverages_19,Snacks & Beverages,210,501,188,"BD Mall, Manjit Nagar (Near Thapar Uni)",Patiala,147004,54,1.42,27,54,In Stock
19/09/26 15:19,SKU_020,Product_Staples_20,Staples,181,301,158,"BD Mall, Manjit Nagar (Near Thapar Uni)",Patiala,147004,58,1.71,29,40,In Stock
19/09/26 15:19,SKU_021,Product_Staples_21,Staples,289,915,269,"BD Mall, Manjit Nagar (Near Thapar Uni)",Patiala,147004,72,1.97,36,61,In Stock
19/09/26 15:19,SKU_022,Product_Dairy_22,Dairy/Fresh,234,1375,216,"BD Mall, Manjit Nagar (Near Thapar Uni)",Patiala,147004,114,0.52,22,69,In Stock
19/09/26 15:19,SKU_023,Product_Dairy_23,Dairy/Fresh,232,819,221,"BD Mall, Manjit Nagar (Near Thapar Uni)",Patiala,147004,104,0.94,20,0,Out of Stock
19/09/26 15:19,SKU_024,Product_Staples_24,Staples,72,891,64,"BD Mall, Manjit Nagar (Near Thapar Uni)",Patiala,147004,33,2,16,20,In Stock
19/09/26 15:19,SKU_025,Product_Dairy_25,Dairy/Fresh,271,287,240,"BD Mall, Manjit Nagar (Near Thapar Uni)",Patiala,147004,92,0.56,18,28,In Stock
19/09/26 15:19,SKU_026,Product_Snacks & Beverages_26,Snacks & Beverages,60,1280,53,"BD Mall, Manjit Nagar (Near Thapar Uni)",Patiala,147004,64,1.03,32,73,In Stock
19/09/26 15:19,SKU_027,Product_Staples_27,Staples,84,620,74,"BD Mall, Manjit Nagar (Near Thapar Uni)",Patiala,147004,63,1.82,31,65,In Stock
19/09/26 15:19,SKU_028,Product_Staples_28,Staples,155,1186,145,"BD Mall, Manjit Nagar (Near Thapar Uni)",Patiala,147004,43,1.2,21,47,In Stock
19/09/26 15:19,SKU_029,Product_Staples_29,Staples,100,491,91,"BD Mall, Manjit Nagar (Near Thapar Uni)",Patiala,147004,60,1.06,30,70,In Stock
19/09/26 15:19,SKU_030,Product_Staples_30,Staples,280,330,241,"BD Mall, Manjit Nagar (Near Thapar Uni)",Patiala,147004,20,1.24,10,21,In Stock
19/09/26 15:19,SKU_031,Product_Snacks & Beverages_31,Snacks & Beverages,47,234,42,"BD Mall, Manjit Nagar (Near Thapar Uni)",Patiala,147004,70,1.43,35,72,In Stock
19/09/26 15:19,SKU_032,Product_Staples_32,Staples,287,1029,255,"BD Mall, Manjit Nagar (Near Thapar Uni)",Patiala,147004,62,1.73,31,49,In Stock
19/09/26 15:19,SKU_033,Product_Dairy_33,Dairy/Fresh,81,904,77,"BD Mall, Manjit Nagar (Near Thapar Uni)",Patiala,147004,125,0.99,25,72,In Stock
19/09/26 15:19,SKU_034,Product_Staples_34,Staples,233,1060,223,"BD Mall, Manjit Nagar (Near Thapar Uni)",Patiala,147004,41,1.24,20,51,In Stock
19/09/26 15:19,SKU_035,Product_Dairy_35,Dairy/Fresh,150,1128,131,"BD Mall, Manjit Nagar (Near Thapar Uni)",Patiala,147004,121,0.58,24,69,In Stock
19/09/26 15:19,SKU_036,Product_Snacks & Beverages_36,Snacks & Beverages,274,497,274,"BD Mall, Manjit Nagar (Near Thapar Uni)",Patiala,147004,75,1.93,37,64,In Stock
19/09/26 15:19,SKU_037,Product_Snacks & Beverages_37,Snacks & Beverages,226,1138,201,"BD Mall, Manjit Nagar (Near Thapar Uni)",Patiala,147004,73,1.82,36,0,Out of Stock
19/09/26 15:19,SKU_038,Product_Dairy_38,Dairy/Fresh,198,963,197,"BD Mall, Manjit Nagar (Near Thapar Uni)",Patiala,147004,117,0.58,23,40,In Stock
19/09/26 15:19,SKU_039,Product_Snacks & Beverages_39,Snacks & Beverages,71,1120,65,"BD Mall, Manjit Nagar (Near Thapar Uni)",Patiala,147004,37,1.98,18,27,In Stock
19/09/26 15:19,SKU_040,Product_Snacks & Beverages_40,Snacks & Beverages,241,584,206,"BD Mall, Manjit Nagar (Near Thapar Uni)",Patiala,147004,31,1.71,15,46,In Stock
19/09/26 15:19,SKU_041,Product_Dairy_41,Dairy/Fresh,256,1294,231,"BD Mall, Manjit Nagar (Near Thapar Uni)",Patiala,147004,68,0.87,13,30,In Stock
19/09/26 15:19,SKU_042,Product_Dairy_42,Dairy/Fresh,32,1283,30,"BD Mall, Manjit Nagar (Near Thapar Uni)",Patiala,147004,80,0.85,16,27,In Stock
19/09/26 16:53,SKU_001,Product_Dairy_1,Dairy/Fresh,290,1230,273,"BD Mall, Manjit Nagar (Near Thapar Uni)",Patiala,147004,129,0.6,25,139,In Stock
19/09/26 16:53,SKU_002,Product_Staples_2,Staples,40,221,38,"BD Mall, Manjit Nagar (Near Thapar Uni)",Patiala,147004,79,1.73,39,46,In Stock
19/09/26 16:53,SKU_003,Product_Dairy_3,Dairy/Fresh,107,1496,105,"BD Mall, Manjit Nagar (Near Thapar Uni)",Patiala,147004,102,0.84,20,116,In Stock
19/09/26 16:53,SKU_004,Product_Snacks & Beverages_4,Snacks & Beverages,171,230,161,"BD Mall, Manjit Nagar (Near Thapar Uni)",Patiala,147004,52,1.51,26,71,In Stock
19/09/26 16:53,SKU_005,Product_Dairy_5,Dairy/Fresh,277,443,248,"BD Mall, Manjit Nagar (Near Thapar Uni)",Patiala,147004,118,0.72,23,77,In Stock
19/09/26 16:53,SKU_006,Product_Staples_6,Staples,211,1055,183,"BD Mall, Manjit Nagar (Near Thapar Uni)",Patiala,147004,47,1.92,23,0,Out of Stock
19/09/26 16:53,SKU_007,Product_Dairy_7,Dairy/Fresh,41,352,38,"BD Mall, Manjit Nagar (Near Thapar Uni)",Patiala,147004,111,0.89,22,99,In Stock
19/09/26 16:53,SKU_008,Product_Snacks & Beverages_8,Snacks & Beverages,68,574,60,"BD Mall, Manjit Nagar (Near Thapar Uni)",Patiala,147004,71,1.91,35,36,In Stock
19/09/26 16:53,SKU_009,Product_Snacks & Beverages_9,Snacks & Beverages,189,799,172,"BD Mall, Manjit Nagar (Near Thapar Uni)",Patiala,147004,68,1.94,34,42,In Stock
19/09/26 16:53,SKU_010,Product_Dairy_10,Dairy/Fresh,209,1057,205,"BD Mall, Manjit Nagar (Near Thapar Uni)",Patiala,147004,113,0.92,22,0,Out of Stock
19/09/26 16:53,SKU_011,Product_Staples_11,Staples,70,1367,63,"BD Mall, Manjit Nagar (Near Thapar Uni)",Patiala,147004,45,1.46,22,0,Out of Stock
19/09/26 16:53,SKU_012,Product_Snacks & Beverages_12,Snacks & Beverages,150,746,130,"BD Mall, Manjit Nagar (Near Thapar Uni)",Patiala,147004,54,1.02,27,60,In Stock
19/09/26 16:53,SKU_013,Product_Dairy_13,Dairy/Fresh,186,1397,168,"BD Mall, Manjit Nagar (Near Thapar Uni)",Patiala,147004,122,0.64,24,42,In Stock
19/09/26 16:53,SKU_014,Product_Personal Care_14,Personal Care,33,341,33,"BD Mall, Manjit Nagar (Near Thapar Uni)",Patiala,147004,54,1.52,27,33,In Stock
19/09/26 16:53,SKU_015,Product_Dairy_15,Dairy/Fresh,72,997,64,"BD Mall, Manjit Nagar (Near Thapar Uni)",Patiala,147004,90,0.56,18,56,In Stock
19/09/26 16:53,SKU_016,Product_Snacks & Beverages_16,Snacks & Beverages,283,134,268,"BD Mall, Manjit Nagar (Near Thapar Uni)",Patiala,147004,35,1.11,17,33,In Stock
19/09/26 16:53,SKU_017,Product_Personal Care_17,Personal Care,69,1125,59,"BD Mall, Manjit Nagar (Near Thapar Uni)",Patiala,147004,57,1.38,28,53,In Stock
19/09/26 16:53,SKU_018,Product_Snacks & Beverages_18,Snacks & Beverages,73,1229,66,"BD Mall, Manjit Nagar (Near Thapar Uni)",Patiala,147004,32,1.94,16,0,Out of Stock
19/09/26 16:53,SKU_019,Product_Snacks & Beverages_19,Snacks & Beverages,210,501,188,"BD Mall, Manjit Nagar (Near Thapar Uni)",Patiala,147004,42,1.69,21,48,In Stock
19/09/26 16:53,SKU_020,Product_Staples_20,Staples,181,301,158,"BD Mall, Manjit Nagar (Near Thapar Uni)",Patiala,147004,79,1.87,39,58,In Stock
19/09/26 16:53,SKU_021,Product_Staples_21,Staples,289,915,269,"BD Mall, Manjit Nagar (Near Thapar Uni)",Patiala,147004,73,1.37,36,41,In Stock
19/09/26 16:53,SKU_022,Product_Dairy_22,Dairy/Fresh,234,1375,216,"BD Mall, Manjit Nagar (Near Thapar Uni)",Patiala,147004,124,0.84,24,31,In Stock
19/09/26 16:53,SKU_023,Product_Dairy_23,Dairy/Fresh,232,819,221,"BD Mall, Manjit Nagar (Near Thapar Uni)",Patiala,147004,117,0.55,23,118,In Stock
19/09/26 16:53,SKU_024,Product_Staples_24,Staples,72,891,64,"BD Mall, Manjit Nagar (Near Thapar Uni)",Patiala,147004,47,1.02,23,41,In Stock
19/09/26 16:53,SKU_025,Product_Dairy_25,Dairy/Fresh,271,287,240,"BD Mall, Manjit Nagar (Near Thapar Uni)",Patiala,147004,53,0.78,10,41,In Stock
19/09/26 16:53,SKU_026,Product_Snacks & Beverages_26,Snacks & Beverages,60,1280,53,"BD Mall, Manjit Nagar (Near Thapar Uni)",Patiala,147004,54,1.37,27,45,In Stock
19/09/26 16:53,SKU_027,Product_Staples_27,Staples,84,620,74,"BD Mall, Manjit Nagar (Near Thapar Uni)",Patiala,147004,79,1.01,39,0,Out of Stock
19/09/26 16:53,SKU_028,Product_Staples_28,Staples,155,1186,145,"BD Mall, Manjit Nagar (Near Thapar Uni)",Patiala,147004,64,1.69,32,55,In Stock
19/09/26 16:53,SKU_029,Product_Staples_29,Staples,100,491,91,"BD Mall, Manjit Nagar (Near Thapar Uni)",Patiala,147004,65,1.98,32,48,In Stock
19/09/26 16:53,SKU_030,Product_Staples_30,Staples,280,330,241,"BD Mall, Manjit Nagar (Near Thapar Uni)",Patiala,147004,27,1.97,13,30,In Stock
19/09/26 16:53,SKU_031,Product_Snacks & Beverages_31,Snacks & Beverages,47,234,42,"BD Mall, Manjit Nagar (Near Thapar Uni)",Patiala,147004,63,1.16,31,42,In Stock
19/09/26 16:53,SKU_032,Product_Staples_32,Staples,287,1029,255,"BD Mall, Manjit Nagar (Near Thapar Uni)",Patiala,147004,74,1.18,37,77,In Stock
19/09/26 16:53,SKU_033,Product_Dairy_33,Dairy/Fresh,81,904,77,"BD Mall, Manjit Nagar (Near Thapar Uni)",Patiala,147004,124,0.82,24,110,In Stock
19/09/26 16:53,SKU_034,Product_Staples_34,Staples,233,1060,223,"BD Mall, Manjit Nagar (Near Thapar Uni)",Patiala,147004,41,1.64,20,37,In Stock
19/09/26 16:53,SKU_035,Product_Dairy_35,Dairy/Fresh,150,1128,131,"BD Mall, Manjit Nagar (Near Thapar Uni)",Patiala,147004,137,0.84,27,59,In Stock
19/09/26 16:53,SKU_036,Product_Snacks & Beverages_36,Snacks & Beverages,274,497,274,"BD Mall, Manjit Nagar (Near Thapar Uni)",Patiala,147004,45,1.18,22,45,In Stock
19/09/26 16:53,SKU_037,Product_Snacks & Beverages_37,Snacks & Beverages,226,1138,201,"BD Mall, Manjit Nagar (Near Thapar Uni)",Patiala,147004,59,1.96,29,48,In Stock
19/09/26 16:53,SKU_038,Product_Dairy_38,Dairy/Fresh,198,963,197,"BD Mall, Manjit Nagar (Near Thapar Uni)",Patiala,147004,138,0.81,27,145,In Stock
19/09/26 16:53,SKU_039,Product_Snacks & Beverages_39,Snacks & Beverages,71,1120,65,"BD Mall, Manjit Nagar (Near Thapar Uni)",Patiala,147004,44,1.85,22,29,In Stock
19/09/26 16:53,SKU_040,Product_Snacks & Beverages_40,Snacks & Beverages,241,584,206,"BD Mall, Manjit Nagar (Near Thapar Uni)",Patiala,147004,60,1.54,30,39,In Stock
19/09/26 16:53,SKU_041,Product_Dairy_41,Dairy/Fresh,256,1294,231,"BD Mall, Manjit Nagar (Near Thapar Uni)",Patiala,147004,114,0.75,22,22,In Stock
19/09/26 16:53,SKU_042,Product_Dairy_42,Dairy/Fresh,32,1283,30,"BD Mall, Manjit Nagar (Near Thapar Uni)",Patiala,147004,125,0.92,25,109,In Stock
19/09/26 17:32,SKU_001,Product_Dairy_1,Dairy/Fresh,290,1230,273,"BD Mall, Manjit Nagar (Near Thapar Uni)",Patiala,147004,120,0.9,24,0,Out of Stock
19/09/26 17:32,SKU_002,Product_Staples_2,Staples,40,221,38,"BD Mall, Manjit Nagar (Near Thapar Uni)",Patiala,147004,70,1.87,35,66,In Stock
19/09/26 17:32,SKU_003,Product_Dairy_3,Dairy/Fresh,107,1496,105,"BD Mall, Manjit Nagar (Near Thapar Uni)",Patiala,147004,70,0.62,14,66,In Stock
19/09/26 17:32,SKU_004,Product_Snacks & Beverages_4,Snacks & Beverages,171,230,161,"BD Mall, Manjit Nagar (Near Thapar Uni)",Patiala,147004,62,1.68,31,76,In Stock
19/09/26 17:32,SKU_005,Product_Dairy_5,Dairy/Fresh,277,443,248,"BD Mall, Manjit Nagar (Near Thapar Uni)",Patiala,147004,109,0.91,21,94,In Stock
19/09/26 17:32,SKU_006,Product_Staples_6,Staples,211,1055,183,"BD Mall, Manjit Nagar (Near Thapar Uni)",Patiala,147004,42,1,21,29,In Stock
19/09/26 17:32,SKU_007,Product_Dairy_7,Dairy/Fresh,41,352,38,"BD Mall, Manjit Nagar (Near Thapar Uni)",Patiala,147004,138,0.76,27,33,In Stock
19/09/26 17:32,SKU_008,Product_Snacks & Beverages_8,Snacks & Beverages,68,574,60,"BD Mall, Manjit Nagar (Near Thapar Uni)",Patiala,147004,49,1.2,24,0,Out of Stock
19/09/26 17:32,SKU_009,Product_Snacks & Beverages_9,Snacks & Beverages,189,799,172,"BD Mall, Manjit Nagar (Near Thapar Uni)",Patiala,147004,32,1.19,16,36,In Stock
19/09/26 17:32,SKU_010,Product_Dairy_10,Dairy/Fresh,209,1057,205,"BD Mall, Manjit Nagar (Near Thapar Uni)",Patiala,147004,145,0.82,29,47,In Stock
19/09/26 17:32,SKU_011,Product_Staples_11,Staples,70,1367,63,"BD Mall, Manjit Nagar (Near Thapar Uni)",Patiala,147004,37,1.3,18,32,In Stock
19/09/26 17:32,SKU_012,Product_Snacks & Beverages_12,Snacks & Beverages,150,746,130,"BD Mall, Manjit Nagar (Near Thapar Uni)",Patiala,147004,42,1.36,21,26,In Stock
19/09/26 17:32,SKU_013,Product_Dairy_13,Dairy/Fresh,186,1397,168,"BD Mall, Manjit Nagar (Near Thapar Uni)",Patiala,147004,139,0.9,27,82,In Stock
19/09/26 17:32,SKU_014,Product_Personal Care_14,Personal Care,33,341,33,"BD Mall, Manjit Nagar (Near Thapar Uni)",Patiala,147004,52,1.1,26,35,In Stock
19/09/26 17:32,SKU_015,Product_Dairy_15,Dairy/Fresh,72,997,64,"BD Mall, Manjit Nagar (Near Thapar Uni)",Patiala,147004,148,0.64,29,108,In Stock
19/09/26 17:32,SKU_016,Product_Snacks & Beverages_16,Snacks & Beverages,283,134,268,"BD Mall, Manjit Nagar (Near Thapar Uni)",Patiala,147004,76,1.67,38,82,In Stock
19/09/26 17:32,SKU_017,Product_Personal Care_17,Personal Care,69,1125,59,"BD Mall, Manjit Nagar (Near Thapar Uni)",Patiala,147004,58,1.54,29,39,In Stock
19/09/26 17:32,SKU_018,Product_Snacks & Beverages_18,Snacks & Beverages,73,1229,66,"BD Mall, Manjit Nagar (Near Thapar Uni)",Patiala,147004,42,1.44,21,0,Out of Stock
19/09/26 17:32,SKU_019,Product_Snacks & Beverages_19,Snacks & Beverages,210,501,188,"BD Mall, Manjit Nagar (Near Thapar Uni)",Patiala,147004,46,1.63,23,30,In Stock
19/09/26 17:32,SKU_020,Product_Staples_20,Staples,181,301,158,"BD Mall, Manjit Nagar (Near Thapar Uni)",Patiala,147004,64,1.83,32,59,In Stock
19/09/26 17:32,SKU_021,Product_Staples_21,Staples,289,915,269,"BD Mall, Manjit Nagar (Near Thapar Uni)",Patiala,147004,63,1.43,31,33,In Stock
19/09/26 17:32,SKU_022,Product_Dairy_22,Dairy/Fresh,234,1375,216,"BD Mall, Manjit Nagar (Near Thapar Uni)",Patiala,147004,52,0.85,10,11,In Stock
19/09/26 17:32,SKU_023,Product_Dairy_23,Dairy/Fresh,232,819,221,"BD Mall, Manjit Nagar (Near Thapar Uni)",Patiala,147004,134,0.73,26,0,Out of Stock
19/09/26 17:32,SKU_024,Product_Staples_24,Staples,72,891,64,"BD Mall, Manjit Nagar (Near Thapar Uni)",Patiala,147004,70,1.84,35,48,In Stock
19/09/26 17:32,SKU_025,Product_Dairy_25,Dairy/Fresh,271,287,240,"BD Mall, Manjit Nagar (Near Thapar Uni)",Patiala,147004,121,0.85,24,75,In Stock
19/09/26 17:32,SKU_026,Product_Snacks & Beverages_26,Snacks & Beverages,60,1280,53,"BD Mall, Manjit Nagar (Near Thapar Uni)",Patiala,147004,59,1.64,29,0,Out of Stock
19/09/26 17:32,SKU_027,Product_Staples_27,Staples,84,620,74,"BD Mall, Manjit Nagar (Near Thapar Uni)",Patiala,147004,70,1.18,35,87,In Stock
19/09/26 17:32,SKU_028,Product_Staples_28,Staples,155,1186,145,"BD Mall, Manjit Nagar (Near Thapar Uni)",Patiala,147004,61,1.56,30,76,In Stock
19/09/26 17:32,SKU_029,Product_Staples_29,Staples,100,491,91,"BD Mall, Manjit Nagar (Near Thapar Uni)",Patiala,147004,26,1.98,13,15,In Stock
19/09/26 17:32,SKU_030,Product_Staples_30,Staples,280,330,241,"BD Mall, Manjit Nagar (Near Thapar Uni)",Patiala,147004,69,1.52,34,34,In Stock
19/09/26 17:32,SKU_031,Product_Snacks & Beverages_31,Snacks & Beverages,47,234,42,"BD Mall, Manjit Nagar (Near Thapar Uni)",Patiala,147004,67,1.93,33,47,In Stock
19/09/26 17:32,SKU_032,Product_Staples_32,Staples,287,1029,255,"BD Mall, Manjit Nagar (Near Thapar Uni)",Patiala,147004,39,1.41,19,38,In Stock
19/09/26 17:32,SKU_033,Product_Dairy_33,Dairy/Fresh,81,904,77,"BD Mall, Manjit Nagar (Near Thapar Uni)",Patiala,147004,61,0.9,12,45,In Stock
19/09/26 17:32,SKU_034,Product_Staples_34,Staples,233,1060,223,"BD Mall, Manjit Nagar (Near Thapar Uni)",Patiala,147004,25,1.58,12,44,In Stock
19/09/26 17:32,SKU_035,Product_Dairy_35,Dairy/Fresh,150,1128,131,"BD Mall, Manjit Nagar (Near Thapar Uni)",Patiala,147004,147,0.67,29,0,Out of Stock
19/09/26 17:32,SKU_036,Product_Snacks & Beverages_36,Snacks & Beverages,274,497,274,"BD Mall, Manjit Nagar (Near Thapar Uni)",Patiala,147004,28,1.59,14,16,In Stock
19/09/26 17:32,SKU_037,Product_Snacks & Beverages_37,Snacks & Beverages,226,1138,201,"BD Mall, Manjit Nagar (Near Thapar Uni)",Patiala,147004,72,1.27,36,37,In Stock
19/09/26 17:32,SKU_038,Product_Dairy_38,Dairy/Fresh,198,963,197,"BD Mall, Manjit Nagar (Near Thapar Uni)",Patiala,147004,128,0.78,25,28,In Stock
19/09/26 17:32,SKU_039,Product_Snacks & Beverages_39,Snacks & Beverages,71,1120,65,"BD Mall, Manjit Nagar (Near Thapar Uni)",Patiala,147004,76,1.82,38,53,In Stock
19/09/26 17:32,SKU_040,Product_Snacks & Beverages_40,Snacks & Beverages,241,584,206,"BD Mall, Manjit Nagar (Near Thapar Uni)",Patiala,147004,50,1.28,25,57,In Stock
19/09/26 17:32,SKU_041,Product_Dairy_41,Dairy/Fresh,256,1294,231,"BD Mall, Manjit Nagar (Near Thapar Uni)",Patiala,147004,64,0.97,12,20,In Stock
19/09/26 17:32,SKU_042,Product_Dairy_42,Dairy/Fresh,32,1283,30,"BD Mall, Manjit Nagar (Near Thapar Uni)",Patiala,147004,92,0.58,18,74,In Stock
19/09/26 18:51,SKU_001,Product_Dairy_1,Dairy/Fresh,290,1230,273,"BD Mall, Manjit Nagar (Near Thapar Uni)",Patiala,147004,97,0.98,19,58,In Stock
19/09/26 18:51,SKU_002,Product_Staples_2,Staples,40,221,38,"BD Mall, Manjit Nagar (Near Thapar Uni)",Patiala,147004,67,1.97,33,70,In Stock
19/09/26 18:51,SKU_003,Product_Dairy_3,Dairy/Fresh,107,1496,105,"BD Mall, Manjit Nagar (Near Thapar Uni)",Patiala,147004,119,0.74,23,74,In Stock
19/09/26 18:51,SKU_004,Product_Snacks & Beverages_4,Snacks & Beverages,171,230,161,"BD Mall, Manjit Nagar (Near Thapar Uni)",Patiala,147004,32,1.6,16,33,In Stock
19/09/26 18:51,SKU_005,Product_Dairy_5,Dairy/Fresh,277,443,248,"BD Mall, Manjit Nagar (Near Thapar Uni)",Patiala,147004,92,0.72,18,33,In Stock
19/09/26 18:51,SKU_006,Product_Staples_6,Staples,211,1055,183,"BD Mall, Manjit Nagar (Near Thapar Uni)",Patiala,147004,42,1.56,21,28,In Stock
19/09/26 18:51,SKU_007,Product_Dairy_7,Dairy/Fresh,41,352,38,"BD Mall, Manjit Nagar (Near Thapar Uni)",Patiala,147004,72,0.72,14,73,In Stock
19/09/26 18:51,SKU_008,Product_Snacks & Beverages_8,Snacks & Beverages,68,574,60,"BD Mall, Manjit Nagar (Near Thapar Uni)",Patiala,147004,56,1.67,28,63,In Stock
19/09/26 18:51,SKU_009,Product_Snacks & Beverages_9,Snacks & Beverages,189,799,172,"BD Mall, Manjit Nagar (Near Thapar Uni)",Patiala,147004,73,1.4,36,0,Out of Stock
19/09/26 18:51,SKU_010,Product_Dairy_10,Dairy/Fresh,209,1057,205,"BD Mall, Manjit Nagar (Near Thapar Uni)",Patiala,147004,64,0.84,12,26,In Stock
19/09/26 18:51,SKU_011,Product_Staples_11,Staples,70,1367,63,"BD Mall, Manjit Nagar (Near Thapar Uni)",Patiala,147004,47,1.18,23,0,Out of Stock
19/09/26 18:51,SKU_012,Product_Snacks & Beverages_12,Snacks & Beverages,150,746,130,"BD Mall, Manjit Nagar (Near Thapar Uni)",Patiala,147004,36,1.54,18,0,Out of Stock
19/09/26 18:51,SKU_013,Product_Dairy_13,Dairy/Fresh,186,1397,168,"BD Mall, Manjit Nagar (Near Thapar Uni)",Patiala,147004,124,0.8,24,0,Out of Stock
19/09/26 18:51,SKU_014,Product_Personal Care_14,Personal Care,33,341,33,"BD Mall, Manjit Nagar (Near Thapar Uni)",Patiala,147004,60,1.63,30,52,In Stock
19/09/26 18:51,SKU_015,Product_Dairy_15,Dairy/Fresh,72,997,64,"BD Mall, Manjit Nagar (Near Thapar Uni)",Patiala,147004,64,0.68,12,14,In Stock
19/09/26 18:51,SKU_016,Product_Snacks & Beverages_16,Snacks & Beverages,283,134,268,"BD Mall, Manjit Nagar (Near Thapar Uni)",Patiala,147004,44,1.65,22,51,In Stock
19/09/26 18:51,SKU_017,Product_Personal Care_17,Personal Care,69,1125,59,"BD Mall, Manjit Nagar (Near Thapar Uni)",Patiala,147004,77,1.84,38,0,Out of Stock
19/09/26 18:51,SKU_018,Product_Snacks & Beverages_18,Snacks & Beverages,73,1229,66,"BD Mall, Manjit Nagar (Near Thapar Uni)",Patiala,147004,69,1.94,34,50,In Stock
19/09/26 18:51,SKU_019,Product_Snacks & Beverages_19,Snacks & Beverages,210,501,188,"BD Mall, Manjit Nagar (Near Thapar Uni)",Patiala,147004,60,1.27,30,0,Out of Stock
19/09/26 18:51,SKU_020,Product_Staples_20,Staples,181,301,158,"BD Mall, Manjit Nagar (Near Thapar Uni)",Patiala,147004,25,1.17,12,0,Out of Stock
19/09/26 18:51,SKU_021,Product_Staples_21,Staples,289,915,269,"BD Mall, Manjit Nagar (Near Thapar Uni)",Patiala,147004,30,1.48,15,21,In Stock
19/09/26 18:51,SKU_022,Product_Dairy_22,Dairy/Fresh,234,1375,216,"BD Mall, Manjit Nagar (Near Thapar Uni)",Patiala,147004,127,0.83,25,63,In Stock
19/09/26 18:51,SKU_023,Product_Dairy_23,Dairy/Fresh,232,819,221,"BD Mall, Manjit Nagar (Near Thapar Uni)",Patiala,147004,117,0.98,23,0,Out of Stock
19/09/26 18:51,SKU_024,Product_Staples_24,Staples,72,891,64,"BD Mall, Manjit Nagar (Near Thapar Uni)",Patiala,147004,25,1,12,26,In Stock
19/09/26 18:51,SKU_025,Product_Dairy_25,Dairy/Fresh,271,287,240,"BD Mall, Manjit Nagar (Near Thapar Uni)",Patiala,147004,76,0.53,15,58,In Stock
19/09/26 18:51,SKU_026,Product_Snacks & Beverages_26,Snacks & Beverages,60,1280,53,"BD Mall, Manjit Nagar (Near Thapar Uni)",Patiala,147004,30,1.97,15,0,Out of Stock
19/09/26 18:51,SKU_027,Product_Staples_27,Staples,84,620,74,"BD Mall, Manjit Nagar (Near Thapar Uni)",Patiala,147004,33,1.69,16,0,Out of Stock
19/09/26 18:51,SKU_028,Product_Staples_28,Staples,155,1186,145,"BD Mall, Manjit Nagar (Near Thapar Uni)",Patiala,147004,21,1.4,10,25,In Stock
19/09/26 18:51,SKU_029,Product_Staples_29,Staples,100,491,91,"BD Mall, Manjit Nagar (Near Thapar Uni)",Patiala,147004,59,1.19,29,0,Out of Stock
19/09/26 18:51,SKU_030,Product_Staples_30,Staples,280,330,241,"BD Mall, Manjit Nagar (Near Thapar Uni)",Patiala,147004,22,1.36,11,12,In Stock
19/09/26 18:51,SKU_031,Product_Snacks & Beverages_31,Snacks & Beverages,47,234,42,"BD Mall, Manjit Nagar (Near Thapar Uni)",Patiala,147004,74,1.17,37,82,In Stock
19/09/26 18:51,SKU_032,Product_Staples_32,Staples,287,1029,255,"BD Mall, Manjit Nagar (Near Thapar Uni)",Patiala,147004,72,1.11,36,59,In Stock
19/09/26 18:51,SKU_033,Product_Dairy_33,Dairy/Fresh,81,904,77,"BD Mall, Manjit Nagar (Near Thapar Uni)",Patiala,147004,67,0.54,13,41,In Stock
19/09/26 18:51,SKU_034,Product_Staples_34,Staples,233,1060,223,"BD Mall, Manjit Nagar (Near Thapar Uni)",Patiala,147004,52,2,26,41,In Stock
19/09/26 18:51,SKU_035,Product_Dairy_35,Dairy/Fresh,150,1128,131,"BD Mall, Manjit Nagar (Near Thapar Uni)",Patiala,147004,98,0.72,19,0,Out of Stock
19/09/26 18:51,SKU_036,Product_Snacks & Beverages_36,Snacks & Beverages,274,497,274,"BD Mall, Manjit Nagar (Near Thapar Uni)",Patiala,147004,38,1.05,19,23,In Stock
19/09/26 18:51,SKU_037,Product_Snacks & Beverages_37,Snacks & Beverages,226,1138,201,"BD Mall, Manjit Nagar (Near Thapar Uni)",Patiala,147004,37,1.33,18,47,In Stock
19/09/26 18:51,SKU_038,Product_Dairy_38,Dairy/Fresh,198,963,197,"BD Mall, Manjit Nagar (Near Thapar Uni)",Patiala,147004,139,0.99,27,0,Out of Stock
19/09/26 18:51,SKU_039,Product_Snacks & Beverages_39,Snacks & Beverages,71,1120,65,"BD Mall, Manjit Nagar (Near Thapar Uni)",Patiala,147004,71,1.2,35,84,In Stock
19/09/26 18:51,SKU_040,Product_Snacks & Beverages_40,Snacks & Beverages,241,584,206,"BD Mall, Manjit Nagar (Near Thapar Uni)",Patiala,147004,43,1.3,21,0,Out of Stock
19/09/26 18:51,SKU_041,Product_Dairy_41,Dairy/Fresh,256,1294,231,"BD Mall, Manjit Nagar (Near Thapar Uni)",Patiala,147004,124,0.9,24,0,Out of Stock
19/09/26 18:51,SKU_042,Product_Dairy_42,Dairy/Fresh,32,1283,30,"BD Mall, Manjit Nagar (Near Thapar Uni)",Patiala,147004,56,0.8,11,23,In Stock
19/09/26 19:48,SKU_001,Product_Dairy_1,Dairy/Fresh,290,1230,273,"BD Mall, Manjit Nagar (Near Thapar Uni)",Patiala,147004,144,0.6,28,76,In Stock
19/09/26 19:48,SKU_002,Product_Staples_2,Staples,40,221,38,"BD Mall, Manjit Nagar (Near Thapar Uni)",Patiala,147004,55,1.63,27,51,In Stock
19/09/26 19:48,SKU_003,Product_Dairy_3,Dairy/Fresh,107,1496,105,"BD Mall, Manjit Nagar (Near Thapar Uni)",Patiala,147004,88,0.87,17,0,Out of Stock
19/09/26 19:48,SKU_004,Product_Snacks & Beverages_4,Snacks & Beverages,171,230,161,"BD Mall, Manjit Nagar (Near Thapar Uni)",Patiala,147004,64,1.91,32,45,In Stock
19/09/26 19:48,SKU_005,Product_Dairy_5,Dairy/Fresh,277,443,248,"BD Mall, Manjit Nagar (Near Thapar Uni)",Patiala,147004,80,0.75,16,0,Out of Stock
19/09/26 19:48,SKU_006,Product_Staples_6,Staples,211,1055,183,"BD Mall, Manjit Nagar (Near Thapar Uni)",Patiala,147004,79,1.17,39,64,In Stock
19/09/26 19:48,SKU_007,Product_Dairy_7,Dairy/Fresh,41,352,38,"BD Mall, Manjit Nagar (Near Thapar Uni)",Patiala,147004,112,0.99,22,103,In Stock
19/09/26 19:48,SKU_008,Product_Snacks & Beverages_8,Snacks & Beverages,68,574,60,"BD Mall, Manjit Nagar (Near Thapar Uni)",Patiala,147004,53,1.53,26,45,In Stock
19/09/26 19:48,SKU_009,Product_Snacks & Beverages_9,Snacks & Beverages,189,799,172,"BD Mall, Manjit Nagar (Near Thapar Uni)",Patiala,147004,44,1.09,22,55,In Stock
19/09/26 19:48,SKU_010,Product_Dairy_10,Dairy/Fresh,209,1057,205,"BD Mall, Manjit Nagar (Near Thapar Uni)",Patiala,147004,110,0.64,22,92,In Stock
19/09/26 19:48,SKU_011,Product_Staples_11,Staples,70,1367,63,"BD Mall, Manjit Nagar (Near Thapar Uni)",Patiala,147004,53,1.58,26,72,In Stock
19/09/26 19:48,SKU_012,Product_Snacks & Beverages_12,Snacks & Beverages,150,746,130,"BD Mall, Manjit Nagar (Near Thapar Uni)",Patiala,147004,48,1.52,24,33,In Stock
19/09/26 19:48,SKU_013,Product_Dairy_13,Dairy/Fresh,186,1397,168,"BD Mall, Manjit Nagar (Near Thapar Uni)",Patiala,147004,85,0.59,17,95,In Stock
19/09/26 19:48,SKU_014,Product_Personal Care_14,Personal Care,33,341,33,"BD Mall, Manjit Nagar (Near Thapar Uni)",Patiala,147004,42,1.54,21,37,In Stock
19/09/26 19:48,SKU_015,Product_Dairy_15,Dairy/Fresh,72,997,64,"BD Mall, Manjit Nagar (Near Thapar Uni)",Patiala,147004,117,0.64,23,33,In Stock
19/09/26 19:48,SKU_016,Product_Snacks & Beverages_16,Snacks & Beverages,283,134,268,"BD Mall, Manjit Nagar (Near Thapar Uni)",Patiala,147004,44,1.21,22,55,In Stock
19/09/26 19:48,SKU_017,Product_Personal Care_17,Personal Care,69,1125,59,"BD Mall, Manjit Nagar (Near Thapar Uni)",Patiala,147004,35,1.65,17,0,Out of Stock
19/09/26 19:48,SKU_018,Product_Snacks & Beverages_18,Snacks & Beverages,73,1229,66,"BD Mall, Manjit Nagar (Near Thapar Uni)",Patiala,147004,73,1.04,36,0,Out of Stock
19/09/26 19:48,SKU_019,Product_Snacks & Beverages_19,Snacks & Beverages,210,501,188,"BD Mall, Manjit Nagar (Near Thapar Uni)",Patiala,147004,70,1.07,35,65,In Stock
19/09/26 19:48,SKU_020,Product_Staples_20,Staples,181,301,158,"BD Mall, Manjit Nagar (Near Thapar Uni)",Patiala,147004,28,1.55,14,17,In Stock
19/09/26 19:48,SKU_021,Product_Staples_21,Staples,289,915,269,"BD Mall, Manjit Nagar (Near Thapar Uni)",Patiala,147004,20,1.1,10,18,In Stock
19/09/26 19:48,SKU_022,Product_Dairy_22,Dairy/Fresh,234,1375,216,"BD Mall, Manjit Nagar (Near Thapar Uni)",Patiala,147004,62,0.97,12,0,Out of Stock
19/09/26 19:48,SKU_023,Product_Dairy_23,Dairy/Fresh,232,819,221,"BD Mall, Manjit Nagar (Near Thapar Uni)",Patiala,147004,71,0.93,14,73,In Stock
19/09/26 19:48,SKU_024,Product_Staples_24,Staples,72,891,64,"BD Mall, Manjit Nagar (Near Thapar Uni)",Patiala,147004,52,1.56,26,42,In Stock
19/09/26 19:48,SKU_025,Product_Dairy_25,Dairy/Fresh,271,287,240,"BD Mall, Manjit Nagar (Near Thapar Uni)",Patiala,147004,135,0.89,27,139,In Stock
19/09/26 19:48,SKU_026,Product_Snacks & Beverages_26,Snacks & Beverages,60,1280,53,"BD Mall, Manjit Nagar (Near Thapar Uni)",Patiala,147004,35,1.2,17,0,Out of Stock
19/09/26 19:48,SKU_027,Product_Staples_27,Staples,84,620,74,"BD Mall, Manjit Nagar (Near Thapar Uni)",Patiala,147004,63,1.67,31,55,In Stock
19/09/26 19:48,SKU_028,Product_Staples_28,Staples,155,1186,145,"BD Mall, Manjit Nagar (Near Thapar Uni)",Patiala,147004,59,1.18,29,68,In Stock
19/09/26 19:48,SKU_029,Product_Staples_29,Staples,100,491,91,"BD Mall, Manjit Nagar (Near Thapar Uni)",Patiala,147004,74,1.61,37,0,Out of Stock
19/09/26 19:48,SKU_030,Product_Staples_30,Staples,280,330,241,"BD Mall, Manjit Nagar (Near Thapar Uni)",Patiala,147004,37,1.41,18,32,In Stock
19/09/26 19:48,SKU_031,Product_Snacks & Beverages_31,Snacks & Beverages,47,234,42,"BD Mall, Manjit Nagar (Near Thapar Uni)",Patiala,147004,53,1.65,26,0,Out of Stock
19/09/26 19:48,SKU_032,Product_Staples_32,Staples,287,1029,255,"BD Mall, Manjit Nagar (Near Thapar Uni)",Patiala,147004,44,2,22,0,Out of Stock
19/09/26 19:48,SKU_033,Product_Dairy_33,Dairy/Fresh,81,904,77,"BD Mall, Manjit Nagar (Near Thapar Uni)",Patiala,147004,91,0.77,18,74,In Stock
19/09/26 19:48,SKU_034,Product_Staples_34,Staples,233,1060,223,"BD Mall, Manjit Nagar (Near Thapar Uni)",Patiala,147004,25,1,12,0,Out of Stock
19/09/26 19:48,SKU_035,Product_Dairy_35,Dairy/Fresh,150,1128,131,"BD Mall, Manjit Nagar (Near Thapar Uni)",Patiala,147004,73,0.56,14,0,Out of Stock
19/09/26 19:48,SKU_036,Product_Snacks & Beverages_36,Snacks & Beverages,274,497,274,"BD Mall, Manjit Nagar (Near Thapar Uni)",Patiala,147004,77,1.07,38,42,In Stock
19/09/26 19:48,SKU_037,Product_Snacks & Beverages_37,Snacks & Beverages,226,1138,201,"BD Mall, Manjit Nagar (Near Thapar Uni)",Patiala,147004,25,1.95,12,27,In Stock
19/09/26 19:48,SKU_038,Product_Dairy_38,Dairy/Fresh,198,963,197,"BD Mall, Manjit Nagar (Near Thapar Uni)",Patiala,147004,75,0.69,15,74,In Stock
19/09/26 19:48,SKU_039,Product_Snacks & Beverages_39,Snacks & Beverages,71,1120,65,"BD Mall, Manjit Nagar (Near Thapar Uni)",Patiala,147004,60,1.38,30,0,Out of Stock
19/09/26 19:48,SKU_040,Product_Snacks & Beverages_40,Snacks & Beverages,241,584,206,"BD Mall, Manjit Nagar (Near Thapar Uni)",Patiala,147004,67,1.09,33,80,In Stock
19/09/26 19:48,SKU_041,Product_Dairy_41,Dairy/Fresh,256,1294,231,"BD Mall, Manjit Nagar (Near Thapar Uni)",Patiala,147004,117,0.65,23,118,In Stock
19/09/26 19:48,SKU_042,Product_Dairy_42,Dairy/Fresh,32,1283,30,"BD Mall, Manjit Nagar (Near Thapar Uni)",Patiala,147004,99,0.96,19,40,In Stock
19/09/26 20:35,SKU_001,Product_Dairy_1,Dairy/Fresh,290,1230,273,"BD Mall, Manjit Nagar (Near Thapar Uni)",Patiala,147004,73,0.66,14,56,In Stock
19/09/26 20:35,SKU_002,Product_Staples_2,Staples,40,221,38,"BD Mall, Manjit Nagar (Near Thapar Uni)",Patiala,147004,61,1.61,30,61,In Stock
19/09/26 20:35,SKU_003,Product_Dairy_3,Dairy/Fresh,107,1496,105,"BD Mall, Manjit Nagar (Near Thapar Uni)",Patiala,147004,149,0.77,29,54,In Stock
19/09/26 20:35,SKU_004,Product_Snacks & Beverages_4,Snacks & Beverages,171,230,161,"BD Mall, Manjit Nagar (Near Thapar Uni)",Patiala,147004,49,1.76,24,40,In Stock
19/09/26 20:35,SKU_005,Product_Dairy_5,Dairy/Fresh,277,443,248,"BD Mall, Manjit Nagar (Near Thapar Uni)",Patiala,147004,88,0.55,17,0,Out of Stock
19/09/26 20:35,SKU_006,Product_Staples_6,Staples,211,1055,183,"BD Mall, Manjit Nagar (Near Thapar Uni)",Patiala,147004,71,1.05,35,0,Out of Stock
19/09/26 20:35,SKU_007,Product_Dairy_7,Dairy/Fresh,41,352,38,"BD Mall, Manjit Nagar (Near Thapar Uni)",Patiala,147004,138,0.9,27,0,Out of Stock
19/09/26 20:35,SKU_008,Product_Snacks & Beverages_8,Snacks & Beverages,68,574,60,"BD Mall, Manjit Nagar (Near Thapar Uni)",Patiala,147004,79,1.35,39,0,Out of Stock
19/09/26 20:35,SKU_009,Product_Snacks & Beverages_9,Snacks & Beverages,189,799,172,"BD Mall, Manjit Nagar (Near Thapar Uni)",Patiala,147004,43,1.24,21,0,Out of Stock
19/09/26 20:35,SKU_010,Product_Dairy_10,Dairy/Fresh,209,1057,205,"BD Mall, Manjit Nagar (Near Thapar Uni)",Patiala,147004,85,0.69,17,87,In Stock
19/09/26 20:35,SKU_011,Product_Staples_11,Staples,70,1367,63,"BD Mall, Manjit Nagar (Near Thapar Uni)",Patiala,147004,28,1.18,14,0,Out of Stock
19/09/26 20:35,SKU_012,Product_Snacks & Beverages_12,Snacks & Beverages,150,746,130,"BD Mall, Manjit Nagar (Near Thapar Uni)",Patiala,147004,50,1.12,25,55,In Stock
19/09/26 20:35,SKU_013,Product_Dairy_13,Dairy/Fresh,186,1397,168,"BD Mall, Manjit Nagar (Near Thapar Uni)",Patiala,147004,104,0.98,20,25,In Stock
19/09/26 20:35,SKU_014,Product_Personal Care_14,Personal Care,33,341,33,"BD Mall, Manjit Nagar (Near Thapar Uni)",Patiala,147004,23,1.14,11,0,Out of Stock
19/09/26 20:35,SKU_015,Product_Dairy_15,Dairy/Fresh,72,997,64,"BD Mall, Manjit Nagar (Near Thapar Uni)",Patiala,147004,96,0.71,19,95,In Stock
19/09/26 20:35,SKU_016,Product_Snacks & Beverages_16,Snacks & Beverages,283,134,268,"BD Mall, Manjit Nagar (Near Thapar Uni)",Patiala,147004,28,1.59,14,0,Out of Stock
19/09/26 20:35,SKU_017,Product_Personal Care_17,Personal Care,69,1125,59,"BD Mall, Manjit Nagar (Near Thapar Uni)",Patiala,147004,64,1.54,32,57,In Stock
19/09/26 20:35,SKU_018,Product_Snacks & Beverages_18,Snacks & Beverages,73,1229,66,"BD Mall, Manjit Nagar (Near Thapar Uni)",Patiala,147004,28,1.1,14,34,In Stock
19/09/26 20:35,SKU_019,Product_Snacks & Beverages_19,Snacks & Beverages,210,501,188,"BD Mall, Manjit Nagar (Near Thapar Uni)",Patiala,147004,45,1.32,22,0,Out of Stock
19/09/26 20:35,SKU_020,Product_Staples_20,Staples,181,301,158,"BD Mall, Manjit Nagar (Near Thapar Uni)",Patiala,147004,23,1.05,11,18,In Stock
19/09/26 20:35,SKU_021,Product_Staples_21,Staples,289,915,269,"BD Mall, Manjit Nagar (Near Thapar Uni)",Patiala,147004,36,1.4,18,37,In Stock
19/09/26 20:35,SKU_022,Product_Dairy_22,Dairy/Fresh,234,1375,216,"BD Mall, Manjit Nagar (Near Thapar Uni)",Patiala,147004,71,0.6,14,0,Out of Stock
19/09/26 20:35,SKU_023,Product_Dairy_23,Dairy/Fresh,232,819,221,"BD Mall, Manjit Nagar (Near Thapar Uni)",Patiala,147004,97,0.91,19,23,In Stock
19/09/26 20:35,SKU_024,Product_Staples_24,Staples,72,891,64,"BD Mall, Manjit Nagar (Near Thapar Uni)",Patiala,147004,54,1.69,27,40,In Stock
19/09/26 20:35,SKU_025,Product_Dairy_25,Dairy/Fresh,271,287,240,"BD Mall, Manjit Nagar (Near Thapar Uni)",Patiala,147004,64,0.74,12,0,Out of Stock
19/09/26 20:35,SKU_026,Product_Snacks & Beverages_26,Snacks & Beverages,60,1280,53,"BD Mall, Manjit Nagar (Near Thapar Uni)",Patiala,147004,71,1.43,35,85,In Stock
19/09/26 20:35,SKU_027,Product_Staples_27,Staples,84,620,74,"BD Mall, Manjit Nagar (Near Thapar Uni)",Patiala,147004,24,1.39,12,0,Out of Stock
19/09/26 20:35,SKU_028,Product_Staples_28,Staples,155,1186,145,"BD Mall, Manjit Nagar (Near Thapar Uni)",Patiala,147004,74,1.84,37,88,In Stock
19/09/26 20:35,SKU_029,Product_Staples_29,Staples,100,491,91,"BD Mall, Manjit Nagar (Near Thapar Uni)",Patiala,147004,24,1.22,12,0,Out of Stock
19/09/26 20:35,SKU_030,Product_Staples_30,Staples,280,330,241,"BD Mall, Manjit Nagar (Near Thapar Uni)",Patiala,147004,39,1.73,19,42,In Stock
19/09/26 20:35,SKU_031,Product_Snacks & Beverages_31,Snacks & Beverages,47,234,42,"BD Mall, Manjit Nagar (Near Thapar Uni)",Patiala,147004,34,1.76,17,25,In Stock
19/09/26 20:35,SKU_032,Product_Staples_32,Staples,287,1029,255,"BD Mall, Manjit Nagar (Near Thapar Uni)",Patiala,147004,37,1.42,18,0,Out of Stock
19/09/26 20:35,SKU_033,Product_Dairy_33,Dairy/Fresh,81,904,77,"BD Mall, Manjit Nagar (Near Thapar Uni)",Patiala,147004,127,0.5,25,0,Out of Stock
19/09/26 20:35,SKU_034,Product_Staples_34,Staples,233,1060,223,"BD Mall, Manjit Nagar (Near Thapar Uni)",Patiala,147004,21,1.47,10,0,Out of Stock
19/09/26 20:35,SKU_035,Product_Dairy_35,Dairy/Fresh,150,1128,131,"BD Mall, Manjit Nagar (Near Thapar Uni)",Patiala,147004,106,0.53,21,102,In Stock
19/09/26 20:35,SKU_036,Product_Snacks & Beverages_36,Snacks & Beverages,274,497,274,"BD Mall, Manjit Nagar (Near Thapar Uni)",Patiala,147004,32,1.05,16,0,Out of Stock
19/09/26 20:35,SKU_037,Product_Snacks & Beverages_37,Snacks & Beverages,226,1138,201,"BD Mall, Manjit Nagar (Near Thapar Uni)",Patiala,147004,23,1.11,11,29,In Stock
19/09/26 20:35,SKU_038,Product_Dairy_38,Dairy/Fresh,198,963,197,"BD Mall, Manjit Nagar (Near Thapar Uni)",Patiala,147004,113,0.57,22,45,In Stock
19/09/26 20:35,SKU_039,Product_Snacks & Beverages_39,Snacks & Beverages,71,1120,65,"BD Mall, Manjit Nagar (Near Thapar Uni)",Patiala,147004,64,1.5,32,35,In Stock
19/09/26 20:35,SKU_040,Product_Snacks & Beverages_40,Snacks & Beverages,241,584,206,"BD Mall, Manjit Nagar (Near Thapar Uni)",Patiala,147004,29,1.85,14,0,Out of Stock
19/09/26 20:35,SKU_041,Product_Dairy_41,Dairy/Fresh,256,1294,231,"BD Mall, Manjit Nagar (Near Thapar Uni)",Patiala,147004,134,0.76,26,122,In Stock
19/09/26 20:35,SKU_042,Product_Dairy_42,Dairy/Fresh,32,1283,30,"BD Mall, Manjit Nagar (Near Thapar Uni)",Patiala,147004,67,0.68,13,13,In Stock
19/09/26 21:39,SKU_001,Product_Dairy_1,Dairy/Fresh,290,1230,273,"BD Mall, Manjit Nagar (Near Thapar Uni)",Patiala,147004,116,0.94,23,57,In Stock
19/09/26 21:39,SKU_002,Product_Staples_2,Staples,40,221,38,"BD Mall, Manjit Nagar (Near Thapar Uni)",Patiala,147004,22,1.96,11,20,In Stock
19/09/26 21:39,SKU_003,Product_Dairy_3,Dairy/Fresh,107,1496,105,"BD Mall, Manjit Nagar (Near Thapar Uni)",Patiala,147004,88,0.67,17,28,In Stock
19/09/26 21:39,SKU_004,Product_Snacks & Beverages_4,Snacks & Beverages,171,230,161,"BD Mall, Manjit Nagar (Near Thapar Uni)",Patiala,147004,65,1.36,32,49,In Stock
19/09/26 21:39,SKU_005,Product_Dairy_5,Dairy/Fresh,277,443,248,"BD Mall, Manjit Nagar (Near Thapar Uni)",Patiala,147004,124,0.69,24,101,In Stock
19/09/26 21:39,SKU_006,Product_Staples_6,Staples,211,1055,183,"BD Mall, Manjit Nagar (Near Thapar Uni)",Patiala,147004,49,1.57,24,0,Out of Stock
19/09/26 21:39,SKU_007,Product_Dairy_7,Dairy/Fresh,41,352,38,"BD Mall, Manjit Nagar (Near Thapar Uni)",Patiala,147004,109,0.84,21,94,In Stock
19/09/26 21:39,SKU_008,Product_Snacks & Beverages_8,Snacks & Beverages,68,574,60,"BD Mall, Manjit Nagar (Near Thapar Uni)",Patiala,147004,30,1.85,15,32,In Stock
19/09/26 21:39,SKU_009,Product_Snacks & Beverages_9,Snacks & Beverages,189,799,172,"BD Mall, Manjit Nagar (Near Thapar Uni)",Patiala,147004,54,2,27,0,Out of Stock
19/09/26 21:39,SKU_010,Product_Dairy_10,Dairy/Fresh,209,1057,205,"BD Mall, Manjit Nagar (Near Thapar Uni)",Patiala,147004,117,0.53,23,23,In Stock
19/09/26 21:39,SKU_011,Product_Staples_11,Staples,70,1367,63,"BD Mall, Manjit Nagar (Near Thapar Uni)",Patiala,147004,61,1.35,30,59,In Stock
19/09/26 21:39,SKU_012,Product_Snacks & Beverages_12,Snacks & Beverages,150,746,130,"BD Mall, Manjit Nagar (Near Thapar Uni)",Patiala,147004,32,1.19,16,30,In Stock
19/09/26 21:39,SKU_013,Product_Dairy_13,Dairy/Fresh,186,1397,168,"BD Mall, Manjit Nagar (Near Thapar Uni)",Patiala,147004,81,0.97,16,0,Out of Stock
19/09/26 21:39,SKU_014,Product_Personal Care_14,Personal Care,33,341,33,"BD Mall, Manjit Nagar (Near Thapar Uni)",Patiala,147004,75,1.51,37,0,Out of Stock
19/09/26 21:39,SKU_015,Product_Dairy_15,Dairy/Fresh,72,997,64,"BD Mall, Manjit Nagar (Near Thapar Uni)",Patiala,147004,85,0.83,17,0,Out of Stock
19/09/26 21:39,SKU_016,Product_Snacks & Beverages_16,Snacks & Beverages,283,134,268,"BD Mall, Manjit Nagar (Near Thapar Uni)",Patiala,147004,31,1.82,15,0,Out of Stock
19/09/26 21:39,SKU_017,Product_Personal Care_17,Personal Care,69,1125,59,"BD Mall, Manjit Nagar (Near Thapar Uni)",Patiala,147004,56,1.5,28,48,In Stock
19/09/26 21:39,SKU_018,Product_Snacks & Beverages_18,Snacks & Beverages,73,1229,66,"BD Mall, Manjit Nagar (Near Thapar Uni)",Patiala,147004,29,1.92,14,28,In Stock
19/09/26 21:39,SKU_019,Product_Snacks & Beverages_19,Snacks & Beverages,210,501,188,"BD Mall, Manjit Nagar (Near Thapar Uni)",Patiala,147004,79,1.63,39,0,Out of Stock
19/09/26 21:39,SKU_020,Product_Staples_20,Staples,181,301,158,"BD Mall, Manjit Nagar (Near Thapar Uni)",Patiala,147004,75,1.84,37,81,In Stock
19/09/26 21:39,SKU_021,Product_Staples_21,Staples,289,915,269,"BD Mall, Manjit Nagar (Near Thapar Uni)",Patiala,147004,28,1.15,14,20,In Stock
19/09/26 21:39,SKU_022,Product_Dairy_22,Dairy/Fresh,234,1375,216,"BD Mall, Manjit Nagar (Near Thapar Uni)",Patiala,147004,119,0.88,23,0,Out of Stock
19/09/26 21:39,SKU_023,Product_Dairy_23,Dairy/Fresh,232,819,221,"BD Mall, Manjit Nagar (Near Thapar Uni)",Patiala,147004,90,0.51,18,24,In Stock
19/09/26 21:39,SKU_024,Product_Staples_24,Staples,72,891,64,"BD Mall, Manjit Nagar (Near Thapar Uni)",Patiala,147004,21,1.17,10,0,Out of Stock
19/09/26 21:39,SKU_025,Product_Dairy_25,Dairy/Fresh,271,287,240,"BD Mall, Manjit Nagar (Near Thapar Uni)",Patiala,147004,62,0.69,12,24,In Stock
19/09/26 21:39,SKU_026,Product_Snacks & Beverages_26,Snacks & Beverages,60,1280,53,"BD Mall, Manjit Nagar (Near Thapar Uni)",Patiala,147004,75,1.93,37,53,In Stock
19/09/26 21:39,SKU_027,Product_Staples_27,Staples,84,620,74,"BD Mall, Manjit Nagar (Near Thapar Uni)",Patiala,147004,79,1.03,39,79,In Stock
19/09/26 21:39,SKU_028,Product_Staples_28,Staples,155,1186,145,"BD Mall, Manjit Nagar (Near Thapar Uni)",Patiala,147004,42,1.46,21,0,Out of Stock
19/09/26 21:39,SKU_029,Product_Staples_29,Staples,100,491,91,"BD Mall, Manjit Nagar (Near Thapar Uni)",Patiala,147004,58,1.31,29,54,In Stock
19/09/26 21:39,SKU_030,Product_Staples_30,Staples,280,330,241,"BD Mall, Manjit Nagar (Near Thapar Uni)",Patiala,147004,59,1.67,29,0,Out of Stock
19/09/26 21:39,SKU_031,Product_Snacks & Beverages_31,Snacks & Beverages,47,234,42,"BD Mall, Manjit Nagar (Near Thapar Uni)",Patiala,147004,58,1.84,29,33,In Stock
19/09/26 21:39,SKU_032,Product_Staples_32,Staples,287,1029,255,"BD Mall, Manjit Nagar (Near Thapar Uni)",Patiala,147004,40,1.36,20,58,In Stock
19/09/26 21:39,SKU_033,Product_Dairy_33,Dairy/Fresh,81,904,77,"BD Mall, Manjit Nagar (Near Thapar Uni)",Patiala,147004,81,0.55,16,48,In Stock
19/09/26 21:39,SKU_034,Product_Staples_34,Staples,233,1060,223,"BD Mall, Manjit Nagar (Near Thapar Uni)",Patiala,147004,48,1.98,24,27,In Stock
19/09/26 21:39,SKU_035,Product_Dairy_35,Dairy/Fresh,150,1128,131,"BD Mall, Manjit Nagar (Near Thapar Uni)",Patiala,147004,57,0.67,11,36,In Stock
19/09/26 21:39,SKU_036,Product_Snacks & Beverages_36,Snacks & Beverages,274,497,274,"BD Mall, Manjit Nagar (Near Thapar Uni)",Patiala,147004,45,1.9,22,25,In Stock
19/09/26 21:39,SKU_037,Product_Snacks & Beverages_37,Snacks & Beverages,226,1138,201,"BD Mall, Manjit Nagar (Near Thapar Uni)",Patiala,147004,70,1.44,35,0,Out of Stock
19/09/26 21:39,SKU_038,Product_Dairy_38,Dairy/Fresh,198,963,197,"BD Mall, Manjit Nagar (Near Thapar Uni)",Patiala,147004,116,0.56,23,123,In Stock
19/09/26 21:39,SKU_039,Product_Snacks & Beverages_39,Snacks & Beverages,71,1120,65,"BD Mall, Manjit Nagar (Near Thapar Uni)",Patiala,147004,74,1.41,37,58,In Stock
19/09/26 21:39,SKU_040,Product_Snacks & Beverages_40,Snacks & Beverages,241,584,206,"BD Mall, Manjit Nagar (Near Thapar Uni)",Patiala,147004,50,1.72,25,60,In Stock
19/09/26 21:39,SKU_041,Product_Dairy_41,Dairy/Fresh,256,1294,231,"BD Mall, Manjit Nagar (Near Thapar Uni)",Patiala,147004,52,0.6,10,47,In Stock
19/09/26 21:39,SKU_042,Product_Dairy_42,Dairy/Fresh,32,1283,30,"BD Mall, Manjit Nagar (Near Thapar Uni)",Patiala,147004,135,0.73,27,84,In Stock
19/09/26 22:34,SKU_001,Product_Dairy_1,Dairy/Fresh,290,1230,273,"BD Mall, Manjit Nagar (Near Thapar Uni)",Patiala,147004,119,0.9,23,0,Out of Stock
19/09/26 22:34,SKU_002,Product_Staples_2,Staples,40,221,38,"BD Mall, Manjit Nagar (Near Thapar Uni)",Patiala,147004,39,1.43,19,53,In Stock
19/09/26 22:34,SKU_003,Product_Dairy_3,Dairy/Fresh,107,1496,105,"BD Mall, Manjit Nagar (Near Thapar Uni)",Patiala,147004,136,0.55,27,51,In Stock
19/09/26 22:34,SKU_004,Product_Snacks & Beverages_4,Snacks & Beverages,171,230,161,"BD Mall, Manjit Nagar (Near Thapar Uni)",Patiala,147004,74,1.02,37,44,In Stock
19/09/26 22:34,SKU_005,Product_Dairy_5,Dairy/Fresh,277,443,248,"BD Mall, Manjit Nagar (Near Thapar Uni)",Patiala,147004,51,0.85,10,26,In Stock
19/09/26 22:34,SKU_006,Product_Staples_6,Staples,211,1055,183,"BD Mall, Manjit Nagar (Near Thapar Uni)",Patiala,147004,64,1.93,32,49,In Stock
19/09/26 22:34,SKU_007,Product_Dairy_7,Dairy/Fresh,41,352,38,"BD Mall, Manjit Nagar (Near Thapar Uni)",Patiala,147004,84,0.81,16,73,In Stock
19/09/26 22:34,SKU_008,Product_Snacks & Beverages_8,Snacks & Beverages,68,574,60,"BD Mall, Manjit Nagar (Near Thapar Uni)",Patiala,147004,44,1.69,22,33,In Stock
19/09/26 22:34,SKU_009,Product_Snacks & Beverages_9,Snacks & Beverages,189,799,172,"BD Mall, Manjit Nagar (Near Thapar Uni)",Patiala,147004,32,1.98,16,48,In Stock
19/09/26 22:34,SKU_010,Product_Dairy_10,Dairy/Fresh,209,1057,205,"BD Mall, Manjit Nagar (Near Thapar Uni)",Patiala,147004,79,0.84,15,77,In Stock
19/09/26 22:34,SKU_011,Product_Staples_11,Staples,70,1367,63,"BD Mall, Manjit Nagar (Near Thapar Uni)",Patiala,147004,58,1.23,29,40,In Stock
19/09/26 22:34,SKU_012,Product_Snacks & Beverages_12,Snacks & Beverages,150,746,130,"BD Mall, Manjit Nagar (Near Thapar Uni)",Patiala,147004,47,1.1,23,33,In Stock
19/09/26 22:34,SKU_013,Product_Dairy_13,Dairy/Fresh,186,1397,168,"BD Mall, Manjit Nagar (Near Thapar Uni)",Patiala,147004,93,0.67,18,30,In Stock
19/09/26 22:34,SKU_014,Product_Personal Care_14,Personal Care,33,341,33,"BD Mall, Manjit Nagar (Near Thapar Uni)",Patiala,147004,74,1.7,37,71,In Stock
19/09/26 22:34,SKU_015,Product_Dairy_15,Dairy/Fresh,72,997,64,"BD Mall, Manjit Nagar (Near Thapar Uni)",Patiala,147004,85,0.61,17,43,In Stock
19/09/26 22:34,SKU_016,Product_Snacks & Beverages_16,Snacks & Beverages,283,134,268,"BD Mall, Manjit Nagar (Near Thapar Uni)",Patiala,147004,22,1.67,11,35,In Stock
19/09/26 22:34,SKU_017,Product_Personal Care_17,Personal Care,69,1125,59,"BD Mall, Manjit Nagar (Near Thapar Uni)",Patiala,147004,77,1.34,38,0,Out of Stock
19/09/26 22:34,SKU_018,Product_Snacks & Beverages_18,Snacks & Beverages,73,1229,66,"BD Mall, Manjit Nagar (Near Thapar Uni)",Patiala,147004,54,1.17,27,29,In Stock
19/09/26 22:34,SKU_019,Product_Snacks & Beverages_19,Snacks & Beverages,210,501,188,"BD Mall, Manjit Nagar (Near Thapar Uni)",Patiala,147004,37,1.58,18,42,In Stock
19/09/26 22:34,SKU_020,Product_Staples_20,Staples,181,301,158,"BD Mall, Manjit Nagar (Near Thapar Uni)",Patiala,147004,30,1.48,15,24,In Stock
19/09/26 22:34,SKU_021,Product_Staples_21,Staples,289,915,269,"BD Mall, Manjit Nagar (Near Thapar Uni)",Patiala,147004,73,1.73,36,52,In Stock
19/09/26 22:34,SKU_022,Product_Dairy_22,Dairy/Fresh,234,1375,216,"BD Mall, Manjit Nagar (Near Thapar Uni)",Patiala,147004,129,0.81,25,91,In Stock
19/09/26 22:34,SKU_023,Product_Dairy_23,Dairy/Fresh,232,819,221,"BD Mall, Manjit Nagar (Near Thapar Uni)",Patiala,147004,111,0.71,22,130,In Stock
19/09/26 22:34,SKU_024,Product_Staples_24,Staples,72,891,64,"BD Mall, Manjit Nagar (Near Thapar Uni)",Patiala,147004,38,1.29,19,40,In Stock
19/09/26 22:34,SKU_025,Product_Dairy_25,Dairy/Fresh,271,287,240,"BD Mall, Manjit Nagar (Near Thapar Uni)",Patiala,147004,104,0.63,20,121,In Stock
19/09/26 22:34,SKU_026,Product_Snacks & Beverages_26,Snacks & Beverages,60,1280,53,"BD Mall, Manjit Nagar (Near Thapar Uni)",Patiala,147004,78,1.27,39,52,In Stock
19/09/26 22:34,SKU_027,Product_Staples_27,Staples,84,620,74,"BD Mall, Manjit Nagar (Near Thapar Uni)",Patiala,147004,79,1.09,39,65,In Stock
19/09/26 22:34,SKU_028,Product_Staples_28,Staples,155,1186,145,"BD Mall, Manjit Nagar (Near Thapar Uni)",Patiala,147004,38,1.35,19,0,Out of Stock
19/09/26 22:34,SKU_029,Product_Staples_29,Staples,100,491,91,"BD Mall, Manjit Nagar (Near Thapar Uni)",Patiala,147004,66,1.04,33,80,In Stock
19/09/26 22:34,SKU_030,Product_Staples_30,Staples,280,330,241,"BD Mall, Manjit Nagar (Near Thapar Uni)",Patiala,147004,35,1.19,17,34,In Stock
19/09/26 22:34,SKU_031,Product_Snacks & Beverages_31,Snacks & Beverages,47,234,42,"BD Mall, Manjit Nagar (Near Thapar Uni)",Patiala,147004,43,1.75,21,33,In Stock
19/09/26 22:34,SKU_032,Product_Staples_32,Staples,287,1029,255,"BD Mall, Manjit Nagar (Near Thapar Uni)",Patiala,147004,60,1.33,30,71,In Stock
19/09/26 22:34,SKU_033,Product_Dairy_33,Dairy/Fresh,81,904,77,"BD Mall, Manjit Nagar (Near Thapar Uni)",Patiala,147004,52,0.91,10,15,In Stock
19/09/26 22:34,SKU_034,Product_Staples_34,Staples,233,1060,223,"BD Mall, Manjit Nagar (Near Thapar Uni)",Patiala,147004,34,1.72,17,26,In Stock
19/09/26 22:34,SKU_035,Product_Dairy_35,Dairy/Fresh,150,1128,131,"BD Mall, Manjit Nagar (Near Thapar Uni)",Patiala,147004,79,0.83,15,20,In Stock
19/09/26 22:34,SKU_036,Product_Snacks & Beverages_36,Snacks & Beverages,274,497,274,"BD Mall, Manjit Nagar (Near Thapar Uni)",Patiala,147004,63,1.96,31,69,In Stock
19/09/26 22:34,SKU_037,Product_Snacks & Beverages_37,Snacks & Beverages,226,1138,201,"BD Mall, Manjit Nagar (Near Thapar Uni)",Patiala,147004,74,1.02,37,47,In Stock
19/09/26 22:34,SKU_038,Product_Dairy_38,Dairy/Fresh,198,963,197,"BD Mall, Manjit Nagar (Near Thapar Uni)",Patiala,147004,54,0.85,10,0,Out of Stock
19/09/26 22:34,SKU_039,Product_Snacks & Beverages_39,Snacks & Beverages,71,1120,65,"BD Mall, Manjit Nagar (Near Thapar Uni)",Patiala,147004,74,1.96,37,61,In Stock
19/09/26 22:34,SKU_040,Product_Snacks & Beverages_40,Snacks & Beverages,241,584,206,"BD Mall, Manjit Nagar (Near Thapar Uni)",Patiala,147004,33,1.86,16,45,In Stock
19/09/26 22:34,SKU_041,Product_Dairy_41,Dairy/Fresh,256,1294,231,"BD Mall, Manjit Nagar (Near Thapar Uni)",Patiala,147004,79,0.53,15,69,In Stock
19/09/26 22:34,SKU_042,Product_Dairy_42,Dairy/Fresh,32,1283,30,"BD Mall, Manjit Nagar (Near Thapar Uni)",Patiala,147004,70,0.79,14,71,In Stock
20/09/26 06:24,SKU_001,Product_Dairy_1,Dairy/Fresh,290,1230,273,"BD Mall, Manjit Nagar (Near Thapar Uni)",Patiala,147004,133,0.76,26,0,Out of Stock
20/09/26 06:24,SKU_002,Product_Staples_2,Staples,40,221,38,"BD Mall, Manjit Nagar (Near Thapar Uni)",Patiala,147004,55,1.6,27,42,In Stock
20/09/26 06:24,SKU_003,Product_Dairy_3,Dairy/Fresh,107,1496,105,"BD Mall, Manjit Nagar (Near Thapar Uni)",Patiala,147004,71,0.75,14,83,In Stock
20/09/26 06:24,SKU_004,Product_Snacks & Beverages_4,Snacks & Beverages,171,230,161,"BD Mall, Manjit Nagar (Near Thapar Uni)",Patiala,147004,49,1.32,24,0,Out of Stock
20/09/26 06:24,SKU_005,Product_Dairy_5,Dairy/Fresh,277,443,248,"BD Mall, Manjit Nagar (Near Thapar Uni)",Patiala,147004,121,0.7,24,119,In Stock
20/09/26 06:24,SKU_006,Product_Staples_6,Staples,211,1055,183,"BD Mall, Manjit Nagar (Near Thapar Uni)",Patiala,147004,68,1.69,34,42,In Stock
20/09/26 06:24,SKU_007,Product_Dairy_7,Dairy/Fresh,41,352,38,"BD Mall, Manjit Nagar (Near Thapar Uni)",Patiala,147004,82,0.67,16,52,In Stock
20/09/26 06:24,SKU_008,Product_Snacks & Beverages_8,Snacks & Beverages,68,574,60,"BD Mall, Manjit Nagar (Near Thapar Uni)",Patiala,147004,35,1.85,17,39,In Stock
20/09/26 06:24,SKU_009,Product_Snacks & Beverages_9,Snacks & Beverages,189,799,172,"BD Mall, Manjit Nagar (Near Thapar Uni)",Patiala,147004,66,1.77,33,48,In Stock
20/09/26 06:24,SKU_010,Product_Dairy_10,Dairy/Fresh,209,1057,205,"BD Mall, Manjit Nagar (Near Thapar Uni)",Patiala,147004,87,0.66,17,34,In Stock
20/09/26 06:24,SKU_011,Product_Staples_11,Staples,70,1367,63,"BD Mall, Manjit Nagar (Near Thapar Uni)",Patiala,147004,59,1.62,29,47,In Stock
20/09/26 06:24,SKU_012,Product_Snacks & Beverages_12,Snacks & Beverages,150,746,130,"BD Mall, Manjit Nagar (Near Thapar Uni)",Patiala,147004,70,1.24,35,78,In Stock
20/09/26 06:24,SKU_013,Product_Dairy_13,Dairy/Fresh,186,1397,168,"BD Mall, Manjit Nagar (Near Thapar Uni)",Patiala,147004,85,0.72,17,18,In Stock
20/09/26 06:24,SKU_014,Product_Personal Care_14,Personal Care,33,341,33,"BD Mall, Manjit Nagar (Near Thapar Uni)",Patiala,147004,37,1.96,18,27,In Stock
20/09/26 06:24,SKU_015,Product_Dairy_15,Dairy/Fresh,72,997,64,"BD Mall, Manjit Nagar (Near Thapar Uni)",Patiala,147004,72,0.54,14,89,In Stock
20/09/26 06:24,SKU_016,Product_Snacks & Beverages_16,Snacks & Beverages,283,134,268,"BD Mall, Manjit Nagar (Near Thapar Uni)",Patiala,147004,35,1.4,17,34,In Stock
20/09/26 06:24,SKU_017,Product_Personal Care_17,Personal Care,69,1125,59,"BD Mall, Manjit Nagar (Near Thapar Uni)",Patiala,147004,71,1.29,35,53,In Stock
20/09/26 06:24,SKU_018,Product_Snacks & Beverages_18,Snacks & Beverages,73,1229,66,"BD Mall, Manjit Nagar (Near Thapar Uni)",Patiala,147004,38,1.23,19,56,In Stock
20/09/26 06:24,SKU_019,Product_Snacks & Beverages_19,Snacks & Beverages,210,501,188,"BD Mall, Manjit Nagar (Near Thapar Uni)",Patiala,147004,61,1.53,30,66,In Stock
20/09/26 06:24,SKU_020,Product_Staples_20,Staples,181,301,158,"BD Mall, Manjit Nagar (Near Thapar Uni)",Patiala,147004,36,1.11,18,0,Out of Stock
20/09/26 06:24,SKU_021,Product_Staples_21,Staples,289,915,269,"BD Mall, Manjit Nagar (Near Thapar Uni)",Patiala,147004,64,1.55,32,79,In Stock
20/09/26 06:24,SKU_022,Product_Dairy_22,Dairy/Fresh,234,1375,216,"BD Mall, Manjit Nagar (Near Thapar Uni)",Patiala,147004,124,0.92,24,101,In Stock
20/09/26 06:24,SKU_023,Product_Dairy_23,Dairy/Fresh,232,819,221,"BD Mall, Manjit Nagar (Near Thapar Uni)",Patiala,147004,116,0.81,23,67,In Stock
20/09/26 06:24,SKU_024,Product_Staples_24,Staples,72,891,64,"BD Mall, Manjit Nagar (Near Thapar Uni)",Patiala,147004,46,1.22,23,56,In Stock
20/09/26 06:24,SKU_025,Product_Dairy_25,Dairy/Fresh,271,287,240,"BD Mall, Manjit Nagar (Near Thapar Uni)",Patiala,147004,111,0.51,22,0,Out of Stock
20/09/26 06:24,SKU_026,Product_Snacks & Beverages_26,Snacks & Beverages,60,1280,53,"BD Mall, Manjit Nagar (Near Thapar Uni)",Patiala,147004,53,1.73,26,69,In Stock
20/09/26 06:24,SKU_027,Product_Staples_27,Staples,84,620,74,"BD Mall, Manjit Nagar (Near Thapar Uni)",Patiala,147004,55,1.35,27,59,In Stock
20/09/26 06:24,SKU_028,Product_Staples_28,Staples,155,1186,145,"BD Mall, Manjit Nagar (Near Thapar Uni)",Patiala,147004,44,1.09,22,40,In Stock
20/09/26 06:24,SKU_029,Product_Staples_29,Staples,100,491,91,"BD Mall, Manjit Nagar (Near Thapar Uni)",Patiala,147004,25,1.52,12,38,In Stock
20/09/26 06:24,SKU_030,Product_Staples_30,Staples,280,330,241,"BD Mall, Manjit Nagar (Near Thapar Uni)",Patiala,147004,43,1.21,21,50,In Stock
20/09/26 06:24,SKU_031,Product_Snacks & Beverages_31,Snacks & Beverages,47,234,42,"BD Mall, Manjit Nagar (Near Thapar Uni)",Patiala,147004,37,1.54,18,24,In Stock
20/09/26 06:24,SKU_032,Product_Staples_32,Staples,287,1029,255,"BD Mall, Manjit Nagar (Near Thapar Uni)",Patiala,147004,42,1.84,21,47,In Stock
20/09/26 06:24,SKU_033,Product_Dairy_33,Dairy/Fresh,81,904,77,"BD Mall, Manjit Nagar (Near Thapar Uni)",Patiala,147004,71,0.59,14,84,In Stock
20/09/26 06:24,SKU_034,Product_Staples_34,Staples,233,1060,223,"BD Mall, Manjit Nagar (Near Thapar Uni)",Patiala,147004,48,1.63,24,48,In Stock
20/09/26 06:24,SKU_035,Product_Dairy_35,Dairy/Fresh,150,1128,131,"BD Mall, Manjit Nagar (Near Thapar Uni)",Patiala,147004,64,0.71,12,29,In Stock
20/09/26 06:24,SKU_036,Product_Snacks & Beverages_36,Snacks & Beverages,274,497,274,"BD Mall, Manjit Nagar (Near Thapar Uni)",Patiala,147004,74,1.93,37,69,In Stock
20/09/26 06:24,SKU_037,Product_Snacks & Beverages_37,Snacks & Beverages,226,1138,201,"BD Mall, Manjit Nagar (Near Thapar Uni)",Patiala,147004,36,1.93,18,50,In Stock
20/09/26 06:24,SKU_038,Product_Dairy_38,Dairy/Fresh,198,963,197,"BD Mall, Manjit Nagar (Near Thapar Uni)",Patiala,147004,61,0.64,12,36,In Stock
20/09/26 06:24,SKU_039,Product_Snacks & Beverages_39,Snacks & Beverages,71,1120,65,"BD Mall, Manjit Nagar (Near Thapar Uni)",Patiala,147004,43,1.31,21,34,In Stock
20/09/26 06:24,SKU_040,Product_Snacks & Beverages_40,Snacks & Beverages,241,584,206,"BD Mall, Manjit Nagar (Near Thapar Uni)",Patiala,147004,30,1.46,15,18,In Stock
20/09/26 06:24,SKU_041,Product_Dairy_41,Dairy/Fresh,256,1294,231,"BD Mall, Manjit Nagar (Near Thapar Uni)",Patiala,147004,87,0.7,17,78,In Stock
20/09/26 06:24,SKU_042,Product_Dairy_42,Dairy/Fresh,32,1283,30,"BD Mall, Manjit Nagar (Near Thapar Uni)",Patiala,147004,131,0.65,26,0,Out of Stock
20/09/26 07:24,SKU_001,Product_Dairy_1,Dairy/Fresh,290,1230,273,"BD Mall, Manjit Nagar (Near Thapar Uni)",Patiala,147004,94,0.93,18,27,In Stock
20/09/26 07:24,SKU_002,Product_Staples_2,Staples,40,221,38,"BD Mall, Manjit Nagar (Near Thapar Uni)",Patiala,147004,47,1.1,23,57,In Stock
20/09/26 07:24,SKU_003,Product_Dairy_3,Dairy/Fresh,107,1496,105,"BD Mall, Manjit Nagar (Near Thapar Uni)",Patiala,147004,79,0.93,15,37,In Stock
20/09/26 07:24,SKU_004,Product_Snacks & Beverages_4,Snacks & Beverages,171,230,161,"BD Mall, Manjit Nagar (Near Thapar Uni)",Patiala,147004,30,1.48,15,39,In Stock
20/09/26 07:24,SKU_005,Product_Dairy_5,Dairy/Fresh,277,443,248,"BD Mall, Manjit Nagar (Near Thapar Uni)",Patiala,147004,79,0.57,15,79,In Stock
20/09/26 07:24,SKU_006,Product_Staples_6,Staples,211,1055,183,"BD Mall, Manjit Nagar (Near Thapar Uni)",Patiala,147004,33,1.57,16,33,In Stock
20/09/26 07:24,SKU_007,Product_Dairy_7,Dairy/Fresh,41,352,38,"BD Mall, Manjit Nagar (Near Thapar Uni)",Patiala,147004,55,0.6,11,25,In Stock
20/09/26 07:24,SKU_008,Product_Snacks & Beverages_8,Snacks & Beverages,68,574,60,"BD Mall, Manjit Nagar (Near Thapar Uni)",Patiala,147004,45,1.34,22,46,In Stock
20/09/26 07:24,SKU_009,Product_Snacks & Beverages_9,Snacks & Beverages,189,799,172,"BD Mall, Manjit Nagar (Near Thapar Uni)",Patiala,147004,67,1.57,33,64,In Stock
20/09/26 07:24,SKU_010,Product_Dairy_10,Dairy/Fresh,209,1057,205,"BD Mall, Manjit Nagar (Near Thapar Uni)",Patiala,147004,56,0.91,11,0,Out of Stock
20/09/26 07:24,SKU_011,Product_Staples_11,Staples,70,1367,63,"BD Mall, Manjit Nagar (Near Thapar Uni)",Patiala,147004,73,1.66,36,55,In Stock
20/09/26 07:24,SKU_012,Product_Snacks & Beverages_12,Snacks & Beverages,150,746,130,"BD Mall, Manjit Nagar (Near Thapar Uni)",Patiala,147004,75,1.05,37,53,In Stock
20/09/26 07:24,SKU_013,Product_Dairy_13,Dairy/Fresh,186,1397,168,"BD Mall, Manjit Nagar (Near Thapar Uni)",Patiala,147004,122,0.93,24,80,In Stock
20/09/26 07:24,SKU_014,Product_Personal Care_14,Personal Care,33,341,33,"BD Mall, Manjit Nagar (Near Thapar Uni)",Patiala,147004,49,1.3,24,0,Out of Stock
20/09/26 07:24,SKU_015,Product_Dairy_15,Dairy/Fresh,72,997,64,"BD Mall, Manjit Nagar (Near Thapar Uni)",Patiala,147004,70,0.87,14,33,In Stock
20/09/26 07:24,SKU_016,Product_Snacks & Beverages_16,Snacks & Beverages,283,134,268,"BD Mall, Manjit Nagar (Near Thapar Uni)",Patiala,147004,27,1.96,13,37,In Stock
20/09/26 07:24,SKU_017,Product_Personal Care_17,Personal Care,69,1125,59,"BD Mall, Manjit Nagar (Near Thapar Uni)",Patiala,147004,70,1.18,35,0,Out of Stock
20/09/26 07:24,SKU_018,Product_Snacks & Beverages_18,Snacks & Beverages,73,1229,66,"BD Mall, Manjit Nagar (Near Thapar Uni)",Patiala,147004,39,1.31,19,49,In Stock
20/09/26 07:24,SKU_019,Product_Snacks & Beverages_19,Snacks & Beverages,210,501,188,"BD Mall, Manjit Nagar (Near Thapar Uni)",Patiala,147004,67,1.51,33,85,In Stock
20/09/26 07:24,SKU_020,Product_Staples_20,Staples,181,301,158,"BD Mall, Manjit Nagar (Near Thapar Uni)",Patiala,147004,51,1.86,25,25,In Stock
20/09/26 07:24,SKU_021,Product_Staples_21,Staples,289,915,269,"BD Mall, Manjit Nagar (Near Thapar Uni)",Patiala,147004,41,1.42,20,35,In Stock
20/09/26 07:24,SKU_022,Product_Dairy_22,Dairy/Fresh,234,1375,216,"BD Mall, Manjit Nagar (Near Thapar Uni)",Patiala,147004,127,0.74,25,136,In Stock
20/09/26 07:24,SKU_023,Product_Dairy_23,Dairy/Fresh,232,819,221,"BD Mall, Manjit Nagar (Near Thapar Uni)",Patiala,147004,69,0.73,13,33,In Stock
20/09/26 07:24,SKU_024,Product_Staples_24,Staples,72,891,64,"BD Mall, Manjit Nagar (Near Thapar Uni)",Patiala,147004,28,1.31,14,0,Out of Stock
20/09/26 07:24,SKU_025,Product_Dairy_25,Dairy/Fresh,271,287,240,"BD Mall, Manjit Nagar (Near Thapar Uni)",Patiala,147004,59,0.91,11,13,In Stock
20/09/26 07:24,SKU_026,Product_Snacks & Beverages_26,Snacks & Beverages,60,1280,53,"BD Mall, Manjit Nagar (Near Thapar Uni)",Patiala,147004,20,1.36,10,11,In Stock
20/09/26 07:24,SKU_027,Product_Staples_27,Staples,84,620,74,"BD Mall, Manjit Nagar (Near Thapar Uni)",Patiala,147004,48,1.83,24,0,Out of Stock
20/09/26 07:24,SKU_028,Product_Staples_28,Staples,155,1186,145,"BD Mall, Manjit Nagar (Near Thapar Uni)",Patiala,147004,27,1.04,13,41,In Stock
20/09/26 07:24,SKU_029,Product_Staples_29,Staples,100,491,91,"BD Mall, Manjit Nagar (Near Thapar Uni)",Patiala,147004,75,1.31,37,39,In Stock
20/09/26 07:24,SKU_030,Product_Staples_30,Staples,280,330,241,"BD Mall, Manjit Nagar (Near Thapar Uni)",Patiala,147004,73,1.68,36,68,In Stock
20/09/26 07:24,SKU_031,Product_Snacks & Beverages_31,Snacks & Beverages,47,234,42,"BD Mall, Manjit Nagar (Near Thapar Uni)",Patiala,147004,23,1.57,11,21,In Stock
20/09/26 07:24,SKU_032,Product_Staples_32,Staples,287,1029,255,"BD Mall, Manjit Nagar (Near Thapar Uni)",Patiala,147004,54,1.44,27,71,In Stock
20/09/26 07:24,SKU_033,Product_Dairy_33,Dairy/Fresh,81,904,77,"BD Mall, Manjit Nagar (Near Thapar Uni)",Patiala,147004,63,0.73,12,80,In Stock
20/09/26 07:24,SKU_034,Product_Staples_34,Staples,233,1060,223,"BD Mall, Manjit Nagar (Near Thapar Uni)",Patiala,147004,22,1.2,11,28,In Stock
20/09/26 07:24,SKU_035,Product_Dairy_35,Dairy/Fresh,150,1128,131,"BD Mall, Manjit Nagar (Near Thapar Uni)",Patiala,147004,129,0.92,25,56,In Stock
20/09/26 07:24,SKU_036,Product_Snacks & Beverages_36,Snacks & Beverages,274,497,274,"BD Mall, Manjit Nagar (Near Thapar Uni)",Patiala,147004,64,1.5,32,78,In Stock
20/09/26 07:24,SKU_037,Product_Snacks & Beverages_37,Snacks & Beverages,226,1138,201,"BD Mall, Manjit Nagar (Near Thapar Uni)",Patiala,147004,59,1.9,29,46,In Stock
20/09/26 07:24,SKU_038,Product_Dairy_38,Dairy/Fresh,198,963,197,"BD Mall, Manjit Nagar (Near Thapar Uni)",Patiala,147004,52,0.77,10,56,In Stock
20/09/26 07:24,SKU_039,Product_Snacks & Beverages_39,Snacks & Beverages,71,1120,65,"BD Mall, Manjit Nagar (Near Thapar Uni)",Patiala,147004,46,1.87,23,42,In Stock
20/09/26 07:24,SKU_040,Product_Snacks & Beverages_40,Snacks & Beverages,241,584,206,"BD Mall, Manjit Nagar (Near Thapar Uni)",Patiala,147004,20,1.64,10,29,In Stock
20/09/26 07:24,SKU_041,Product_Dairy_41,Dairy/Fresh,256,1294,231,"BD Mall, Manjit Nagar (Near Thapar Uni)",Patiala,147004,55,0.64,11,74,In Stock
20/09/26 07:24,SKU_042,Product_Dairy_42,Dairy/Fresh,32,1283,30,"BD Mall, Manjit Nagar (Near Thapar Uni)",Patiala,147004,74,0.77,14,53,In Stock
20/09/26 08:17,SKU_001,Product_Dairy_1,Dairy/Fresh,290,1230,273,"BD Mall, Manjit Nagar (Near Thapar Uni)",Patiala,147004,62,0.53,12,24,In Stock
20/09/26 08:17,SKU_002,Product_Staples_2,Staples,40,221,38,"BD Mall, Manjit Nagar (Near Thapar Uni)",Patiala,147004,26,2,13,38,In Stock
20/09/26 08:17,SKU_003,Product_Dairy_3,Dairy/Fresh,107,1496,105,"BD Mall, Manjit Nagar (Near Thapar Uni)",Patiala,147004,57,0.91,11,39,In Stock
20/09/26 08:17,SKU_004,Product_Snacks & Beverages_4,Snacks & Beverages,171,230,161,"BD Mall, Manjit Nagar (Near Thapar Uni)",Patiala,147004,42,1.3,21,58,In Stock
20/09/26 08:17,SKU_005,Product_Dairy_5,Dairy/Fresh,277,443,248,"BD Mall, Manjit Nagar (Near Thapar Uni)",Patiala,147004,147,0.62,29,130,In Stock
20/09/26 08:17,SKU_006,Product_Staples_6,Staples,211,1055,183,"BD Mall, Manjit Nagar (Near Thapar Uni)",Patiala,147004,78,1.38,39,97,In Stock
20/09/26 08:17,SKU_007,Product_Dairy_7,Dairy/Fresh,41,352,38,"BD Mall, Manjit Nagar (Near Thapar Uni)",Patiala,147004,74,0.76,14,62,In Stock
20/09/26 08:17,SKU_008,Product_Snacks & Beverages_8,Snacks & Beverages,68,574,60,"BD Mall, Manjit Nagar (Near Thapar Uni)",Patiala,147004,61,1.37,30,53,In Stock
20/09/26 08:17,SKU_009,Product_Snacks & Beverages_9,Snacks & Beverages,189,799,172,"BD Mall, Manjit Nagar (Near Thapar Uni)",Patiala,147004,72,1.32,36,66,In Stock
20/09/26 08:17,SKU_010,Product_Dairy_10,Dairy/Fresh,209,1057,205,"BD Mall, Manjit Nagar (Near Thapar Uni)",Patiala,147004,94,0.89,18,0,Out of Stock
20/09/26 08:17,SKU_011,Product_Staples_11,Staples,70,1367,63,"BD Mall, Manjit Nagar (Near Thapar Uni)",Patiala,147004,69,1.16,34,69,In Stock
20/09/26 08:17,SKU_012,Product_Snacks & Beverages_12,Snacks & Beverages,150,746,130,"BD Mall, Manjit Nagar (Near Thapar Uni)",Patiala,147004,55,1.85,27,0,Out of Stock
20/09/26 08:17,SKU_013,Product_Dairy_13,Dairy/Fresh,186,1397,168,"BD Mall, Manjit Nagar (Near Thapar Uni)",Patiala,147004,81,0.58,16,0,Out of Stock
20/09/26 08:17,SKU_014,Product_Personal Care_14,Personal Care,33,341,33,"BD Mall, Manjit Nagar (Near Thapar Uni)",Patiala,147004,60,1.48,30,36,In Stock
20/09/26 08:17,SKU_015,Product_Dairy_15,Dairy/Fresh,72,997,64,"BD Mall, Manjit Nagar (Near Thapar Uni)",Patiala,147004,141,0.7,28,58,In Stock
20/09/26 08:17,SKU_016,Product_Snacks & Beverages_16,Snacks & Beverages,283,134,268,"BD Mall, Manjit Nagar (Near Thapar Uni)",Patiala,147004,36,1.25,18,44,In Stock
20/09/26 08:17,SKU_017,Product_Personal Care_17,Personal Care,69,1125,59,"BD Mall, Manjit Nagar (Near Thapar Uni)",Patiala,147004,54,1.02,27,34,In Stock
20/09/26 08:17,SKU_018,Product_Snacks & Beverages_18,Snacks & Beverages,73,1229,66,"BD Mall, Manjit Nagar (Near Thapar Uni)",Patiala,147004,67,1.62,33,35,In Stock
20/09/26 08:17,SKU_019,Product_Snacks & Beverages_19,Snacks & Beverages,210,501,188,"BD Mall, Manjit Nagar (Near Thapar Uni)",Patiala,147004,24,1.46,12,19,In Stock
20/09/26 08:17,SKU_020,Product_Staples_20,Staples,181,301,158,"BD Mall, Manjit Nagar (Near Thapar Uni)",Patiala,147004,67,1.57,33,79,In Stock
20/09/26 08:17,SKU_021,Product_Staples_21,Staples,289,915,269,"BD Mall, Manjit Nagar (Near Thapar Uni)",Patiala,147004,51,1.9,25,45,In Stock
20/09/26 08:17,SKU_022,Product_Dairy_22,Dairy/Fresh,234,1375,216,"BD Mall, Manjit Nagar (Near Thapar Uni)",Patiala,147004,109,0.71,21,21,In Stock
20/09/26 08:17,SKU_023,Product_Dairy_23,Dairy/Fresh,232,819,221,"BD Mall, Manjit Nagar (Near Thapar Uni)",Patiala,147004,112,0.76,22,66,In Stock
20/09/26 08:17,SKU_024,Product_Staples_24,Staples,72,891,64,"BD Mall, Manjit Nagar (Near Thapar Uni)",Patiala,147004,66,1.76,33,82,In Stock
20/09/26 08:17,SKU_025,Product_Dairy_25,Dairy/Fresh,271,287,240,"BD Mall, Manjit Nagar (Near Thapar Uni)",Patiala,147004,81,0.83,16,94,In Stock
20/09/26 08:17,SKU_026,Product_Snacks & Beverages_26,Snacks & Beverages,60,1280,53,"BD Mall, Manjit Nagar (Near Thapar Uni)",Patiala,147004,71,1.16,35,41,In Stock
20/09/26 08:17,SKU_027,Product_Staples_27,Staples,84,620,74,"BD Mall, Manjit Nagar (Near Thapar Uni)",Patiala,147004,33,1.73,16,30,In Stock
20/09/26 08:17,SKU_028,Product_Staples_28,Staples,155,1186,145,"BD Mall, Manjit Nagar (Near Thapar Uni)",Patiala,147004,67,1.43,33,57,In Stock
20/09/26 08:17,SKU_029,Product_Staples_29,Staples,100,491,91,"BD Mall, Manjit Nagar (Near Thapar Uni)",Patiala,147004,50,1.45,25,27,In Stock
20/09/26 08:17,SKU_030,Product_Staples_30,Staples,280,330,241,"BD Mall, Manjit Nagar (Near Thapar Uni)",Patiala,147004,50,1.31,25,54,In Stock
20/09/26 08:17,SKU_031,Product_Snacks & Beverages_31,Snacks & Beverages,47,234,42,"BD Mall, Manjit Nagar (Near Thapar Uni)",Patiala,147004,36,1.61,18,31,In Stock
20/09/26 08:17,SKU_032,Product_Staples_32,Staples,287,1029,255,"BD Mall, Manjit Nagar (Near Thapar Uni)",Patiala,147004,79,1.19,39,90,In Stock
20/09/26 08:17,SKU_033,Product_Dairy_33,Dairy/Fresh,81,904,77,"BD Mall, Manjit Nagar (Near Thapar Uni)",Patiala,147004,54,0.8,10,13,In Stock
20/09/26 08:17,SKU_034,Product_Staples_34,Staples,233,1060,223,"BD Mall, Manjit Nagar (Near Thapar Uni)",Patiala,147004,71,1.17,35,70,In Stock
20/09/26 08:17,SKU_035,Product_Dairy_35,Dairy/Fresh,150,1128,131,"BD Mall, Manjit Nagar (Near Thapar Uni)",Patiala,147004,83,0.98,16,82,In Stock
20/09/26 08:17,SKU_036,Product_Snacks & Beverages_36,Snacks & Beverages,274,497,274,"BD Mall, Manjit Nagar (Near Thapar Uni)",Patiala,147004,37,1.33,18,22,In Stock
20/09/26 08:17,SKU_037,Product_Snacks & Beverages_37,Snacks & Beverages,226,1138,201,"BD Mall, Manjit Nagar (Near Thapar Uni)",Patiala,147004,69,1.23,34,58,In Stock
20/09/26 08:17,SKU_038,Product_Dairy_38,Dairy/Fresh,198,963,197,"BD Mall, Manjit Nagar (Near Thapar Uni)",Patiala,147004,51,0.85,10,40,In Stock
20/09/26 08:17,SKU_039,Product_Snacks & Beverages_39,Snacks & Beverages,71,1120,65,"BD Mall, Manjit Nagar (Near Thapar Uni)",Patiala,147004,33,1.05,16,26,In Stock
20/09/26 08:17,SKU_040,Product_Snacks & Beverages_40,Snacks & Beverages,241,584,206,"BD Mall, Manjit Nagar (Near Thapar Uni)",Patiala,147004,69,1.18,34,41,In Stock
20/09/26 08:17,SKU_041,Product_Dairy_41,Dairy/Fresh,256,1294,231,"BD Mall, Manjit Nagar (Near Thapar Uni)",Patiala,147004,80,0.93,16,81,In Stock
20/09/26 08:17,SKU_042,Product_Dairy_42,Dairy/Fresh,32,1283,30,"BD Mall, Manjit Nagar (Near Thapar Uni)",Patiala,147004,105,0.98,21,48,In Stock
20/09/26 09:17,SKU_001,Product_Dairy_1,Dairy/Fresh,290,1230,273,"BD Mall, Manjit Nagar (Near Thapar Uni)",Patiala,147004,128,0.75,25,136,In Stock
20/09/26 09:17,SKU_002,Product_Staples_2,Staples,40,221,38,"BD Mall, Manjit Nagar (Near Thapar Uni)",Patiala,147004,46,1.01,23,32,In Stock
20/09/26 09:17,SKU_003,Product_Dairy_3,Dairy/Fresh,107,1496,105,"BD Mall, Manjit Nagar (Near Thapar Uni)",Patiala,147004,136,0.79,27,76,In Stock
20/09/26 09:17,SKU_004,Product_Snacks & Beverages_4,Snacks & Beverages,171,230,161,"BD Mall, Manjit Nagar (Near Thapar Uni)",Patiala,147004,69,1.66,34,72,In Stock
20/09/26 09:17,SKU_005,Product_Dairy_5,Dairy/Fresh,277,443,248,"BD Mall, Manjit Nagar (Near Thapar Uni)",Patiala,147004,58,0.73,11,47,In Stock
20/09/26 09:17,SKU_006,Product_Staples_6,Staples,211,1055,183,"BD Mall, Manjit Nagar (Near Thapar Uni)",Patiala,147004,74,1.47,37,75,In Stock
20/09/26 09:17,SKU_007,Product_Dairy_7,Dairy/Fresh,41,352,38,"BD Mall, Manjit Nagar (Near Thapar Uni)",Patiala,147004,70,0.5,14,51,In Stock
20/09/26 09:17,SKU_008,Product_Snacks & Beverages_8,Snacks & Beverages,68,574,60,"BD Mall, Manjit Nagar (Near Thapar Uni)",Patiala,147004,34,1.34,17,49,In Stock
20/09/26 09:17,SKU_009,Product_Snacks & Beverages_9,Snacks & Beverages,189,799,172,"BD Mall, Manjit Nagar (Near Thapar Uni)",Patiala,147004,22,1.65,11,39,In Stock
20/09/26 09:17,SKU_010,Product_Dairy_10,Dairy/Fresh,209,1057,205,"BD Mall, Manjit Nagar (Near Thapar Uni)",Patiala,147004,111,0.69,22,96,In Stock
20/09/26 09:17,SKU_011,Product_Staples_11,Staples,70,1367,63,"BD Mall, Manjit Nagar (Near Thapar Uni)",Patiala,147004,32,1.18,16,0,Out of Stock
20/09/26 09:17,SKU_012,Product_Snacks & Beverages_12,Snacks & Beverages,150,746,130,"BD Mall, Manjit Nagar (Near Thapar Uni)",Patiala,147004,60,1.84,30,76,In Stock
20/09/26 09:17,SKU_013,Product_Dairy_13,Dairy/Fresh,186,1397,168,"BD Mall, Manjit Nagar (Near Thapar Uni)",Patiala,147004,65,0.68,13,45,In Stock
20/09/26 09:17,SKU_014,Product_Personal Care_14,Personal Care,33,341,33,"BD Mall, Manjit Nagar (Near Thapar Uni)",Patiala,147004,43,1.21,21,23,In Stock
20/09/26 09:17,SKU_015,Product_Dairy_15,Dairy/Fresh,72,997,64,"BD Mall, Manjit Nagar (Near Thapar Uni)",Patiala,147004,53,0.57,10,35,In Stock
20/09/26 09:17,SKU_016,Product_Snacks & Beverages_16,Snacks & Beverages,283,134,268,"BD Mall, Manjit Nagar (Near Thapar Uni)",Patiala,147004,51,1.14,25,0,Out of Stock
20/09/26 09:17,SKU_017,Product_Personal Care_17,Personal Care,69,1125,59,"BD Mall, Manjit Nagar (Near Thapar Uni)",Patiala,147004,51,1.92,25,0,Out of Stock
20/09/26 09:17,SKU_018,Product_Snacks & Beverages_18,Snacks & Beverages,73,1229,66,"BD Mall, Manjit Nagar (Near Thapar Uni)",Patiala,147004,49,1.46,24,37,In Stock
20/09/26 09:17,SKU_019,Product_Snacks & Beverages_19,Snacks & Beverages,210,501,188,"BD Mall, Manjit Nagar (Near Thapar Uni)",Patiala,147004,71,1.08,35,57,In Stock
20/09/26 09:17,SKU_020,Product_Staples_20,Staples,181,301,158,"BD Mall, Manjit Nagar (Near Thapar Uni)",Patiala,147004,68,1.96,34,87,In Stock
20/09/26 09:17,SKU_021,Product_Staples_21,Staples,289,915,269,"BD Mall, Manjit Nagar (Near Thapar Uni)",Patiala,147004,32,1.88,16,23,In Stock
20/09/26 09:17,SKU_022,Product_Dairy_22,Dairy/Fresh,234,1375,216,"BD Mall, Manjit Nagar (Near Thapar Uni)",Patiala,147004,85,0.63,17,70,In Stock
20/09/26 09:17,SKU_023,Product_Dairy_23,Dairy/Fresh,232,819,221,"BD Mall, Manjit Nagar (Near Thapar Uni)",Patiala,147004,87,0.61,17,52,In Stock
20/09/26 09:17,SKU_024,Product_Staples_24,Staples,72,891,64,"BD Mall, Manjit Nagar (Near Thapar Uni)",Patiala,147004,34,1.22,17,36,In Stock
20/09/26 09:17,SKU_025,Product_Dairy_25,Dairy/Fresh,271,287,240,"BD Mall, Manjit Nagar (Near Thapar Uni)",Patiala,147004,112,0.57,22,73,In Stock
20/09/26 09:17,SKU_026,Product_Snacks & Beverages_26,Snacks & Beverages,60,1280,53,"BD Mall, Manjit Nagar (Near Thapar Uni)",Patiala,147004,33,1.69,16,21,In Stock
20/09/26 09:17,SKU_027,Product_Staples_27,Staples,84,620,74,"BD Mall, Manjit Nagar (Near Thapar Uni)",Patiala,147004,76,1.87,38,70,In Stock
20/09/26 09:17,SKU_028,Product_Staples_28,Staples,155,1186,145,"BD Mall, Manjit Nagar (Near Thapar Uni)",Patiala,147004,48,1.8,24,51,In Stock
20/09/26 09:17,SKU_029,Product_Staples_29,Staples,100,491,91,"BD Mall, Manjit Nagar (Near Thapar Uni)",Patiala,147004,53,1.35,26,63,In Stock
20/09/26 09:17,SKU_030,Product_Staples_30,Staples,280,330,241,"BD Mall, Manjit Nagar (Near Thapar Uni)",Patiala,147004,37,1.77,18,47,In Stock
20/09/26 09:17,SKU_031,Product_Snacks & Beverages_31,Snacks & Beverages,47,234,42,"BD Mall, Manjit Nagar (Near Thapar Uni)",Patiala,147004,73,1.26,36,81,In Stock
20/09/26 09:17,SKU_032,Product_Staples_32,Staples,287,1029,255,"BD Mall, Manjit Nagar (Near Thapar Uni)",Patiala,147004,26,1.33,13,29,In Stock
20/09/26 09:17,SKU_033,Product_Dairy_33,Dairy/Fresh,81,904,77,"BD Mall, Manjit Nagar (Near Thapar Uni)",Patiala,147004,63,0.53,12,0,Out of Stock
20/09/26 09:17,SKU_034,Product_Staples_34,Staples,233,1060,223,"BD Mall, Manjit Nagar (Near Thapar Uni)",Patiala,147004,74,1.94,37,43,In Stock
20/09/26 09:17,SKU_035,Product_Dairy_35,Dairy/Fresh,150,1128,131,"BD Mall, Manjit Nagar (Near Thapar Uni)",Patiala,147004,135,0.98,27,72,In Stock
20/09/26 09:17,SKU_036,Product_Snacks & Beverages_36,Snacks & Beverages,274,497,274,"BD Mall, Manjit Nagar (Near Thapar Uni)",Patiala,147004,44,1.52,22,49,In Stock
20/09/26 09:17,SKU_037,Product_Snacks & Beverages_37,Snacks & Beverages,226,1138,201,"BD Mall, Manjit Nagar (Near Thapar Uni)",Patiala,147004,57,1.39,28,44,In Stock
20/09/26 09:17,SKU_038,Product_Dairy_38,Dairy/Fresh,198,963,197,"BD Mall, Manjit Nagar (Near Thapar Uni)",Patiala,147004,51,0.51,10,49,In Stock
20/09/26 09:17,SKU_039,Product_Snacks & Beverages_39,Snacks & Beverages,71,1120,65,"BD Mall, Manjit Nagar (Near Thapar Uni)",Patiala,147004,27,1.34,13,17,In Stock
20/09/26 09:17,SKU_040,Product_Snacks & Beverages_40,Snacks & Beverages,241,584,206,"BD Mall, Manjit Nagar (Near Thapar Uni)",Patiala,147004,46,1.78,23,27,In Stock
20/09/26 09:17,SKU_041,Product_Dairy_41,Dairy/Fresh,256,1294,231,"BD Mall, Manjit Nagar (Near Thapar Uni)",Patiala,147004,70,0.64,14,83,In Stock
20/09/26 09:17,SKU_042,Product_Dairy_42,Dairy/Fresh,32,1283,30,"BD Mall, Manjit Nagar (Near Thapar Uni)",Patiala,147004,128,0.6,25,31,In Stock
20/09/26 10:53,SKU_001,Product_Dairy_1,Dairy/Fresh,290,1230,273,"BD Mall, Manjit Nagar (Near Thapar Uni)",Patiala,147004,70,0.83,14,0,Out of Stock
20/09/26 10:53,SKU_002,Product_Staples_2,Staples,40,221,38,"BD Mall, Manjit Nagar (Near Thapar Uni)",Patiala,147004,56,1.75,28,44,In Stock
20/09/26 10:53,SKU_003,Product_Dairy_3,Dairy/Fresh,107,1496,105,"BD Mall, Manjit Nagar (Near Thapar Uni)",Patiala,147004,136,0.59,27,85,In Stock
20/09/26 10:53,SKU_004,Product_Snacks & Beverages_4,Snacks & Beverages,171,230,161,"BD Mall, Manjit Nagar (Near Thapar Uni)",Patiala,147004,44,1.75,22,0,Out of Stock
20/09/26 10:53,SKU_005,Product_Dairy_5,Dairy/Fresh,277,443,248,"BD Mall, Manjit Nagar (Near Thapar Uni)",Patiala,147004,88,0.78,17,38,In Stock
20/09/26 10:53,SKU_006,Product_Staples_6,Staples,211,1055,183,"BD Mall, Manjit Nagar (Near Thapar Uni)",Patiala,147004,49,1.89,24,68,In Stock
20/09/26 10:53,SKU_007,Product_Dairy_7,Dairy/Fresh,41,352,38,"BD Mall, Manjit Nagar (Near Thapar Uni)",Patiala,147004,114,0.56,22,94,In Stock
20/09/26 10:53,SKU_008,Product_Snacks & Beverages_8,Snacks & Beverages,68,574,60,"BD Mall, Manjit Nagar (Near Thapar Uni)",Patiala,147004,39,1.58,19,34,In Stock
20/09/26 10:53,SKU_009,Product_Snacks & Beverages_9,Snacks & Beverages,189,799,172,"BD Mall, Manjit Nagar (Near Thapar Uni)",Patiala,147004,40,1.83,20,55,In Stock
20/09/26 10:53,SKU_010,Product_Dairy_10,Dairy/Fresh,209,1057,205,"BD Mall, Manjit Nagar (Near Thapar Uni)",Patiala,147004,139,0.56,27,0,Out of Stock
20/09/26 10:53,SKU_011,Product_Staples_11,Staples,70,1367,63,"BD Mall, Manjit Nagar (Near Thapar Uni)",Patiala,147004,41,1.78,20,38,In Stock
20/09/26 10:53,SKU_012,Product_Snacks & Beverages_12,Snacks & Beverages,150,746,130,"BD Mall, Manjit Nagar (Near Thapar Uni)",Patiala,147004,54,1.6,27,38,In Stock
20/09/26 10:53,SKU_013,Product_Dairy_13,Dairy/Fresh,186,1397,168,"BD Mall, Manjit Nagar (Near Thapar Uni)",Patiala,147004,131,0.97,26,61,In Stock
20/09/26 10:53,SKU_014,Product_Personal Care_14,Personal Care,33,341,33,"BD Mall, Manjit Nagar (Near Thapar Uni)",Patiala,147004,35,1.17,17,26,In Stock
20/09/26 10:53,SKU_015,Product_Dairy_15,Dairy/Fresh,72,997,64,"BD Mall, Manjit Nagar (Near Thapar Uni)",Patiala,147004,81,0.82,16,31,In Stock
20/09/26 10:53,SKU_016,Product_Snacks & Beverages_16,Snacks & Beverages,283,134,268,"BD Mall, Manjit Nagar (Near Thapar Uni)",Patiala,147004,77,1.83,38,65,In Stock
20/09/26 10:53,SKU_017,Product_Personal Care_17,Personal Care,69,1125,59,"BD Mall, Manjit Nagar (Near Thapar Uni)",Patiala,147004,68,1.02,34,52,In Stock
20/09/26 10:53,SKU_018,Product_Snacks & Beverages_18,Snacks & Beverages,73,1229,66,"BD Mall, Manjit Nagar (Near Thapar Uni)",Patiala,147004,62,1.11,31,70,In Stock
20/09/26 10:53,SKU_019,Product_Snacks & Beverages_19,Snacks & Beverages,210,501,188,"BD Mall, Manjit Nagar (Near Thapar Uni)",Patiala,147004,36,1.99,18,23,In Stock
20/09/26 10:53,SKU_020,Product_Staples_20,Staples,181,301,158,"BD Mall, Manjit Nagar (Near Thapar Uni)",Patiala,147004,35,1.28,17,20,In Stock
20/09/26 10:53,SKU_021,Product_Staples_21,Staples,289,915,269,"BD Mall, Manjit Nagar (Near Thapar Uni)",Patiala,147004,77,1.98,38,67,In Stock
20/09/26 10:53,SKU_022,Product_Dairy_22,Dairy/Fresh,234,1375,216,"BD Mall, Manjit Nagar (Near Thapar Uni)",Patiala,147004,70,0.9,14,59,In Stock
20/09/26 10:53,SKU_023,Product_Dairy_23,Dairy/Fresh,232,819,221,"BD Mall, Manjit Nagar (Near Thapar Uni)",Patiala,147004,101,1,20,0,Out of Stock
20/09/26 10:53,SKU_024,Product_Staples_24,Staples,72,891,64,"BD Mall, Manjit Nagar (Near Thapar Uni)",Patiala,147004,23,1.75,11,23,In Stock
20/09/26 10:53,SKU_025,Product_Dairy_25,Dairy/Fresh,271,287,240,"BD Mall, Manjit Nagar (Near Thapar Uni)",Patiala,147004,75,0.72,15,51,In Stock
20/09/26 10:53,SKU_026,Product_Snacks & Beverages_26,Snacks & Beverages,60,1280,53,"BD Mall, Manjit Nagar (Near Thapar Uni)",Patiala,147004,58,1.58,29,37,In Stock
20/09/26 10:53,SKU_027,Product_Staples_27,Staples,84,620,74,"BD Mall, Manjit Nagar (Near Thapar Uni)",Patiala,147004,53,1.53,26,60,In Stock
20/09/26 10:53,SKU_028,Product_Staples_28,Staples,155,1186,145,"BD Mall, Manjit Nagar (Near Thapar Uni)",Patiala,147004,49,1.84,24,65,In Stock
20/09/26 10:53,SKU_029,Product_Staples_29,Staples,100,491,91,"BD Mall, Manjit Nagar (Near Thapar Uni)",Patiala,147004,25,1.23,12,32,In Stock
20/09/26 10:53,SKU_030,Product_Staples_30,Staples,280,330,241,"BD Mall, Manjit Nagar (Near Thapar Uni)",Patiala,147004,36,1.44,18,34,In Stock
20/09/26 10:53,SKU_031,Product_Snacks & Beverages_31,Snacks & Beverages,47,234,42,"BD Mall, Manjit Nagar (Near Thapar Uni)",Patiala,147004,58,1.16,29,52,In Stock
20/09/26 10:53,SKU_032,Product_Staples_32,Staples,287,1029,255,"BD Mall, Manjit Nagar (Near Thapar Uni)",Patiala,147004,44,1.6,22,52,In Stock
20/09/26 10:53,SKU_033,Product_Dairy_33,Dairy/Fresh,81,904,77,"BD Mall, Manjit Nagar (Near Thapar Uni)",Patiala,147004,78,0.94,15,20,In Stock
20/09/26 10:53,SKU_034,Product_Staples_34,Staples,233,1060,223,"BD Mall, Manjit Nagar (Near Thapar Uni)",Patiala,147004,24,1.33,12,36,In Stock
20/09/26 10:53,SKU_035,Product_Dairy_35,Dairy/Fresh,150,1128,131,"BD Mall, Manjit Nagar (Near Thapar Uni)",Patiala,147004,91,0.54,18,52,In Stock
20/09/26 10:53,SKU_036,Product_Snacks & Beverages_36,Snacks & Beverages,274,497,274,"BD Mall, Manjit Nagar (Near Thapar Uni)",Patiala,147004,35,1.03,17,53,In Stock
20/09/26 10:53,SKU_037,Product_Snacks & Beverages_37,Snacks & Beverages,226,1138,201,"BD Mall, Manjit Nagar (Near Thapar Uni)",Patiala,147004,70,1.09,35,47,In Stock
20/09/26 10:53,SKU_038,Product_Dairy_38,Dairy/Fresh,198,963,197,"BD Mall, Manjit Nagar (Near Thapar Uni)",Patiala,147004,62,0.98,12,0,Out of Stock
20/09/26 10:53,SKU_039,Product_Snacks & Beverages_39,Snacks & Beverages,71,1120,65,"BD Mall, Manjit Nagar (Near Thapar Uni)",Patiala,147004,56,1.43,28,59,In Stock
20/09/26 10:53,SKU_040,Product_Snacks & Beverages_40,Snacks & Beverages,241,584,206,"BD Mall, Manjit Nagar (Near Thapar Uni)",Patiala,147004,59,1.86,29,29,In Stock
20/09/26 10:53,SKU_041,Product_Dairy_41,Dairy/Fresh,256,1294,231,"BD Mall, Manjit Nagar (Near Thapar Uni)",Patiala,147004,58,0.96,11,59,In Stock
20/09/26 10:53,SKU_042,Product_Dairy_42,Dairy/Fresh,32,1283,30,"BD Mall, Manjit Nagar (Near Thapar Uni)",Patiala,147004,90,0.97,18,52,In Stock
20/09/26 11:15,SKU_001,Product_Dairy_1,Dairy/Fresh,290,1230,273,"BD Mall, Manjit Nagar (Near Thapar Uni)",Patiala,147004,50,0.86,10,67,In Stock
20/09/26 11:15,SKU_002,Product_Staples_2,Staples,40,221,38,"BD Mall, Manjit Nagar (Near Thapar Uni)",Patiala,147004,76,1.09,38,56,In Stock
20/09/26 11:15,SKU_003,Product_Dairy_3,Dairy/Fresh,107,1496,105,"BD Mall, Manjit Nagar (Near Thapar Uni)",Patiala,147004,109,0.55,21,73,In Stock
20/09/26 11:15,SKU_004,Product_Snacks & Beverages_4,Snacks & Beverages,171,230,161,"BD Mall, Manjit Nagar (Near Thapar Uni)",Patiala,147004,28,1.99,14,25,In Stock
20/09/26 11:15,SKU_005,Product_Dairy_5,Dairy/Fresh,277,443,248,"BD Mall, Manjit Nagar (Near Thapar Uni)",Patiala,147004,78,0.62,15,61,In Stock
20/09/26 11:15,SKU_006,Product_Staples_6,Staples,211,1055,183,"BD Mall, Manjit Nagar (Near Thapar Uni)",Patiala,147004,55,1.68,27,69,In Stock
20/09/26 11:15,SKU_007,Product_Dairy_7,Dairy/Fresh,41,352,38,"BD Mall, Manjit Nagar (Near Thapar Uni)",Patiala,147004,59,0.91,11,30,In Stock
20/09/26 11:15,SKU_008,Product_Snacks & Beverages_8,Snacks & Beverages,68,574,60,"BD Mall, Manjit Nagar (Near Thapar Uni)",Patiala,147004,41,1.44,20,52,In Stock
20/09/26 11:15,SKU_009,Product_Snacks & Beverages_9,Snacks & Beverages,189,799,172,"BD Mall, Manjit Nagar (Near Thapar Uni)",Patiala,147004,41,1.86,20,48,In Stock
20/09/26 11:15,SKU_010,Product_Dairy_10,Dairy/Fresh,209,1057,205,"BD Mall, Manjit Nagar (Near Thapar Uni)",Patiala,147004,70,0.97,14,29,In Stock
20/09/26 11:15,SKU_011,Product_Staples_11,Staples,70,1367,63,"BD Mall, Manjit Nagar (Near Thapar Uni)",Patiala,147004,74,1.27,37,50,In Stock
20/09/26 11:15,SKU_012,Product_Snacks & Beverages_12,Snacks & Beverages,150,746,130,"BD Mall, Manjit Nagar (Near Thapar Uni)",Patiala,147004,48,1.45,24,30,In Stock
20/09/26 11:15,SKU_013,Product_Dairy_13,Dairy/Fresh,186,1397,168,"BD Mall, Manjit Nagar (Near Thapar Uni)",Patiala,147004,83,1,16,85,In Stock
20/09/26 11:15,SKU_014,Product_Personal Care_14,Personal Care,33,341,33,"BD Mall, Manjit Nagar (Near Thapar Uni)",Patiala,147004,78,1.38,39,59,In Stock
20/09/26 11:15,SKU_015,Product_Dairy_15,Dairy/Fresh,72,997,64,"BD Mall, Manjit Nagar (Near Thapar Uni)",Patiala,147004,108,0.59,21,56,In Stock
20/09/26 11:15,SKU_016,Product_Snacks & Beverages_16,Snacks & Beverages,283,134,268,"BD Mall, Manjit Nagar (Near Thapar Uni)",Patiala,147004,52,1.09,26,47,In Stock
20/09/26 11:15,SKU_017,Product_Personal Care_17,Personal Care,69,1125,59,"BD Mall, Manjit Nagar (Near Thapar Uni)",Patiala,147004,37,1.37,18,36,In Stock
20/09/26 11:15,SKU_018,Product_Snacks & Beverages_18,Snacks & Beverages,73,1229,66,"BD Mall, Manjit Nagar (Near Thapar Uni)",Patiala,147004,26,1.71,13,37,In Stock
20/09/26 11:15,SKU_019,Product_Snacks & Beverages_19,Snacks & Beverages,210,501,188,"BD Mall, Manjit Nagar (Near Thapar Uni)",Patiala,147004,20,1.23,10,12,In Stock
20/09/26 11:15,SKU_020,Product_Staples_20,Staples,181,301,158,"BD Mall, Manjit Nagar (Near Thapar Uni)",Patiala,147004,52,1.66,26,61,In Stock
20/09/26 11:15,SKU_021,Product_Staples_21,Staples,289,915,269,"BD Mall, Manjit Nagar (Near Thapar Uni)",Patiala,147004,20,1.16,10,22,In Stock
20/09/26 11:15,SKU_022,Product_Dairy_22,Dairy/Fresh,234,1375,216,"BD Mall, Manjit Nagar (Near Thapar Uni)",Patiala,147004,136,0.87,27,74,In Stock
20/09/26 11:15,SKU_023,Product_Dairy_23,Dairy/Fresh,232,819,221,"BD Mall, Manjit Nagar (Near Thapar Uni)",Patiala,147004,137,0.5,27,117,In Stock
20/09/26 11:15,SKU_024,Product_Staples_24,Staples,72,891,64,"BD Mall, Manjit Nagar (Near Thapar Uni)",Patiala,147004,23,1.93,11,20,In Stock
20/09/26 11:15,SKU_025,Product_Dairy_25,Dairy/Fresh,271,287,240,"BD Mall, Manjit Nagar (Near Thapar Uni)",Patiala,147004,132,0.96,26,27,In Stock
20/09/26 11:15,SKU_026,Product_Snacks & Beverages_26,Snacks & Beverages,60,1280,53,"BD Mall, Manjit Nagar (Near Thapar Uni)",Patiala,147004,46,1.8,23,28,In Stock
20/09/26 11:15,SKU_027,Product_Staples_27,Staples,84,620,74,"BD Mall, Manjit Nagar (Near Thapar Uni)",Patiala,147004,62,1.33,31,76,In Stock
20/09/26 11:15,SKU_028,Product_Staples_28,Staples,155,1186,145,"BD Mall, Manjit Nagar (Near Thapar Uni)",Patiala,147004,78,1.59,39,40,In Stock
20/09/26 11:15,SKU_029,Product_Staples_29,Staples,100,491,91,"BD Mall, Manjit Nagar (Near Thapar Uni)",Patiala,147004,51,1.49,25,66,In Stock
20/09/26 11:15,SKU_030,Product_Staples_30,Staples,280,330,241,"BD Mall, Manjit Nagar (Near Thapar Uni)",Patiala,147004,52,1.95,26,42,In Stock
20/09/26 11:15,SKU_031,Product_Snacks & Beverages_31,Snacks & Beverages,47,234,42,"BD Mall, Manjit Nagar (Near Thapar Uni)",Patiala,147004,47,1.75,23,62,In Stock
20/09/26 11:15,SKU_032,Product_Staples_32,Staples,287,1029,255,"BD Mall, Manjit Nagar (Near Thapar Uni)",Patiala,147004,61,1.73,30,77,In Stock
20/09/26 11:15,SKU_033,Product_Dairy_33,Dairy/Fresh,81,904,77,"BD Mall, Manjit Nagar (Near Thapar Uni)",Patiala,147004,121,0.98,24,101,In Stock
20/09/26 11:15,SKU_034,Product_Staples_34,Staples,233,1060,223,"BD Mall, Manjit Nagar (Near Thapar Uni)",Patiala,147004,74,1.55,37,46,In Stock
20/09/26 11:15,SKU_035,Product_Dairy_35,Dairy/Fresh,150,1128,131,"BD Mall, Manjit Nagar (Near Thapar Uni)",Patiala,147004,92,0.73,18,50,In Stock
20/09/26 11:15,SKU_036,Product_Snacks & Beverages_36,Snacks & Beverages,274,497,274,"BD Mall, Manjit Nagar (Near Thapar Uni)",Patiala,147004,79,1.93,39,80,In Stock
20/09/26 11:15,SKU_037,Product_Snacks & Beverages_37,Snacks & Beverages,226,1138,201,"BD Mall, Manjit Nagar (Near Thapar Uni)",Patiala,147004,25,1.26,12,0,Out of Stock
20/09/26 11:15,SKU_038,Product_Dairy_38,Dairy/Fresh,198,963,197,"BD Mall, Manjit Nagar (Near Thapar Uni)",Patiala,147004,73,0.71,14,62,In Stock
20/09/26 11:15,SKU_039,Product_Snacks & Beverages_39,Snacks & Beverages,71,1120,65,"BD Mall, Manjit Nagar (Near Thapar Uni)",Patiala,147004,53,1.41,26,49,In Stock
20/09/26 11:15,SKU_040,Product_Snacks & Beverages_40,Snacks & Beverages,241,584,206,"BD Mall, Manjit Nagar (Near Thapar Uni)",Patiala,147004,42,1.24,21,34,In Stock
20/09/26 11:15,SKU_041,Product_Dairy_41,Dairy/Fresh,256,1294,231,"BD Mall, Manjit Nagar (Near Thapar Uni)",Patiala,147004,66,0.77,13,17,In Stock
20/09/26 11:15,SKU_042,Product_Dairy_42,Dairy/Fresh,32,1283,30,"BD Mall, Manjit Nagar (Near Thapar Uni)",Patiala,147004,54,0.51,10,60,In Stock
20/09/26 12:35,SKU_001,Product_Dairy_1,Dairy/Fresh,290,1230,273,"BD Mall, Manjit Nagar (Near Thapar Uni)",Patiala,147004,69,0.72,13,81,In Stock
20/09/26 12:35,SKU_002,Product_Staples_2,Staples,40,221,38,"BD Mall, Manjit Nagar (Near Thapar Uni)",Patiala,147004,75,1.86,37,83,In Stock
20/09/26 12:35,SKU_003,Product_Dairy_3,Dairy/Fresh,107,1496,105,"BD Mall, Manjit Nagar (Near Thapar Uni)",Patiala,147004,107,0.84,21,52,In Stock
20/09/26 12:35,SKU_004,Product_Snacks & Beverages_4,Snacks & Beverages,171,230,161,"BD Mall, Manjit Nagar (Near Thapar Uni)",Patiala,147004,32,1.28,16,48,In Stock
20/09/26 12:35,SKU_005,Product_Dairy_5,Dairy/Fresh,277,443,248,"BD Mall, Manjit Nagar (Near Thapar Uni)",Patiala,147004,149,0.95,29,88,In Stock
20/09/26 12:35,SKU_006,Product_Staples_6,Staples,211,1055,183,"BD Mall, Manjit Nagar (Near Thapar Uni)",Patiala,147004,37,1.08,18,21,In Stock
20/09/26 12:35,SKU_007,Product_Dairy_7,Dairy/Fresh,41,352,38,"BD Mall, Manjit Nagar (Near Thapar Uni)",Patiala,147004,101,0.78,20,0,Out of Stock
20/09/26 12:35,SKU_008,Product_Snacks & Beverages_8,Snacks & Beverages,68,574,60,"BD Mall, Manjit Nagar (Near Thapar Uni)",Patiala,147004,32,1.4,16,32,In Stock
20/09/26 12:35,SKU_009,Product_Snacks & Beverages_9,Snacks & Beverages,189,799,172,"BD Mall, Manjit Nagar (Near Thapar Uni)",Patiala,147004,68,1.39,34,36,In Stock
20/09/26 12:35,SKU_010,Product_Dairy_10,Dairy/Fresh,209,1057,205,"BD Mall, Manjit Nagar (Near Thapar Uni)",Patiala,147004,56,0.66,11,23,In Stock
20/09/26 12:35,SKU_011,Product_Staples_11,Staples,70,1367,63,"BD Mall, Manjit Nagar (Near Thapar Uni)",Patiala,147004,62,1.46,31,74,In Stock
20/09/26 12:35,SKU_012,Product_Snacks & Beverages_12,Snacks & Beverages,150,746,130,"BD Mall, Manjit Nagar (Near Thapar Uni)",Patiala,147004,58,1.25,29,76,In Stock
20/09/26 12:35,SKU_013,Product_Dairy_13,Dairy/Fresh,186,1397,168,"BD Mall, Manjit Nagar (Near Thapar Uni)",Patiala,147004,107,0.74,21,120,In Stock
20/09/26 12:35,SKU_014,Product_Personal Care_14,Personal Care,33,341,33,"BD Mall, Manjit Nagar (Near Thapar Uni)",Patiala,147004,36,1.8,18,35,In Stock
20/09/26 12:35,SKU_015,Product_Dairy_15,Dairy/Fresh,72,997,64,"BD Mall, Manjit Nagar (Near Thapar Uni)",Patiala,147004,54,0.79,10,32,In Stock
20/09/26 12:35,SKU_016,Product_Snacks & Beverages_16,Snacks & Beverages,283,134,268,"BD Mall, Manjit Nagar (Near Thapar Uni)",Patiala,147004,37,1.3,18,52,In Stock
20/09/26 12:35,SKU_017,Product_Personal Care_17,Personal Care,69,1125,59,"BD Mall, Manjit Nagar (Near Thapar Uni)",Patiala,147004,42,1.47,21,53,In Stock
20/09/26 12:35,SKU_018,Product_Snacks & Beverages_18,Snacks & Beverages,73,1229,66,"BD Mall, Manjit Nagar (Near Thapar Uni)",Patiala,147004,73,1.87,36,86,In Stock
20/09/26 12:35,SKU_019,Product_Snacks & Beverages_19,Snacks & Beverages,210,501,188,"BD Mall, Manjit Nagar (Near Thapar Uni)",Patiala,147004,70,1.05,35,88,In Stock
20/09/26 12:35,SKU_020,Product_Staples_20,Staples,181,301,158,"BD Mall, Manjit Nagar (Near Thapar Uni)",Patiala,147004,49,1.89,24,59,In Stock
20/09/26 12:35,SKU_021,Product_Staples_21,Staples,289,915,269,"BD Mall, Manjit Nagar (Near Thapar Uni)",Patiala,147004,77,1.22,38,54,In Stock
20/09/26 12:35,SKU_022,Product_Dairy_22,Dairy/Fresh,234,1375,216,"BD Mall, Manjit Nagar (Near Thapar Uni)",Patiala,147004,145,0.69,29,131,In Stock
20/09/26 12:35,SKU_023,Product_Dairy_23,Dairy/Fresh,232,819,221,"BD Mall, Manjit Nagar (Near Thapar Uni)",Patiala,147004,141,0.69,28,61,In Stock
20/09/26 12:35,SKU_024,Product_Staples_24,Staples,72,891,64,"BD Mall, Manjit Nagar (Near Thapar Uni)",Patiala,147004,23,1.55,11,0,Out of Stock
20/09/26 12:35,SKU_025,Product_Dairy_25,Dairy/Fresh,271,287,240,"BD Mall, Manjit Nagar (Near Thapar Uni)",Patiala,147004,144,0.96,28,160,In Stock
20/09/26 12:35,SKU_026,Product_Snacks & Beverages_26,Snacks & Beverages,60,1280,53,"BD Mall, Manjit Nagar (Near Thapar Uni)",Patiala,147004,26,1.1,13,39,In Stock
20/09/26 12:35,SKU_027,Product_Staples_27,Staples,84,620,74,"BD Mall, Manjit Nagar (Near Thapar Uni)",Patiala,147004,75,1.35,37,76,In Stock
20/09/26 12:35,SKU_028,Product_Staples_28,Staples,155,1186,145,"BD Mall, Manjit Nagar (Near Thapar Uni)",Patiala,147004,37,1.54,18,30,In Stock
20/09/26 12:35,SKU_029,Product_Staples_29,Staples,100,491,91,"BD Mall, Manjit Nagar (Near Thapar Uni)",Patiala,147004,61,1.81,30,55,In Stock
20/09/26 12:35,SKU_030,Product_Staples_30,Staples,280,330,241,"BD Mall, Manjit Nagar (Near Thapar Uni)",Patiala,147004,26,1.22,13,26,In Stock
20/09/26 12:35,SKU_031,Product_Snacks & Beverages_31,Snacks & Beverages,47,234,42,"BD Mall, Manjit Nagar (Near Thapar Uni)",Patiala,147004,59,1.8,29,60,In Stock
20/09/26 12:35,SKU_032,Product_Staples_32,Staples,287,1029,255,"BD Mall, Manjit Nagar (Near Thapar Uni)",Patiala,147004,25,1.4,12,22,In Stock
20/09/26 12:35,SKU_033,Product_Dairy_33,Dairy/Fresh,81,904,77,"BD Mall, Manjit Nagar (Near Thapar Uni)",Patiala,147004,98,0.89,19,56,In Stock
20/09/26 12:35,SKU_034,Product_Staples_34,Staples,233,1060,223,"BD Mall, Manjit Nagar (Near Thapar Uni)",Patiala,147004,77,1.76,38,53,In Stock
20/09/26 12:35,SKU_035,Product_Dairy_35,Dairy/Fresh,150,1128,131,"BD Mall, Manjit Nagar (Near Thapar Uni)",Patiala,147004,117,0.59,23,79,In Stock
20/09/26 12:35,SKU_036,Product_Snacks & Beverages_36,Snacks & Beverages,274,497,274,"BD Mall, Manjit Nagar (Near Thapar Uni)",Patiala,147004,23,1.51,11,32,In Stock
20/09/26 12:35,SKU_037,Product_Snacks & Beverages_37,Snacks & Beverages,226,1138,201,"BD Mall, Manjit Nagar (Near Thapar Uni)",Patiala,147004,65,1.06,32,78,In Stock
20/09/26 12:35,SKU_038,Product_Dairy_38,Dairy/Fresh,198,963,197,"BD Mall, Manjit Nagar (Near Thapar Uni)",Patiala,147004,138,0.94,27,102,In Stock
20/09/26 12:35,SKU_039,Product_Snacks & Beverages_39,Snacks & Beverages,71,1120,65,"BD Mall, Manjit Nagar (Near Thapar Uni)",Patiala,147004,71,1.6,35,52,In Stock
20/09/26 12:35,SKU_040,Product_Snacks & Beverages_40,Snacks & Beverages,241,584,206,"BD Mall, Manjit Nagar (Near Thapar Uni)",Patiala,147004,69,1.56,34,62,In Stock
20/09/26 12:35,SKU_041,Product_Dairy_41,Dairy/Fresh,256,1294,231,"BD Mall, Manjit Nagar (Near Thapar Uni)",Patiala,147004,70,0.96,14,15,In Stock
20/09/26 12:35,SKU_042,Product_Dairy_42,Dairy/Fresh,32,1283,30,"BD Mall, Manjit Nagar (Near Thapar Uni)",Patiala,147004,85,0.95,17,70,In Stock
20/09/26 13:03,SKU_001,Product_Dairy_1,Dairy/Fresh,290,1230,273,"BD Mall, Manjit Nagar (Near Thapar Uni)",Patiala,147004,61,0.72,12,0,Out of Stock
20/09/26 13:03,SKU_002,Product_Staples_2,Staples,40,221,38,"BD Mall, Manjit Nagar (Near Thapar Uni)",Patiala,147004,45,1.46,22,24,In Stock
20/09/26 13:03,SKU_003,Product_Dairy_3,Dairy/Fresh,107,1496,105,"BD Mall, Manjit Nagar (Near Thapar Uni)",Patiala,147004,51,0.7,10,38,In Stock
20/09/26 13:03,SKU_004,Product_Snacks & Beverages_4,Snacks & Beverages,171,230,161,"BD Mall, Manjit Nagar (Near Thapar Uni)",Patiala,147004,28,1.85,14,21,In Stock
20/09/26 13:03,SKU_005,Product_Dairy_5,Dairy/Fresh,277,443,248,"BD Mall, Manjit Nagar (Near Thapar Uni)",Patiala,147004,102,0.64,20,30,In Stock
20/09/26 13:03,SKU_006,Product_Staples_6,Staples,211,1055,183,"BD Mall, Manjit Nagar (Near Thapar Uni)",Patiala,147004,66,1.03,33,44,In Stock
20/09/26 13:03,SKU_007,Product_Dairy_7,Dairy/Fresh,41,352,38,"BD Mall, Manjit Nagar (Near Thapar Uni)",Patiala,147004,144,0.93,28,31,In Stock
20/09/26 13:03,SKU_008,Product_Snacks & Beverages_8,Snacks & Beverages,68,574,60,"BD Mall, Manjit Nagar (Near Thapar Uni)",Patiala,147004,61,1.53,30,38,In Stock
20/09/26 13:03,SKU_009,Product_Snacks & Beverages_9,Snacks & Beverages,189,799,172,"BD Mall, Manjit Nagar (Near Thapar Uni)",Patiala,147004,70,1.54,35,58,In Stock
20/09/26 13:03,SKU_010,Product_Dairy_10,Dairy/Fresh,209,1057,205,"BD Mall, Manjit Nagar (Near Thapar Uni)",Patiala,147004,81,0.59,16,71,In Stock
20/09/26 13:03,SKU_011,Product_Staples_11,Staples,70,1367,63,"BD Mall, Manjit Nagar (Near Thapar Uni)",Patiala,147004,70,1.31,35,50,In Stock
20/09/26 13:03,SKU_012,Product_Snacks & Beverages_12,Snacks & Beverages,150,746,130,"BD Mall, Manjit Nagar (Near Thapar Uni)",Patiala,147004,25,1.48,12,28,In Stock
20/09/26 13:03,SKU_013,Product_Dairy_13,Dairy/Fresh,186,1397,168,"BD Mall, Manjit Nagar (Near Thapar Uni)",Patiala,147004,59,0.63,11,20,In Stock
20/09/26 13:03,SKU_014,Product_Personal Care_14,Personal Care,33,341,33,"BD Mall, Manjit Nagar (Near Thapar Uni)",Patiala,147004,43,1.67,21,49,In Stock
20/09/26 13:03,SKU_015,Product_Dairy_15,Dairy/Fresh,72,997,64,"BD Mall, Manjit Nagar (Near Thapar Uni)",Patiala,147004,66,0.94,13,48,In Stock
20/09/26 13:03,SKU_016,Product_Snacks & Beverages_16,Snacks & Beverages,283,134,268,"BD Mall, Manjit Nagar (Near Thapar Uni)",Patiala,147004,57,1.13,28,51,In Stock
20/09/26 13:03,SKU_017,Product_Personal Care_17,Personal Care,69,1125,59,"BD Mall, Manjit Nagar (Near Thapar Uni)",Patiala,147004,27,1.2,13,26,In Stock
20/09/26 13:03,SKU_018,Product_Snacks & Beverages_18,Snacks & Beverages,73,1229,66,"BD Mall, Manjit Nagar (Near Thapar Uni)",Patiala,147004,20,1.77,10,23,In Stock
20/09/26 13:03,SKU_019,Product_Snacks & Beverages_19,Snacks & Beverages,210,501,188,"BD Mall, Manjit Nagar (Near Thapar Uni)",Patiala,147004,73,1.3,36,60,In Stock
20/09/26 13:03,SKU_020,Product_Staples_20,Staples,181,301,158,"BD Mall, Manjit Nagar (Near Thapar Uni)",Patiala,147004,68,1.02,34,79,In Stock
20/09/26 13:03,SKU_021,Product_Staples_21,Staples,289,915,269,"BD Mall, Manjit Nagar (Near Thapar Uni)",Patiala,147004,68,1.94,34,55,In Stock
20/09/26 13:03,SKU_022,Product_Dairy_22,Dairy/Fresh,234,1375,216,"BD Mall, Manjit Nagar (Near Thapar Uni)",Patiala,147004,127,0.84,25,76,In Stock
20/09/26 13:03,SKU_023,Product_Dairy_23,Dairy/Fresh,232,819,221,"BD Mall, Manjit Nagar (Near Thapar Uni)",Patiala,147004,138,0.92,27,76,In Stock
20/09/26 13:03,SKU_024,Product_Staples_24,Staples,72,891,64,"BD Mall, Manjit Nagar (Near Thapar Uni)",Patiala,147004,26,1.24,13,35,In Stock
20/09/26 13:03,SKU_025,Product_Dairy_25,Dairy/Fresh,271,287,240,"BD Mall, Manjit Nagar (Near Thapar Uni)",Patiala,147004,79,0.7,15,0,Out of Stock
20/09/26 13:03,SKU_026,Product_Snacks & Beverages_26,Snacks & Beverages,60,1280,53,"BD Mall, Manjit Nagar (Near Thapar Uni)",Patiala,147004,41,1.42,20,38,In Stock
20/09/26 13:03,SKU_027,Product_Staples_27,Staples,84,620,74,"BD Mall, Manjit Nagar (Near Thapar Uni)",Patiala,147004,76,1.92,38,56,In Stock
20/09/26 13:03,SKU_028,Product_Staples_28,Staples,155,1186,145,"BD Mall, Manjit Nagar (Near Thapar Uni)",Patiala,147004,74,1.88,37,88,In Stock
20/09/26 13:03,SKU_029,Product_Staples_29,Staples,100,491,91,"BD Mall, Manjit Nagar (Near Thapar Uni)",Patiala,147004,79,1.46,39,72,In Stock
20/09/26 13:03,SKU_030,Product_Staples_30,Staples,280,330,241,"BD Mall, Manjit Nagar (Near Thapar Uni)",Patiala,147004,54,1.41,27,58,In Stock
20/09/26 13:03,SKU_031,Product_Snacks & Beverages_31,Snacks & Beverages,47,234,42,"BD Mall, Manjit Nagar (Near Thapar Uni)",Patiala,147004,49,1.56,24,52,In Stock
20/09/26 13:03,SKU_032,Product_Staples_32,Staples,287,1029,255,"BD Mall, Manjit Nagar (Near Thapar Uni)",Patiala,147004,48,1.24,24,44,In Stock
20/09/26 13:03,SKU_033,Product_Dairy_33,Dairy/Fresh,81,904,77,"BD Mall, Manjit Nagar (Near Thapar Uni)",Patiala,147004,148,0.71,29,63,In Stock
20/09/26 13:03,SKU_034,Product_Staples_34,Staples,233,1060,223,"BD Mall, Manjit Nagar (Near Thapar Uni)",Patiala,147004,30,1.94,15,19,In Stock
20/09/26 13:03,SKU_035,Product_Dairy_35,Dairy/Fresh,150,1128,131,"BD Mall, Manjit Nagar (Near Thapar Uni)",Patiala,147004,143,0.93,28,103,In Stock
20/09/26 13:03,SKU_036,Product_Snacks & Beverages_36,Snacks & Beverages,274,497,274,"BD Mall, Manjit Nagar (Near Thapar Uni)",Patiala,147004,48,1.2,24,30,In Stock
20/09/26 13:03,SKU_037,Product_Snacks & Beverages_37,Snacks & Beverages,226,1138,201,"BD Mall, Manjit Nagar (Near Thapar Uni)",Patiala,147004,70,1.47,35,75,In Stock
20/09/26 13:03,SKU_038,Product_Dairy_38,Dairy/Fresh,198,963,197,"BD Mall, Manjit Nagar (Near Thapar Uni)",Patiala,147004,96,0.7,19,20,In Stock
20/09/26 13:03,SKU_039,Product_Snacks & Beverages_39,Snacks & Beverages,71,1120,65,"BD Mall, Manjit Nagar (Near Thapar Uni)",Patiala,147004,61,1.02,30,54,In Stock
20/09/26 13:03,SKU_040,Product_Snacks & Beverages_40,Snacks & Beverages,241,584,206,"BD Mall, Manjit Nagar (Near Thapar Uni)",Patiala,147004,53,1.15,26,35,In Stock
20/09/26 13:03,SKU_041,Product_Dairy_41,Dairy/Fresh,256,1294,231,"BD Mall, Manjit Nagar (Near Thapar Uni)",Patiala,147004,62,0.82,12,55,In Stock
20/09/26 13:03,SKU_042,Product_Dairy_42,Dairy/Fresh,32,1283,30,"BD Mall, Manjit Nagar (Near Thapar Uni)",Patiala,147004,70,0.94,14,83,In Stock
20/09/26 14:13,SKU_001,Product_Dairy_1,Dairy/Fresh,290,1230,273,"BD Mall, Manjit Nagar (Near Thapar Uni)",Patiala,147004,57,0.71,11,45,In Stock
20/09/26 14:13,SKU_002,Product_Staples_2,Staples,40,221,38,"BD Mall, Manjit Nagar (Near Thapar Uni)",Patiala,147004,67,1.42,33,42,In Stock
20/09/26 14:13,SKU_003,Product_Dairy_3,Dairy/Fresh,107,1496,105,"BD Mall, Manjit Nagar (Near Thapar Uni)",Patiala,147004,56,1,11,30,In Stock
20/09/26 14:13,SKU_004,Product_Snacks & Beverages_4,Snacks & Beverages,171,230,161,"BD Mall, Manjit Nagar (Near Thapar Uni)",Patiala,147004,74,1.89,37,73,In Stock
20/09/26 14:13,SKU_005,Product_Dairy_5,Dairy/Fresh,277,443,248,"BD Mall, Manjit Nagar (Near Thapar Uni)",Patiala,147004,145,0.62,29,100,In Stock
20/09/26 14:13,SKU_006,Product_Staples_6,Staples,211,1055,183,"BD Mall, Manjit Nagar (Near Thapar Uni)",Patiala,147004,36,1.13,18,48,In Stock
20/09/26 14:13,SKU_007,Product_Dairy_7,Dairy/Fresh,41,352,38,"BD Mall, Manjit Nagar (Near Thapar Uni)",Patiala,147004,135,0.98,27,153,In Stock
20/09/26 14:13,SKU_008,Product_Snacks & Beverages_8,Snacks & Beverages,68,574,60,"BD Mall, Manjit Nagar (Near Thapar Uni)",Patiala,147004,33,1.75,16,31,In Stock
20/09/26 14:13,SKU_009,Product_Snacks & Beverages_9,Snacks & Beverages,189,799,172,"BD Mall, Manjit Nagar (Near Thapar Uni)",Patiala,147004,42,1.11,21,48,In Stock
20/09/26 14:13,SKU_010,Product_Dairy_10,Dairy/Fresh,209,1057,205,"BD Mall, Manjit Nagar (Near Thapar Uni)",Patiala,147004,71,0.58,14,0,Out of Stock
20/09/26 14:13,SKU_011,Product_Staples_11,Staples,70,1367,63,"BD Mall, Manjit Nagar (Near Thapar Uni)",Patiala,147004,34,1.02,17,48,In Stock
20/09/26 14:13,SKU_012,Product_Snacks & Beverages_12,Snacks & Beverages,150,746,130,"BD Mall, Manjit Nagar (Near Thapar Uni)",Patiala,147004,65,1.03,32,59,In Stock
20/09/26 14:13,SKU_013,Product_Dairy_13,Dairy/Fresh,186,1397,168,"BD Mall, Manjit Nagar (Near Thapar Uni)",Patiala,147004,62,0.75,12,22,In Stock
20/09/26 14:13,SKU_014,Product_Personal Care_14,Personal Care,33,341,33,"BD Mall, Manjit Nagar (Near Thapar Uni)",Patiala,147004,41,1.3,20,42,In Stock
20/09/26 14:13,SKU_015,Product_Dairy_15,Dairy/Fresh,72,997,64,"BD Mall, Manjit Nagar (Near Thapar Uni)",Patiala,147004,51,0.51,10,39,In Stock
20/09/26 14:13,SKU_016,Product_Snacks & Beverages_16,Snacks & Beverages,283,134,268,"BD Mall, Manjit Nagar (Near Thapar Uni)",Patiala,147004,75,1.6,37,0,Out of Stock
20/09/26 14:13,SKU_017,Product_Personal Care_17,Personal Care,69,1125,59,"BD Mall, Manjit Nagar (Near Thapar Uni)",Patiala,147004,74,1.45,37,64,In Stock
20/09/26 14:13,SKU_018,Product_Snacks & Beverages_18,Snacks & Beverages,73,1229,66,"BD Mall, Manjit Nagar (Near Thapar Uni)",Patiala,147004,38,1.41,19,42,In Stock
20/09/26 14:13,SKU_019,Product_Snacks & Beverages_19,Snacks & Beverages,210,501,188,"BD Mall, Manjit Nagar (Near Thapar Uni)",Patiala,147004,76,1.5,38,65,In Stock
20/09/26 14:13,SKU_020,Product_Staples_20,Staples,181,301,158,"BD Mall, Manjit Nagar (Near Thapar Uni)",Patiala,147004,63,1.04,31,54,In Stock
20/09/26 14:13,SKU_021,Product_Staples_21,Staples,289,915,269,"BD Mall, Manjit Nagar (Near Thapar Uni)",Patiala,147004,53,1.89,26,40,In Stock
20/09/26 14:13,SKU_022,Product_Dairy_22,Dairy/Fresh,234,1375,216,"BD Mall, Manjit Nagar (Near Thapar Uni)",Patiala,147004,144,0.61,28,130,In Stock
20/09/26 14:13,SKU_023,Product_Dairy_23,Dairy/Fresh,232,819,221,"BD Mall, Manjit Nagar (Near Thapar Uni)",Patiala,147004,128,0.52,25,138,In Stock
20/09/26 14:13,SKU_024,Product_Staples_24,Staples,72,891,64,"BD Mall, Manjit Nagar (Near Thapar Uni)",Patiala,147004,20,1.12,10,10,In Stock
20/09/26 14:13,SKU_025,Product_Dairy_25,Dairy/Fresh,271,287,240,"BD Mall, Manjit Nagar (Near Thapar Uni)",Patiala,147004,137,0.64,27,73,In Stock
20/09/26 14:13,SKU_026,Product_Snacks & Beverages_26,Snacks & Beverages,60,1280,53,"BD Mall, Manjit Nagar (Near Thapar Uni)",Patiala,147004,40,1.66,20,53,In Stock
20/09/26 14:13,SKU_027,Product_Staples_27,Staples,84,620,74,"BD Mall, Manjit Nagar (Near Thapar Uni)",Patiala,147004,48,1.66,24,45,In Stock
20/09/26 14:13,SKU_028,Product_Staples_28,Staples,155,1186,145,"BD Mall, Manjit Nagar (Near Thapar Uni)",Patiala,147004,25,1.85,12,40,In Stock
20/09/26 14:13,SKU_029,Product_Staples_29,Staples,100,491,91,"BD Mall, Manjit Nagar (Near Thapar Uni)",Patiala,147004,56,1.75,28,61,In Stock
20/09/26 14:13,SKU_030,Product_Staples_30,Staples,280,330,241,"BD Mall, Manjit Nagar (Near Thapar Uni)",Patiala,147004,20,1.45,10,19,In Stock
20/09/26 14:13,SKU_031,Product_Snacks & Beverages_31,Snacks & Beverages,47,234,42,"BD Mall, Manjit Nagar (Near Thapar Uni)",Patiala,147004,70,1.61,35,0,Out of Stock
20/09/26 14:13,SKU_032,Product_Staples_32,Staples,287,1029,255,"BD Mall, Manjit Nagar (Near Thapar Uni)",Patiala,147004,20,1.69,10,24,In Stock
20/09/26 14:13,SKU_033,Product_Dairy_33,Dairy/Fresh,81,904,77,"BD Mall, Manjit Nagar (Near Thapar Uni)",Patiala,147004,105,0.64,21,94,In Stock
20/09/26 14:13,SKU_034,Product_Staples_34,Staples,233,1060,223,"BD Mall, Manjit Nagar (Near Thapar Uni)",Patiala,147004,40,1.48,20,49,In Stock
20/09/26 14:13,SKU_035,Product_Dairy_35,Dairy/Fresh,150,1128,131,"BD Mall, Manjit Nagar (Near Thapar Uni)",Patiala,147004,112,0.77,22,96,In Stock
20/09/26 14:13,SKU_036,Product_Snacks & Beverages_36,Snacks & Beverages,274,497,274,"BD Mall, Manjit Nagar (Near Thapar Uni)",Patiala,147004,35,1.56,17,50,In Stock
20/09/26 14:13,SKU_037,Product_Snacks & Beverages_37,Snacks & Beverages,226,1138,201,"BD Mall, Manjit Nagar (Near Thapar Uni)",Patiala,147004,63,1.64,31,51,In Stock
20/09/26 14:13,SKU_038,Product_Dairy_38,Dairy/Fresh,198,963,197,"BD Mall, Manjit Nagar (Near Thapar Uni)",Patiala,147004,78,0.55,15,27,In Stock
20/09/26 14:13,SKU_039,Product_Snacks & Beverages_39,Snacks & Beverages,71,1120,65,"BD Mall, Manjit Nagar (Near Thapar Uni)",Patiala,147004,73,1.72,36,89,In Stock
20/09/26 14:13,SKU_040,Product_Snacks & Beverages_40,Snacks & Beverages,241,584,206,"BD Mall, Manjit Nagar (Near Thapar Uni)",Patiala,147004,59,1.64,29,53,In Stock
20/09/26 14:13,SKU_041,Product_Dairy_41,Dairy/Fresh,256,1294,231,"BD Mall, Manjit Nagar (Near Thapar Uni)",Patiala,147004,74,0.6,14,34,In Stock
20/09/26 14:13,SKU_042,Product_Dairy_42,Dairy/Fresh,32,1283,30,"BD Mall, Manjit Nagar (Near Thapar Uni)",Patiala,147004,57,0.71,11,11,In Stock
20/09/26 15:47,SKU_001,Product_Dairy_1,Dairy/Fresh,290,1230,273,"BD Mall, Manjit Nagar (Near Thapar Uni)",Patiala,147004,107,0.61,21,78,In Stock
20/09/26 15:47,SKU_002,Product_Staples_2,Staples,40,221,38,"BD Mall, Manjit Nagar (Near Thapar Uni)",Patiala,147004,20,1.24,10,14,In Stock
20/09/26 15:47,SKU_003,Product_Dairy_3,Dairy/Fresh,107,1496,105,"BD Mall, Manjit Nagar (Near Thapar Uni)",Patiala,147004,121,0.69,24,140,In Stock
20/09/26 15:47,SKU_004,Product_Snacks & Beverages_4,Snacks & Beverages,171,230,161,"BD Mall, Manjit Nagar (Near Thapar Uni)",Patiala,147004,29,1.56,14,35,In Stock
20/09/26 15:47,SKU_005,Product_Dairy_5,Dairy/Fresh,277,443,248,"BD Mall, Manjit Nagar (Near Thapar Uni)",Patiala,147004,54,0.77,10,16,In Stock
20/09/26 15:47,SKU_006,Product_Staples_6,Staples,211,1055,183,"BD Mall, Manjit Nagar (Near Thapar Uni)",Patiala,147004,36,1.97,18,30,In Stock
20/09/26 15:47,SKU_007,Product_Dairy_7,Dairy/Fresh,41,352,38,"BD Mall, Manjit Nagar (Near Thapar Uni)",Patiala,147004,114,0.58,22,130,In Stock
20/09/26 15:47,SKU_008,Product_Snacks & Beverages_8,Snacks & Beverages,68,574,60,"BD Mall, Manjit Nagar (Near Thapar Uni)",Patiala,147004,78,1.39,39,90,In Stock
20/09/26 15:47,SKU_009,Product_Snacks & Beverages_9,Snacks & Beverages,189,799,172,"BD Mall, Manjit Nagar (Near Thapar Uni)",Patiala,147004,42,1.2,21,43,In Stock
20/09/26 15:47,SKU_010,Product_Dairy_10,Dairy/Fresh,209,1057,205,"BD Mall, Manjit Nagar (Near Thapar Uni)",Patiala,147004,145,0.71,29,34,In Stock
20/09/26 15:47,SKU_011,Product_Staples_11,Staples,70,1367,63,"BD Mall, Manjit Nagar (Near Thapar Uni)",Patiala,147004,63,1.77,31,50,In Stock
20/09/26 15:47,SKU_012,Product_Snacks & Beverages_12,Snacks & Beverages,150,746,130,"BD Mall, Manjit Nagar (Near Thapar Uni)",Patiala,147004,72,1.25,36,47,In Stock
20/09/26 15:47,SKU_013,Product_Dairy_13,Dairy/Fresh,186,1397,168,"BD Mall, Manjit Nagar (Near Thapar Uni)",Patiala,147004,138,0.78,27,35,In Stock
20/09/26 15:47,SKU_014,Product_Personal Care_14,Personal Care,33,341,33,"BD Mall, Manjit Nagar (Near Thapar Uni)",Patiala,147004,63,1.69,31,80,In Stock
20/09/26 15:47,SKU_015,Product_Dairy_15,Dairy/Fresh,72,997,64,"BD Mall, Manjit Nagar (Near Thapar Uni)",Patiala,147004,70,0.85,14,41,In Stock
20/09/26 15:47,SKU_016,Product_Snacks & Beverages_16,Snacks & Beverages,283,134,268,"BD Mall, Manjit Nagar (Near Thapar Uni)",Patiala,147004,53,1.88,26,36,In Stock
20/09/26 15:47,SKU_017,Product_Personal Care_17,Personal Care,69,1125,59,"BD Mall, Manjit Nagar (Near Thapar Uni)",Patiala,147004,65,1.44,32,83,In Stock
20/09/26 15:47,SKU_018,Product_Snacks & Beverages_18,Snacks & Beverages,73,1229,66,"BD Mall, Manjit Nagar (Near Thapar Uni)",Patiala,147004,64,1.28,32,63,In Stock
20/09/26 15:47,SKU_019,Product_Snacks & Beverages_19,Snacks & Beverages,210,501,188,"BD Mall, Manjit Nagar (Near Thapar Uni)",Patiala,147004,23,1.9,11,21,In Stock
20/09/26 15:47,SKU_020,Product_Staples_20,Staples,181,301,158,"BD Mall, Manjit Nagar (Near Thapar Uni)",Patiala,147004,33,1.86,16,39,In Stock
20/09/26 15:47,SKU_021,Product_Staples_21,Staples,289,915,269,"BD Mall, Manjit Nagar (Near Thapar Uni)",Patiala,147004,33,1.16,16,30,In Stock
20/09/26 15:47,SKU_022,Product_Dairy_22,Dairy/Fresh,234,1375,216,"BD Mall, Manjit Nagar (Near Thapar Uni)",Patiala,147004,58,0.61,11,45,In Stock
20/09/26 15:47,SKU_023,Product_Dairy_23,Dairy/Fresh,232,819,221,"BD Mall, Manjit Nagar (Near Thapar Uni)",Patiala,147004,85,0.53,17,97,In Stock
20/09/26 15:47,SKU_024,Product_Staples_24,Staples,72,891,64,"BD Mall, Manjit Nagar (Near Thapar Uni)",Patiala,147004,51,1.29,25,49,In Stock
20/09/26 15:47,SKU_025,Product_Dairy_25,Dairy/Fresh,271,287,240,"BD Mall, Manjit Nagar (Near Thapar Uni)",Patiala,147004,139,0.57,27,139,In Stock
20/09/26 15:47,SKU_026,Product_Snacks & Beverages_26,Snacks & Beverages,60,1280,53,"BD Mall, Manjit Nagar (Near Thapar Uni)",Patiala,147004,21,1.56,10,12,In Stock
20/09/26 15:47,SKU_027,Product_Staples_27,Staples,84,620,74,"BD Mall, Manjit Nagar (Near Thapar Uni)",Patiala,147004,29,1.37,14,32,In Stock
20/09/26 15:47,SKU_028,Product_Staples_28,Staples,155,1186,145,"BD Mall, Manjit Nagar (Near Thapar Uni)",Patiala,147004,69,1.89,34,74,In Stock
20/09/26 15:47,SKU_029,Product_Staples_29,Staples,100,491,91,"BD Mall, Manjit Nagar (Near Thapar Uni)",Patiala,147004,36,1.45,18,48,In Stock
20/09/26 15:47,SKU_030,Product_Staples_30,Staples,280,330,241,"BD Mall, Manjit Nagar (Near Thapar Uni)",Patiala,147004,56,1.32,28,44,In Stock
20/09/26 15:47,SKU_031,Product_Snacks & Beverages_31,Snacks & Beverages,47,234,42,"BD Mall, Manjit Nagar (Near Thapar Uni)",Patiala,147004,31,1.94,15,37,In Stock
20/09/26 15:47,SKU_032,Product_Staples_32,Staples,287,1029,255,"BD Mall, Manjit Nagar (Near Thapar Uni)",Patiala,147004,25,1.85,12,12,In Stock
20/09/26 15:47,SKU_033,Product_Dairy_33,Dairy/Fresh,81,904,77,"BD Mall, Manjit Nagar (Near Thapar Uni)",Patiala,147004,102,0.67,20,77,In Stock
20/09/26 15:47,SKU_034,Product_Staples_34,Staples,233,1060,223,"BD Mall, Manjit Nagar (Near Thapar Uni)",Patiala,147004,51,1.51,25,34,In Stock
20/09/26 15:47,SKU_035,Product_Dairy_35,Dairy/Fresh,150,1128,131,"BD Mall, Manjit Nagar (Near Thapar Uni)",Patiala,147004,124,0.66,24,31,In Stock
20/09/26 15:47,SKU_036,Product_Snacks & Beverages_36,Snacks & Beverages,274,497,274,"BD Mall, Manjit Nagar (Near Thapar Uni)",Patiala,147004,39,1.18,19,44,In Stock
20/09/26 15:47,SKU_037,Product_Snacks & Beverages_37,Snacks & Beverages,226,1138,201,"BD Mall, Manjit Nagar (Near Thapar Uni)",Patiala,147004,20,1.57,10,11,In Stock
20/09/26 15:47,SKU_038,Product_Dairy_38,Dairy/Fresh,198,963,197,"BD Mall, Manjit Nagar (Near Thapar Uni)",Patiala,147004,119,0.59,23,41,In Stock
20/09/26 15:47,SKU_039,Product_Snacks & Beverages_39,Snacks & Beverages,71,1120,65,"BD Mall, Manjit Nagar (Near Thapar Uni)",Patiala,147004,66,1.29,33,46,In Stock
20/09/26 15:47,SKU_040,Product_Snacks & Beverages_40,Snacks & Beverages,241,584,206,"BD Mall, Manjit Nagar (Near Thapar Uni)",Patiala,147004,72,1.79,36,43,In Stock
20/09/26 15:47,SKU_041,Product_Dairy_41,Dairy/Fresh,256,1294,231,"BD Mall, Manjit Nagar (Near Thapar Uni)",Patiala,147004,107,0.63,21,0,Out of Stock
20/09/26 15:47,SKU_042,Product_Dairy_42,Dairy/Fresh,32,1283,30,"BD Mall, Manjit Nagar (Near Thapar Uni)",Patiala,147004,53,0.51,10,57,In Stock
20/09/26 16:55,SKU_001,Product_Dairy_1,Dairy/Fresh,290,1230,273,"BD Mall, Manjit Nagar (Near Thapar Uni)",Patiala,147004,53,0.76,10,34,In Stock
20/09/26 16:55,SKU_002,Product_Staples_2,Staples,40,221,38,"BD Mall, Manjit Nagar (Near Thapar Uni)",Patiala,147004,37,1.17,18,41,In Stock
20/09/26 16:55,SKU_003,Product_Dairy_3,Dairy/Fresh,107,1496,105,"BD Mall, Manjit Nagar (Near Thapar Uni)",Patiala,147004,59,0.98,11,0,Out of Stock
20/09/26 16:55,SKU_004,Product_Snacks & Beverages_4,Snacks & Beverages,171,230,161,"BD Mall, Manjit Nagar (Near Thapar Uni)",Patiala,147004,64,1.09,32,51,In Stock
20/09/26 16:55,SKU_005,Product_Dairy_5,Dairy/Fresh,277,443,248,"BD Mall, Manjit Nagar (Near Thapar Uni)",Patiala,147004,148,0.74,29,148,In Stock
20/09/26 16:55,SKU_006,Product_Staples_6,Staples,211,1055,183,"BD Mall, Manjit Nagar (Near Thapar Uni)",Patiala,147004,42,1.29,21,50,In Stock
20/09/26 16:55,SKU_007,Product_Dairy_7,Dairy/Fresh,41,352,38,"BD Mall, Manjit Nagar (Near Thapar Uni)",Patiala,147004,86,0.96,17,85,In Stock
20/09/26 16:55,SKU_008,Product_Snacks & Beverages_8,Snacks & Beverages,68,574,60,"BD Mall, Manjit Nagar (Near Thapar Uni)",Patiala,147004,45,1.13,22,24,In Stock
20/09/26 16:55,SKU_009,Product_Snacks & Beverages_9,Snacks & Beverages,189,799,172,"BD Mall, Manjit Nagar (Near Thapar Uni)",Patiala,147004,32,1.95,16,47,In Stock
20/09/26 16:55,SKU_010,Product_Dairy_10,Dairy/Fresh,209,1057,205,"BD Mall, Manjit Nagar (Near Thapar Uni)",Patiala,147004,70,0.62,14,30,In Stock
20/09/26 16:55,SKU_011,Product_Staples_11,Staples,70,1367,63,"BD Mall, Manjit Nagar (Near Thapar Uni)",Patiala,147004,34,1.74,17,21,In Stock
20/09/26 16:55,SKU_012,Product_Snacks & Beverages_12,Snacks & Beverages,150,746,130,"BD Mall, Manjit Nagar (Near Thapar Uni)",Patiala,147004,63,1.5,31,41,In Stock
20/09/26 16:55,SKU_013,Product_Dairy_13,Dairy/Fresh,186,1397,168,"BD Mall, Manjit Nagar (Near Thapar Uni)",Patiala,147004,95,0.87,19,56,In Stock
20/09/26 16:55,SKU_014,Product_Personal Care_14,Personal Care,33,341,33,"BD Mall, Manjit Nagar (Near Thapar Uni)",Patiala,147004,45,1.11,22,25,In Stock
20/09/26 16:55,SKU_015,Product_Dairy_15,Dairy/Fresh,72,997,64,"BD Mall, Manjit Nagar (Near Thapar Uni)",Patiala,147004,109,0.53,21,123,In Stock
20/09/26 16:55,SKU_016,Product_Snacks & Beverages_16,Snacks & Beverages,283,134,268,"BD Mall, Manjit Nagar (Near Thapar Uni)",Patiala,147004,34,1.25,17,35,In Stock
20/09/26 16:55,SKU_017,Product_Personal Care_17,Personal Care,69,1125,59,"BD Mall, Manjit Nagar (Near Thapar Uni)",Patiala,147004,55,1.98,27,65,In Stock
20/09/26 16:55,SKU_018,Product_Snacks & Beverages_18,Snacks & Beverages,73,1229,66,"BD Mall, Manjit Nagar (Near Thapar Uni)",Patiala,147004,64,1.8,32,77,In Stock
20/09/26 16:55,SKU_019,Product_Snacks & Beverages_19,Snacks & Beverages,210,501,188,"BD Mall, Manjit Nagar (Near Thapar Uni)",Patiala,147004,74,1.41,37,85,In Stock
20/09/26 16:55,SKU_020,Product_Staples_20,Staples,181,301,158,"BD Mall, Manjit Nagar (Near Thapar Uni)",Patiala,147004,46,1.15,23,45,In Stock
20/09/26 16:55,SKU_021,Product_Staples_21,Staples,289,915,269,"BD Mall, Manjit Nagar (Near Thapar Uni)",Patiala,147004,76,1.79,38,54,In Stock
20/09/26 16:55,SKU_022,Product_Dairy_22,Dairy/Fresh,234,1375,216,"BD Mall, Manjit Nagar (Near Thapar Uni)",Patiala,147004,142,0.92,28,40,In Stock
20/09/26 16:55,SKU_023,Product_Dairy_23,Dairy/Fresh,232,819,221,"BD Mall, Manjit Nagar (Near Thapar Uni)",Patiala,147004,63,0.76,12,12,In Stock
20/09/26 16:55,SKU_024,Product_Staples_24,Staples,72,891,64,"BD Mall, Manjit Nagar (Near Thapar Uni)",Patiala,147004,74,1.21,37,38,In Stock
20/09/26 16:55,SKU_025,Product_Dairy_25,Dairy/Fresh,271,287,240,"BD Mall, Manjit Nagar (Near Thapar Uni)",Patiala,147004,137,0.94,27,135,In Stock
20/09/26 16:55,SKU_026,Product_Snacks & Beverages_26,Snacks & Beverages,60,1280,53,"BD Mall, Manjit Nagar (Near Thapar Uni)",Patiala,147004,52,1.79,26,0,Out of Stock
20/09/26 16:55,SKU_027,Product_Staples_27,Staples,84,620,74,"BD Mall, Manjit Nagar (Near Thapar Uni)",Patiala,147004,35,1.31,17,52,In Stock
20/09/26 16:55,SKU_028,Product_Staples_28,Staples,155,1186,145,"BD Mall, Manjit Nagar (Near Thapar Uni)",Patiala,147004,42,1.08,21,22,In Stock
20/09/26 16:55,SKU_029,Product_Staples_29,Staples,100,491,91,"BD Mall, Manjit Nagar (Near Thapar Uni)",Patiala,147004,57,1.46,28,31,In Stock
20/09/26 16:55,SKU_030,Product_Staples_30,Staples,280,330,241,"BD Mall, Manjit Nagar (Near Thapar Uni)",Patiala,147004,74,1.75,37,52,In Stock
20/09/26 16:55,SKU_031,Product_Snacks & Beverages_31,Snacks & Beverages,47,234,42,"BD Mall, Manjit Nagar (Near Thapar Uni)",Patiala,147004,35,1.22,17,0,Out of Stock
20/09/26 16:55,SKU_032,Product_Staples_32,Staples,287,1029,255,"BD Mall, Manjit Nagar (Near Thapar Uni)",Patiala,147004,33,1.22,16,24,In Stock
20/09/26 16:55,SKU_033,Product_Dairy_33,Dairy/Fresh,81,904,77,"BD Mall, Manjit Nagar (Near Thapar Uni)",Patiala,147004,131,0.7,26,138,In Stock
20/09/26 16:55,SKU_034,Product_Staples_34,Staples,233,1060,223,"BD Mall, Manjit Nagar (Near Thapar Uni)",Patiala,147004,45,1.95,22,42,In Stock
20/09/26 16:55,SKU_035,Product_Dairy_35,Dairy/Fresh,150,1128,131,"BD Mall, Manjit Nagar (Near Thapar Uni)",Patiala,147004,80,0.68,16,38,In Stock
20/09/26 16:55,SKU_036,Product_Snacks & Beverages_36,Snacks & Beverages,274,497,274,"BD Mall, Manjit Nagar (Near Thapar Uni)",Patiala,147004,34,1.81,17,18,In Stock
20/09/26 16:55,SKU_037,Product_Snacks & Beverages_37,Snacks & Beverages,226,1138,201,"BD Mall, Manjit Nagar (Near Thapar Uni)",Patiala,147004,22,1.19,11,13,In Stock
20/09/26 16:55,SKU_038,Product_Dairy_38,Dairy/Fresh,198,963,197,"BD Mall, Manjit Nagar (Near Thapar Uni)",Patiala,147004,68,0.87,13,38,In Stock
20/09/26 16:55,SKU_039,Product_Snacks & Beverages_39,Snacks & Beverages,71,1120,65,"BD Mall, Manjit Nagar (Near Thapar Uni)",Patiala,147004,48,1.34,24,30,In Stock
20/09/26 16:55,SKU_040,Product_Snacks & Beverages_40,Snacks & Beverages,241,584,206,"BD Mall, Manjit Nagar (Near Thapar Uni)",Patiala,147004,53,1.32,26,61,In Stock
20/09/26 16:55,SKU_041,Product_Dairy_41,Dairy/Fresh,256,1294,231,"BD Mall, Manjit Nagar (Near Thapar Uni)",Patiala,147004,132,0.69,26,69,In Stock
20/09/26 16:55,SKU_042,Product_Dairy_42,Dairy/Fresh,32,1283,30,"BD Mall, Manjit Nagar (Near Thapar Uni)",Patiala,147004,71,0.99,14,0,Out of Stock
20/09/26 17:06,SKU_001,Product_Dairy_1,Dairy/Fresh,290,1230,273,"BD Mall, Manjit Nagar (Near Thapar Uni)",Patiala,147004,73,0.7,14,77,In Stock
20/09/26 17:06,SKU_002,Product_Staples_2,Staples,40,221,38,"BD Mall, Manjit Nagar (Near Thapar Uni)",Patiala,147004,42,1.19,21,56,In Stock
20/09/26 17:06,SKU_003,Product_Dairy_3,Dairy/Fresh,107,1496,105,"BD Mall, Manjit Nagar (Near Thapar Uni)",Patiala,147004,79,0.54,15,18,In Stock
20/09/26 17:06,SKU_004,Product_Snacks & Beverages_4,Snacks & Beverages,171,230,161,"BD Mall, Manjit Nagar (Near Thapar Uni)",Patiala,147004,22,1.83,11,32,In Stock
20/09/26 17:06,SKU_005,Product_Dairy_5,Dairy/Fresh,277,443,248,"BD Mall, Manjit Nagar (Near Thapar Uni)",Patiala,147004,80,0.8,16,38,In Stock
20/09/26 17:06,SKU_006,Product_Staples_6,Staples,211,1055,183,"BD Mall, Manjit Nagar (Near Thapar Uni)",Patiala,147004,51,1.87,25,0,Out of Stock
20/09/26 17:06,SKU_007,Product_Dairy_7,Dairy/Fresh,41,352,38,"BD Mall, Manjit Nagar (Near Thapar Uni)",Patiala,147004,113,0.72,22,126,In Stock
20/09/26 17:06,SKU_008,Product_Snacks & Beverages_8,Snacks & Beverages,68,574,60,"BD Mall, Manjit Nagar (Near Thapar Uni)",Patiala,147004,37,1.08,18,43,In Stock
20/09/26 17:06,SKU_009,Product_Snacks & Beverages_9,Snacks & Beverages,189,799,172,"BD Mall, Manjit Nagar (Near Thapar Uni)",Patiala,147004,62,1.66,31,58,In Stock
20/09/26 17:06,SKU_010,Product_Dairy_10,Dairy/Fresh,209,1057,205,"BD Mall, Manjit Nagar (Near Thapar Uni)",Patiala,147004,94,0.75,18,109,In Stock
20/09/26 17:06,SKU_011,Product_Staples_11,Staples,70,1367,63,"BD Mall, Manjit Nagar (Near Thapar Uni)",Patiala,147004,60,1.09,30,50,In Stock
20/09/26 17:06,SKU_012,Product_Snacks & Beverages_12,Snacks & Beverages,150,746,130,"BD Mall, Manjit Nagar (Near Thapar Uni)",Patiala,147004,20,1.32,10,19,In Stock
20/09/26 17:06,SKU_013,Product_Dairy_13,Dairy/Fresh,186,1397,168,"BD Mall, Manjit Nagar (Near Thapar Uni)",Patiala,147004,104,0.56,20,46,In Stock
20/09/26 17:06,SKU_014,Product_Personal Care_14,Personal Care,33,341,33,"BD Mall, Manjit Nagar (Near Thapar Uni)",Patiala,147004,71,1.68,35,85,In Stock
20/09/26 17:06,SKU_015,Product_Dairy_15,Dairy/Fresh,72,997,64,"BD Mall, Manjit Nagar (Near Thapar Uni)",Patiala,147004,146,0.8,29,143,In Stock
20/09/26 17:06,SKU_016,Product_Snacks & Beverages_16,Snacks & Beverages,283,134,268,"BD Mall, Manjit Nagar (Near Thapar Uni)",Patiala,147004,25,1.21,12,26,In Stock
20/09/26 17:06,SKU_017,Product_Personal Care_17,Personal Care,69,1125,59,"BD Mall, Manjit Nagar (Near Thapar Uni)",Patiala,147004,58,1.08,29,45,In Stock
20/09/26 17:06,SKU_018,Product_Snacks & Beverages_18,Snacks & Beverages,73,1229,66,"BD Mall, Manjit Nagar (Near Thapar Uni)",Patiala,147004,29,1.28,14,48,In Stock
20/09/26 17:06,SKU_019,Product_Snacks & Beverages_19,Snacks & Beverages,210,501,188,"BD Mall, Manjit Nagar (Near Thapar Uni)",Patiala,147004,26,1.25,13,17,In Stock
20/09/26 17:06,SKU_020,Product_Staples_20,Staples,181,301,158,"BD Mall, Manjit Nagar (Near Thapar Uni)",Patiala,147004,45,1.23,22,37,In Stock
20/09/26 17:06,SKU_021,Product_Staples_21,Staples,289,915,269,"BD Mall, Manjit Nagar (Near Thapar Uni)",Patiala,147004,53,1.19,26,48,In Stock
20/09/26 17:06,SKU_022,Product_Dairy_22,Dairy/Fresh,234,1375,216,"BD Mall, Manjit Nagar (Near Thapar Uni)",Patiala,147004,94,0.66,18,26,In Stock
20/09/26 17:06,SKU_023,Product_Dairy_23,Dairy/Fresh,232,819,221,"BD Mall, Manjit Nagar (Near Thapar Uni)",Patiala,147004,82,0.6,16,48,In Stock
20/09/26 17:06,SKU_024,Product_Staples_24,Staples,72,891,64,"BD Mall, Manjit Nagar (Near Thapar Uni)",Patiala,147004,40,1.82,20,54,In Stock
20/09/26 17:06,SKU_025,Product_Dairy_25,Dairy/Fresh,271,287,240,"BD Mall, Manjit Nagar (Near Thapar Uni)",Patiala,147004,119,0.51,23,126,In Stock
20/09/26 17:06,SKU_026,Product_Snacks & Beverages_26,Snacks & Beverages,60,1280,53,"BD Mall, Manjit Nagar (Near Thapar Uni)",Patiala,147004,36,1.46,18,41,In Stock
20/09/26 17:06,SKU_027,Product_Staples_27,Staples,84,620,74,"BD Mall, Manjit Nagar (Near Thapar Uni)",Patiala,147004,52,1.01,26,49,In Stock
20/09/26 17:06,SKU_028,Product_Staples_28,Staples,155,1186,145,"BD Mall, Manjit Nagar (Near Thapar Uni)",Patiala,147004,29,1.48,14,37,In Stock
20/09/26 17:06,SKU_029,Product_Staples_29,Staples,100,491,91,"BD Mall, Manjit Nagar (Near Thapar Uni)",Patiala,147004,70,1.06,35,53,In Stock
20/09/26 17:06,SKU_030,Product_Staples_30,Staples,280,330,241,"BD Mall, Manjit Nagar (Near Thapar Uni)",Patiala,147004,66,1.98,33,71,In Stock
20/09/26 17:06,SKU_031,Product_Snacks & Beverages_31,Snacks & Beverages,47,234,42,"BD Mall, Manjit Nagar (Near Thapar Uni)",Patiala,147004,61,1.79,30,54,In Stock
20/09/26 17:06,SKU_032,Product_Staples_32,Staples,287,1029,255,"BD Mall, Manjit Nagar (Near Thapar Uni)",Patiala,147004,70,1.49,35,86,In Stock
20/09/26 17:06,SKU_033,Product_Dairy_33,Dairy/Fresh,81,904,77,"BD Mall, Manjit Nagar (Near Thapar Uni)",Patiala,147004,127,0.7,25,0,Out of Stock
20/09/26 17:06,SKU_034,Product_Staples_34,Staples,233,1060,223,"BD Mall, Manjit Nagar (Near Thapar Uni)",Patiala,147004,75,1.59,37,74,In Stock
20/09/26 17:06,SKU_035,Product_Dairy_35,Dairy/Fresh,150,1128,131,"BD Mall, Manjit Nagar (Near Thapar Uni)",Patiala,147004,58,0.63,11,0,Out of Stock
20/09/26 17:06,SKU_036,Product_Snacks & Beverages_36,Snacks & Beverages,274,497,274,"BD Mall, Manjit Nagar (Near Thapar Uni)",Patiala,147004,60,1.19,30,56,In Stock
20/09/26 17:06,SKU_037,Product_Snacks & Beverages_37,Snacks & Beverages,226,1138,201,"BD Mall, Manjit Nagar (Near Thapar Uni)",Patiala,147004,51,1.57,25,56,In Stock
20/09/26 17:06,SKU_038,Product_Dairy_38,Dairy/Fresh,198,963,197,"BD Mall, Manjit Nagar (Near Thapar Uni)",Patiala,147004,118,0.71,23,33,In Stock
20/09/26 17:06,SKU_039,Product_Snacks & Beverages_39,Snacks & Beverages,71,1120,65,"BD Mall, Manjit Nagar (Near Thapar Uni)",Patiala,147004,46,1.77,23,0,Out of Stock
20/09/26 17:06,SKU_040,Product_Snacks & Beverages_40,Snacks & Beverages,241,584,206,"BD Mall, Manjit Nagar (Near Thapar Uni)",Patiala,147004,47,1.8,23,66,In Stock
20/09/26 17:06,SKU_041,Product_Dairy_41,Dairy/Fresh,256,1294,231,"BD Mall, Manjit Nagar (Near Thapar Uni)",Patiala,147004,99,0.99,19,51,In Stock
20/09/26 17:06,SKU_042,Product_Dairy_42,Dairy/Fresh,32,1283,30,"BD Mall, Manjit Nagar (Near Thapar Uni)",Patiala,147004,52,0.62,10,28,In Stock
20/09/26 18:16,SKU_001,Product_Dairy_1,Dairy/Fresh,290,1230,273,"BD Mall, Manjit Nagar (Near Thapar Uni)",Patiala,147004,126,0.89,25,131,In Stock
20/09/26 18:16,SKU_002,Product_Staples_2,Staples,40,221,38,"BD Mall, Manjit Nagar (Near Thapar Uni)",Patiala,147004,69,1.57,34,80,In Stock
20/09/26 18:16,SKU_003,Product_Dairy_3,Dairy/Fresh,107,1496,105,"BD Mall, Manjit Nagar (Near Thapar Uni)",Patiala,147004,119,0.57,23,38,In Stock
20/09/26 18:16,SKU_004,Product_Snacks & Beverages_4,Snacks & Beverages,171,230,161,"BD Mall, Manjit Nagar (Near Thapar Uni)",Patiala,147004,21,1.7,10,0,Out of Stock
20/09/26 18:16,SKU_005,Product_Dairy_5,Dairy/Fresh,277,443,248,"BD Mall, Manjit Nagar (Near Thapar Uni)",Patiala,147004,100,0.65,20,0,Out of Stock
20/09/26 18:16,SKU_006,Product_Staples_6,Staples,211,1055,183,"BD Mall, Manjit Nagar (Near Thapar Uni)",Patiala,147004,69,1.01,34,44,In Stock
20/09/26 18:16,SKU_007,Product_Dairy_7,Dairy/Fresh,41,352,38,"BD Mall, Manjit Nagar (Near Thapar Uni)",Patiala,147004,91,0.78,18,91,In Stock
20/09/26 18:16,SKU_008,Product_Snacks & Beverages_8,Snacks & Beverages,68,574,60,"BD Mall, Manjit Nagar (Near Thapar Uni)",Patiala,147004,32,1.28,16,49,In Stock
20/09/26 18:16,SKU_009,Product_Snacks & Beverages_9,Snacks & Beverages,189,799,172,"BD Mall, Manjit Nagar (Near Thapar Uni)",Patiala,147004,34,1.26,17,21,In Stock
20/09/26 18:16,SKU_010,Product_Dairy_10,Dairy/Fresh,209,1057,205,"BD Mall, Manjit Nagar (Near Thapar Uni)",Patiala,147004,75,0.87,15,69,In Stock
20/09/26 18:16,SKU_011,Product_Staples_11,Staples,70,1367,63,"BD Mall, Manjit Nagar (Near Thapar Uni)",Patiala,147004,42,1.71,21,0,Out of Stock
20/09/26 18:16,SKU_012,Product_Snacks & Beverages_12,Snacks & Beverages,150,746,130,"BD Mall, Manjit Nagar (Near Thapar Uni)",Patiala,147004,79,1.08,39,67,In Stock
20/09/26 18:16,SKU_013,Product_Dairy_13,Dairy/Fresh,186,1397,168,"BD Mall, Manjit Nagar (Near Thapar Uni)",Patiala,147004,113,0.95,22,125,In Stock
20/09/26 18:16,SKU_014,Product_Personal Care_14,Personal Care,33,341,33,"BD Mall, Manjit Nagar (Near Thapar Uni)",Patiala,147004,45,1.69,22,34,In Stock
20/09/26 18:16,SKU_015,Product_Dairy_15,Dairy/Fresh,72,997,64,"BD Mall, Manjit Nagar (Near Thapar Uni)",Patiala,147004,133,0.57,26,136,In Stock
20/09/26 18:16,SKU_016,Product_Snacks & Beverages_16,Snacks & Beverages,283,134,268,"BD Mall, Manjit Nagar (Near Thapar Uni)",Patiala,147004,30,1.25,15,46,In Stock
20/09/26 18:16,SKU_017,Product_Personal Care_17,Personal Care,69,1125,59,"BD Mall, Manjit Nagar (Near Thapar Uni)",Patiala,147004,29,1.63,14,47,In Stock
20/09/26 18:16,SKU_018,Product_Snacks & Beverages_18,Snacks & Beverages,73,1229,66,"BD Mall, Manjit Nagar (Near Thapar Uni)",Patiala,147004,44,1.76,22,0,Out of Stock
20/09/26 18:16,SKU_019,Product_Snacks & Beverages_19,Snacks & Beverages,210,501,188,"BD Mall, Manjit Nagar (Near Thapar Uni)",Patiala,147004,56,1.88,28,51,In Stock
20/09/26 18:16,SKU_020,Product_Staples_20,Staples,181,301,158,"BD Mall, Manjit Nagar (Near Thapar Uni)",Patiala,147004,67,1.85,33,72,In Stock
20/09/26 18:16,SKU_021,Product_Staples_21,Staples,289,915,269,"BD Mall, Manjit Nagar (Near Thapar Uni)",Patiala,147004,62,1.96,31,51,In Stock
20/09/26 18:16,SKU_022,Product_Dairy_22,Dairy/Fresh,234,1375,216,"BD Mall, Manjit Nagar (Near Thapar Uni)",Patiala,147004,119,0.74,23,51,In Stock
20/09/26 18:16,SKU_023,Product_Dairy_23,Dairy/Fresh,232,819,221,"BD Mall, Manjit Nagar (Near Thapar Uni)",Patiala,147004,139,0.88,27,147,In Stock
20/09/26 18:16,SKU_024,Product_Staples_24,Staples,72,891,64,"BD Mall, Manjit Nagar (Near Thapar Uni)",Patiala,147004,60,1.81,30,52,In Stock
20/09/26 18:16,SKU_025,Product_Dairy_25,Dairy/Fresh,271,287,240,"BD Mall, Manjit Nagar (Near Thapar Uni)",Patiala,147004,88,0.74,17,49,In Stock
20/09/26 18:16,SKU_026,Product_Snacks & Beverages_26,Snacks & Beverages,60,1280,53,"BD Mall, Manjit Nagar (Near Thapar Uni)",Patiala,147004,43,1.01,21,28,In Stock
20/09/26 18:16,SKU_027,Product_Staples_27,Staples,84,620,74,"BD Mall, Manjit Nagar (Near Thapar Uni)",Patiala,147004,59,1.97,29,70,In Stock
20/09/26 18:16,SKU_028,Product_Staples_28,Staples,155,1186,145,"BD Mall, Manjit Nagar (Near Thapar Uni)",Patiala,147004,65,1.47,32,44,In Stock
20/09/26 18:16,SKU_029,Product_Staples_29,Staples,100,491,91,"BD Mall, Manjit Nagar (Near Thapar Uni)",Patiala,147004,75,1.8,37,41,In Stock
20/09/26 18:16,SKU_030,Product_Staples_30,Staples,280,330,241,"BD Mall, Manjit Nagar (Near Thapar Uni)",Patiala,147004,52,1.13,26,66,In Stock
20/09/26 18:16,SKU_031,Product_Snacks & Beverages_31,Snacks & Beverages,47,234,42,"BD Mall, Manjit Nagar (Near Thapar Uni)",Patiala,147004,36,1.4,18,27,In Stock
20/09/26 18:16,SKU_032,Product_Staples_32,Staples,287,1029,255,"BD Mall, Manjit Nagar (Near Thapar Uni)",Patiala,147004,43,1.27,21,0,Out of Stock
20/09/26 18:16,SKU_033,Product_Dairy_33,Dairy/Fresh,81,904,77,"BD Mall, Manjit Nagar (Near Thapar Uni)",Patiala,147004,103,0.6,20,107,In Stock
20/09/26 18:16,SKU_034,Product_Staples_34,Staples,233,1060,223,"BD Mall, Manjit Nagar (Near Thapar Uni)",Patiala,147004,76,1.12,38,48,In Stock
20/09/26 18:16,SKU_035,Product_Dairy_35,Dairy/Fresh,150,1128,131,"BD Mall, Manjit Nagar (Near Thapar Uni)",Patiala,147004,109,0.92,21,0,Out of Stock
20/09/26 18:16,SKU_036,Product_Snacks & Beverages_36,Snacks & Beverages,274,497,274,"BD Mall, Manjit Nagar (Near Thapar Uni)",Patiala,147004,51,1.01,25,0,Out of Stock
20/09/26 18:16,SKU_037,Product_Snacks & Beverages_37,Snacks & Beverages,226,1138,201,"BD Mall, Manjit Nagar (Near Thapar Uni)",Patiala,147004,76,1.31,38,0,Out of Stock
20/09/26 18:16,SKU_038,Product_Dairy_38,Dairy/Fresh,198,963,197,"BD Mall, Manjit Nagar (Near Thapar Uni)",Patiala,147004,80,0.85,16,68,In Stock
20/09/26 18:16,SKU_039,Product_Snacks & Beverages_39,Snacks & Beverages,71,1120,65,"BD Mall, Manjit Nagar (Near Thapar Uni)",Patiala,147004,43,1.59,21,50,In Stock
20/09/26 18:16,SKU_040,Product_Snacks & Beverages_40,Snacks & Beverages,241,584,206,"BD Mall, Manjit Nagar (Near Thapar Uni)",Patiala,147004,28,1.25,14,0,Out of Stock
20/09/26 18:16,SKU_041,Product_Dairy_41,Dairy/Fresh,256,1294,231,"BD Mall, Manjit Nagar (Near Thapar Uni)",Patiala,147004,138,0.79,27,37,In Stock
20/09/26 18:16,SKU_042,Product_Dairy_42,Dairy/Fresh,32,1283,30,"BD Mall, Manjit Nagar (Near Thapar Uni)",Patiala,147004,85,0.67,17,0,Out of Stock
20/09/26 19:47,SKU_001,Product_Dairy_1,Dairy/Fresh,290,1230,273,"BD Mall, Manjit Nagar (Near Thapar Uni)",Patiala,147004,134,0.54,26,84,In Stock
20/09/26 19:47,SKU_002,Product_Staples_2,Staples,40,221,38,"BD Mall, Manjit Nagar (Near Thapar Uni)",Patiala,147004,72,1.12,36,59,In Stock
20/09/26 19:47,SKU_003,Product_Dairy_3,Dairy/Fresh,107,1496,105,"BD Mall, Manjit Nagar (Near Thapar Uni)",Patiala,147004,73,0.56,14,79,In Stock
20/09/26 19:47,SKU_004,Product_Snacks & Beverages_4,Snacks & Beverages,171,230,161,"BD Mall, Manjit Nagar (Near Thapar Uni)",Patiala,147004,67,1.25,33,59,In Stock
20/09/26 19:47,SKU_005,Product_Dairy_5,Dairy/Fresh,277,443,248,"BD Mall, Manjit Nagar (Near Thapar Uni)",Patiala,147004,135,0.94,27,0,Out of Stock
20/09/26 19:47,SKU_006,Product_Staples_6,Staples,211,1055,183,"BD Mall, Manjit Nagar (Near Thapar Uni)",Patiala,147004,59,1.4,29,57,In Stock
20/09/26 19:47,SKU_007,Product_Dairy_7,Dairy/Fresh,41,352,38,"BD Mall, Manjit Nagar (Near Thapar Uni)",Patiala,147004,56,0.83,11,0,Out of Stock
20/09/26 19:47,SKU_008,Product_Snacks & Beverages_8,Snacks & Beverages,68,574,60,"BD Mall, Manjit Nagar (Near Thapar Uni)",Patiala,147004,30,1.24,15,33,In Stock
20/09/26 19:47,SKU_009,Product_Snacks & Beverages_9,Snacks & Beverages,189,799,172,"BD Mall, Manjit Nagar (Near Thapar Uni)",Patiala,147004,40,1.49,20,47,In Stock
20/09/26 19:47,SKU_010,Product_Dairy_10,Dairy/Fresh,209,1057,205,"BD Mall, Manjit Nagar (Near Thapar Uni)",Patiala,147004,141,0.63,28,117,In Stock
20/09/26 19:47,SKU_011,Product_Staples_11,Staples,70,1367,63,"BD Mall, Manjit Nagar (Near Thapar Uni)",Patiala,147004,37,1.03,18,39,In Stock
20/09/26 19:47,SKU_012,Product_Snacks & Beverages_12,Snacks & Beverages,150,746,130,"BD Mall, Manjit Nagar (Near Thapar Uni)",Patiala,147004,74,1.47,37,0,Out of Stock
20/09/26 19:47,SKU_013,Product_Dairy_13,Dairy/Fresh,186,1397,168,"BD Mall, Manjit Nagar (Near Thapar Uni)",Patiala,147004,129,0.86,25,35,In Stock
20/09/26 19:47,SKU_014,Product_Personal Care_14,Personal Care,33,341,33,"BD Mall, Manjit Nagar (Near Thapar Uni)",Patiala,147004,43,1.14,21,34,In Stock
20/09/26 19:47,SKU_015,Product_Dairy_15,Dairy/Fresh,72,997,64,"BD Mall, Manjit Nagar (Near Thapar Uni)",Patiala,147004,103,0.97,20,0,Out of Stock
20/09/26 19:47,SKU_016,Product_Snacks & Beverages_16,Snacks & Beverages,283,134,268,"BD Mall, Manjit Nagar (Near Thapar Uni)",Patiala,147004,64,1.99,32,67,In Stock
20/09/26 19:47,SKU_017,Product_Personal Care_17,Personal Care,69,1125,59,"BD Mall, Manjit Nagar (Near Thapar Uni)",Patiala,147004,36,1.4,18,19,In Stock
20/09/26 19:47,SKU_018,Product_Snacks & Beverages_18,Snacks & Beverages,73,1229,66,"BD Mall, Manjit Nagar (Near Thapar Uni)",Patiala,147004,37,1.62,18,37,In Stock
20/09/26 19:47,SKU_019,Product_Snacks & Beverages_19,Snacks & Beverages,210,501,188,"BD Mall, Manjit Nagar (Near Thapar Uni)",Patiala,147004,61,1.96,30,0,Out of Stock
20/09/26 19:47,SKU_020,Product_Staples_20,Staples,181,301,158,"BD Mall, Manjit Nagar (Near Thapar Uni)",Patiala,147004,67,1.83,33,71,In Stock
20/09/26 19:47,SKU_021,Product_Staples_21,Staples,289,915,269,"BD Mall, Manjit Nagar (Near Thapar Uni)",Patiala,147004,39,1.46,19,22,In Stock
20/09/26 19:47,SKU_022,Product_Dairy_22,Dairy/Fresh,234,1375,216,"BD Mall, Manjit Nagar (Near Thapar Uni)",Patiala,147004,94,0.93,18,0,Out of Stock
20/09/26 19:47,SKU_023,Product_Dairy_23,Dairy/Fresh,232,819,221,"BD Mall, Manjit Nagar (Near Thapar Uni)",Patiala,147004,149,0.62,29,138,In Stock
20/09/26 19:47,SKU_024,Product_Staples_24,Staples,72,891,64,"BD Mall, Manjit Nagar (Near Thapar Uni)",Patiala,147004,37,1.51,18,41,In Stock
20/09/26 19:47,SKU_025,Product_Dairy_25,Dairy/Fresh,271,287,240,"BD Mall, Manjit Nagar (Near Thapar Uni)",Patiala,147004,133,0.51,26,90,In Stock
20/09/26 19:47,SKU_026,Product_Snacks & Beverages_26,Snacks & Beverages,60,1280,53,"BD Mall, Manjit Nagar (Near Thapar Uni)",Patiala,147004,28,1.16,14,37,In Stock
20/09/26 19:47,SKU_027,Product_Staples_27,Staples,84,620,74,"BD Mall, Manjit Nagar (Near Thapar Uni)",Patiala,147004,33,1.43,16,45,In Stock
20/09/26 19:47,SKU_028,Product_Staples_28,Staples,155,1186,145,"BD Mall, Manjit Nagar (Near Thapar Uni)",Patiala,147004,68,1.13,34,0,Out of Stock
20/09/26 19:47,SKU_029,Product_Staples_29,Staples,100,491,91,"BD Mall, Manjit Nagar (Near Thapar Uni)",Patiala,147004,48,1.7,24,42,In Stock
20/09/26 19:47,SKU_030,Product_Staples_30,Staples,280,330,241,"BD Mall, Manjit Nagar (Near Thapar Uni)",Patiala,147004,50,1.46,25,61,In Stock
20/09/26 19:47,SKU_031,Product_Snacks & Beverages_31,Snacks & Beverages,47,234,42,"BD Mall, Manjit Nagar (Near Thapar Uni)",Patiala,147004,23,1.53,11,0,Out of Stock
20/09/26 19:47,SKU_032,Product_Staples_32,Staples,287,1029,255,"BD Mall, Manjit Nagar (Near Thapar Uni)",Patiala,147004,37,1.15,18,21,In Stock
20/09/26 19:47,SKU_033,Product_Dairy_33,Dairy/Fresh,81,904,77,"BD Mall, Manjit Nagar (Near Thapar Uni)",Patiala,147004,56,0.51,11,54,In Stock
20/09/26 19:47,SKU_034,Product_Staples_34,Staples,233,1060,223,"BD Mall, Manjit Nagar (Near Thapar Uni)",Patiala,147004,39,1.58,19,38,In Stock
20/09/26 19:47,SKU_035,Product_Dairy_35,Dairy/Fresh,150,1128,131,"BD Mall, Manjit Nagar (Near Thapar Uni)",Patiala,147004,64,0.74,12,72,In Stock
20/09/26 19:47,SKU_036,Product_Snacks & Beverages_36,Snacks & Beverages,274,497,274,"BD Mall, Manjit Nagar (Near Thapar Uni)",Patiala,147004,75,1.1,37,57,In Stock
20/09/26 19:47,SKU_037,Product_Snacks & Beverages_37,Snacks & Beverages,226,1138,201,"BD Mall, Manjit Nagar (Near Thapar Uni)",Patiala,147004,66,1.29,33,0,Out of Stock
20/09/26 19:47,SKU_038,Product_Dairy_38,Dairy/Fresh,198,963,197,"BD Mall, Manjit Nagar (Near Thapar Uni)",Patiala,147004,124,0.53,24,53,In Stock
20/09/26 19:47,SKU_039,Product_Snacks & Beverages_39,Snacks & Beverages,71,1120,65,"BD Mall, Manjit Nagar (Near Thapar Uni)",Patiala,147004,63,1.07,31,54,In Stock
20/09/26 19:47,SKU_040,Product_Snacks & Beverages_40,Snacks & Beverages,241,584,206,"BD Mall, Manjit Nagar (Near Thapar Uni)",Patiala,147004,28,1.88,14,16,In Stock
20/09/26 19:47,SKU_041,Product_Dairy_41,Dairy/Fresh,256,1294,231,"BD Mall, Manjit Nagar (Near Thapar Uni)",Patiala,147004,64,0.75,12,19,In Stock
20/09/26 19:47,SKU_042,Product_Dairy_42,Dairy/Fresh,32,1283,30,"BD Mall, Manjit Nagar (Near Thapar Uni)",Patiala,147004,97,0.91,19,47,In Stock
20/09/26 20:58,SKU_001,Product_Dairy_1,Dairy/Fresh,290,1230,273,"BD Mall, Manjit Nagar (Near Thapar Uni)",Patiala,147004,120,0.93,24,33,In Stock
20/09/26 20:58,SKU_002,Product_Staples_2,Staples,40,221,38,"BD Mall, Manjit Nagar (Near Thapar Uni)",Patiala,147004,34,1.3,17,0,Out of Stock
20/09/26 20:58,SKU_003,Product_Dairy_3,Dairy/Fresh,107,1496,105,"BD Mall, Manjit Nagar (Near Thapar Uni)",Patiala,147004,91,0.51,18,0,Out of Stock
20/09/26 20:58,SKU_004,Product_Snacks & Beverages_4,Snacks & Beverages,171,230,161,"BD Mall, Manjit Nagar (Near Thapar Uni)",Patiala,147004,56,1.88,28,0,Out of Stock
20/09/26 20:58,SKU_005,Product_Dairy_5,Dairy/Fresh,277,443,248,"BD Mall, Manjit Nagar (Near Thapar Uni)",Patiala,147004,63,0.71,12,60,In Stock
20/09/26 20:58,SKU_006,Product_Staples_6,Staples,211,1055,183,"BD Mall, Manjit Nagar (Near Thapar Uni)",Patiala,147004,38,1.67,19,0,Out of Stock
20/09/26 20:58,SKU_007,Product_Dairy_7,Dairy/Fresh,41,352,38,"BD Mall, Manjit Nagar (Near Thapar Uni)",Patiala,147004,86,0.82,17,66,In Stock
20/09/26 20:58,SKU_008,Product_Snacks & Beverages_8,Snacks & Beverages,68,574,60,"BD Mall, Manjit Nagar (Near Thapar Uni)",Patiala,147004,71,1.26,35,0,Out of Stock
20/09/26 20:58,SKU_009,Product_Snacks & Beverages_9,Snacks & Beverages,189,799,172,"BD Mall, Manjit Nagar (Near Thapar Uni)",Patiala,147004,45,1.62,22,33,In Stock
20/09/26 20:58,SKU_010,Product_Dairy_10,Dairy/Fresh,209,1057,205,"BD Mall, Manjit Nagar (Near Thapar Uni)",Patiala,147004,131,0.57,26,110,In Stock
20/09/26 20:58,SKU_011,Product_Staples_11,Staples,70,1367,63,"BD Mall, Manjit Nagar (Near Thapar Uni)",Patiala,147004,45,1.78,22,37,In Stock
20/09/26 20:58,SKU_012,Product_Snacks & Beverages_12,Snacks & Beverages,150,746,130,"BD Mall, Manjit Nagar (Near Thapar Uni)",Patiala,147004,45,1.31,22,35,In Stock
20/09/26 20:58,SKU_013,Product_Dairy_13,Dairy/Fresh,186,1397,168,"BD Mall, Manjit Nagar (Near Thapar Uni)",Patiala,147004,136,0.96,27,0,Out of Stock
20/09/26 20:58,SKU_014,Product_Personal Care_14,Personal Care,33,341,33,"BD Mall, Manjit Nagar (Near Thapar Uni)",Patiala,147004,47,1.88,23,49,In Stock
20/09/26 20:58,SKU_015,Product_Dairy_15,Dairy/Fresh,72,997,64,"BD Mall, Manjit Nagar (Near Thapar Uni)",Patiala,147004,86,0.55,17,0,Out of Stock
20/09/26 20:58,SKU_016,Product_Snacks & Beverages_16,Snacks & Beverages,283,134,268,"BD Mall, Manjit Nagar (Near Thapar Uni)",Patiala,147004,37,1.07,18,18,In Stock
20/09/26 20:58,SKU_017,Product_Personal Care_17,Personal Care,69,1125,59,"BD Mall, Manjit Nagar (Near Thapar Uni)",Patiala,147004,51,1.52,25,0,Out of Stock
20/09/26 20:58,SKU_018,Product_Snacks & Beverages_18,Snacks & Beverages,73,1229,66,"BD Mall, Manjit Nagar (Near Thapar Uni)",Patiala,147004,72,1.35,36,50,In Stock
20/09/26 20:58,SKU_019,Product_Snacks & Beverages_19,Snacks & Beverages,210,501,188,"BD Mall, Manjit Nagar (Near Thapar Uni)",Patiala,147004,22,1.67,11,30,In Stock
20/09/26 20:58,SKU_020,Product_Staples_20,Staples,181,301,158,"BD Mall, Manjit Nagar (Near Thapar Uni)",Patiala,147004,21,1.95,10,29,In Stock
20/09/26 20:58,SKU_021,Product_Staples_21,Staples,289,915,269,"BD Mall, Manjit Nagar (Near Thapar Uni)",Patiala,147004,52,1.49,26,28,In Stock
20/09/26 20:58,SKU_022,Product_Dairy_22,Dairy/Fresh,234,1375,216,"BD Mall, Manjit Nagar (Near Thapar Uni)",Patiala,147004,110,0.66,22,35,In Stock
20/09/26 20:58,SKU_023,Product_Dairy_23,Dairy/Fresh,232,819,221,"BD Mall, Manjit Nagar (Near Thapar Uni)",Patiala,147004,90,0.91,18,90,In Stock
20/09/26 20:58,SKU_024,Product_Staples_24,Staples,72,891,64,"BD Mall, Manjit Nagar (Near Thapar Uni)",Patiala,147004,36,1.1,18,36,In Stock
20/09/26 20:58,SKU_025,Product_Dairy_25,Dairy/Fresh,271,287,240,"BD Mall, Manjit Nagar (Near Thapar Uni)",Patiala,147004,99,0.86,19,0,Out of Stock
20/09/26 20:58,SKU_026,Product_Snacks & Beverages_26,Snacks & Beverages,60,1280,53,"BD Mall, Manjit Nagar (Near Thapar Uni)",Patiala,147004,52,1.92,26,59,In Stock
20/09/26 20:58,SKU_027,Product_Staples_27,Staples,84,620,74,"BD Mall, Manjit Nagar (Near Thapar Uni)",Patiala,147004,31,1.67,15,18,In Stock
20/09/26 20:58,SKU_028,Product_Staples_28,Staples,155,1186,145,"BD Mall, Manjit Nagar (Near Thapar Uni)",Patiala,147004,68,1.01,34,0,Out of Stock
20/09/26 20:58,SKU_029,Product_Staples_29,Staples,100,491,91,"BD Mall, Manjit Nagar (Near Thapar Uni)",Patiala,147004,75,1.2,37,79,In Stock
20/09/26 20:58,SKU_030,Product_Staples_30,Staples,280,330,241,"BD Mall, Manjit Nagar (Near Thapar Uni)",Patiala,147004,22,1.68,11,15,In Stock
20/09/26 20:58,SKU_031,Product_Snacks & Beverages_31,Snacks & Beverages,47,234,42,"BD Mall, Manjit Nagar (Near Thapar Uni)",Patiala,147004,62,1.76,31,32,In Stock
20/09/26 20:58,SKU_032,Product_Staples_32,Staples,287,1029,255,"BD Mall, Manjit Nagar (Near Thapar Uni)",Patiala,147004,68,1.84,34,60,In Stock
20/09/26 20:58,SKU_033,Product_Dairy_33,Dairy/Fresh,81,904,77,"BD Mall, Manjit Nagar (Near Thapar Uni)",Patiala,147004,110,0.5,22,66,In Stock
20/09/26 20:58,SKU_034,Product_Staples_34,Staples,233,1060,223,"BD Mall, Manjit Nagar (Near Thapar Uni)",Patiala,147004,45,1.93,22,0,Out of Stock
20/09/26 20:58,SKU_035,Product_Dairy_35,Dairy/Fresh,150,1128,131,"BD Mall, Manjit Nagar (Near Thapar Uni)",Patiala,147004,77,0.66,15,0,Out of Stock
20/09/26 20:58,SKU_036,Product_Snacks & Beverages_36,Snacks & Beverages,274,497,274,"BD Mall, Manjit Nagar (Near Thapar Uni)",Patiala,147004,27,1.7,13,43,In Stock
20/09/26 20:58,SKU_037,Product_Snacks & Beverages_37,Snacks & Beverages,226,1138,201,"BD Mall, Manjit Nagar (Near Thapar Uni)",Patiala,147004,71,1.6,35,75,In Stock
20/09/26 20:58,SKU_038,Product_Dairy_38,Dairy/Fresh,198,963,197,"BD Mall, Manjit Nagar (Near Thapar Uni)",Patiala,147004,90,0.97,18,23,In Stock
20/09/26 20:58,SKU_039,Product_Snacks & Beverages_39,Snacks & Beverages,71,1120,65,"BD Mall, Manjit Nagar (Near Thapar Uni)",Patiala,147004,72,1.96,36,87,In Stock
20/09/26 20:58,SKU_040,Product_Snacks & Beverages_40,Snacks & Beverages,241,584,206,"BD Mall, Manjit Nagar (Near Thapar Uni)",Patiala,147004,73,1.12,36,0,Out of Stock
20/09/26 20:58,SKU_041,Product_Dairy_41,Dairy/Fresh,256,1294,231,"BD Mall, Manjit Nagar (Near Thapar Uni)",Patiala,147004,98,0.89,19,85,In Stock
20/09/26 20:58,SKU_042,Product_Dairy_42,Dairy/Fresh,32,1283,30,"BD Mall, Manjit Nagar (Near Thapar Uni)",Patiala,147004,66,0.88,13,0,Out of Stock
20/09/26 21:21,SKU_001,Product_Dairy_1,Dairy/Fresh,290,1230,273,"BD Mall, Manjit Nagar (Near Thapar Uni)",Patiala,147004,147,0.8,29,0,Out of Stock
20/09/26 21:21,SKU_002,Product_Staples_2,Staples,40,221,38,"BD Mall, Manjit Nagar (Near Thapar Uni)",Patiala,147004,55,1.84,27,39,In Stock
20/09/26 21:21,SKU_003,Product_Dairy_3,Dairy/Fresh,107,1496,105,"BD Mall, Manjit Nagar (Near Thapar Uni)",Patiala,147004,119,0.82,23,0,Out of Stock
20/09/26 21:21,SKU_004,Product_Snacks & Beverages_4,Snacks & Beverages,171,230,161,"BD Mall, Manjit Nagar (Near Thapar Uni)",Patiala,147004,43,1.38,21,57,In Stock
20/09/26 21:21,SKU_005,Product_Dairy_5,Dairy/Fresh,277,443,248,"BD Mall, Manjit Nagar (Near Thapar Uni)",Patiala,147004,114,0.78,22,0,Out of Stock
20/09/26 21:21,SKU_006,Product_Staples_6,Staples,211,1055,183,"BD Mall, Manjit Nagar (Near Thapar Uni)",Patiala,147004,20,1.04,10,0,Out of Stock
20/09/26 21:21,SKU_007,Product_Dairy_7,Dairy/Fresh,41,352,38,"BD Mall, Manjit Nagar (Near Thapar Uni)",Patiala,147004,134,0.87,26,145,In Stock
20/09/26 21:21,SKU_008,Product_Snacks & Beverages_8,Snacks & Beverages,68,574,60,"BD Mall, Manjit Nagar (Near Thapar Uni)",Patiala,147004,44,1.23,22,34,In Stock
20/09/26 21:21,SKU_009,Product_Snacks & Beverages_9,Snacks & Beverages,189,799,172,"BD Mall, Manjit Nagar (Near Thapar Uni)",Patiala,147004,29,1.85,14,0,Out of Stock
20/09/26 21:21,SKU_010,Product_Dairy_10,Dairy/Fresh,209,1057,205,"BD Mall, Manjit Nagar (Near Thapar Uni)",Patiala,147004,71,0.61,14,86,In Stock
20/09/26 21:21,SKU_011,Product_Staples_11,Staples,70,1367,63,"BD Mall, Manjit Nagar (Near Thapar Uni)",Patiala,147004,35,1.58,17,49,In Stock
20/09/26 21:21,SKU_012,Product_Snacks & Beverages_12,Snacks & Beverages,150,746,130,"BD Mall, Manjit Nagar (Near Thapar Uni)",Patiala,147004,35,1.89,17,53,In Stock
20/09/26 21:21,SKU_013,Product_Dairy_13,Dairy/Fresh,186,1397,168,"BD Mall, Manjit Nagar (Near Thapar Uni)",Patiala,147004,123,0.76,24,0,Out of Stock
20/09/26 21:21,SKU_014,Product_Personal Care_14,Personal Care,33,341,33,"BD Mall, Manjit Nagar (Near Thapar Uni)",Patiala,147004,27,1.75,13,36,In Stock
20/09/26 21:21,SKU_015,Product_Dairy_15,Dairy/Fresh,72,997,64,"BD Mall, Manjit Nagar (Near Thapar Uni)",Patiala,147004,65,0.72,13,63,In Stock
20/09/26 21:21,SKU_016,Product_Snacks & Beverages_16,Snacks & Beverages,283,134,268,"BD Mall, Manjit Nagar (Near Thapar Uni)",Patiala,147004,58,1.74,29,0,Out of Stock
20/09/26 21:21,SKU_017,Product_Personal Care_17,Personal Care,69,1125,59,"BD Mall, Manjit Nagar (Near Thapar Uni)",Patiala,147004,47,1.93,23,0,Out of Stock
20/09/26 21:21,SKU_018,Product_Snacks & Beverages_18,Snacks & Beverages,73,1229,66,"BD Mall, Manjit Nagar (Near Thapar Uni)",Patiala,147004,25,1.45,12,26,In Stock
20/09/26 21:21,SKU_019,Product_Snacks & Beverages_19,Snacks & Beverages,210,501,188,"BD Mall, Manjit Nagar (Near Thapar Uni)",Patiala,147004,35,1.17,17,0,Out of Stock
20/09/26 21:21,SKU_020,Product_Staples_20,Staples,181,301,158,"BD Mall, Manjit Nagar (Near Thapar Uni)",Patiala,147004,39,1.05,19,0,Out of Stock
20/09/26 21:21,SKU_021,Product_Staples_21,Staples,289,915,269,"BD Mall, Manjit Nagar (Near Thapar Uni)",Patiala,147004,35,1.25,17,0,Out of Stock
20/09/26 21:21,SKU_022,Product_Dairy_22,Dairy/Fresh,234,1375,216,"BD Mall, Manjit Nagar (Near Thapar Uni)",Patiala,147004,87,0.8,17,34,In Stock
20/09/26 21:21,SKU_023,Product_Dairy_23,Dairy/Fresh,232,819,221,"BD Mall, Manjit Nagar (Near Thapar Uni)",Patiala,147004,109,0.8,21,60,In Stock
20/09/26 21:21,SKU_024,Product_Staples_24,Staples,72,891,64,"BD Mall, Manjit Nagar (Near Thapar Uni)",Patiala,147004,33,1.18,16,0,Out of Stock
20/09/26 21:21,SKU_025,Product_Dairy_25,Dairy/Fresh,271,287,240,"BD Mall, Manjit Nagar (Near Thapar Uni)",Patiala,147004,59,0.56,11,29,In Stock
20/09/26 21:21,SKU_026,Product_Snacks & Beverages_26,Snacks & Beverages,60,1280,53,"BD Mall, Manjit Nagar (Near Thapar Uni)",Patiala,147004,45,1.04,22,44,In Stock
20/09/26 21:21,SKU_027,Product_Staples_27,Staples,84,620,74,"BD Mall, Manjit Nagar (Near Thapar Uni)",Patiala,147004,45,1.83,22,0,Out of Stock
20/09/26 21:21,SKU_028,Product_Staples_28,Staples,155,1186,145,"BD Mall, Manjit Nagar (Near Thapar Uni)",Patiala,147004,33,1.59,16,44,In Stock
20/09/26 21:21,SKU_029,Product_Staples_29,Staples,100,491,91,"BD Mall, Manjit Nagar (Near Thapar Uni)",Patiala,147004,26,1.36,13,31,In Stock
20/09/26 21:21,SKU_030,Product_Staples_30,Staples,280,330,241,"BD Mall, Manjit Nagar (Near Thapar Uni)",Patiala,147004,52,1.89,26,43,In Stock
20/09/26 21:21,SKU_031,Product_Snacks & Beverages_31,Snacks & Beverages,47,234,42,"BD Mall, Manjit Nagar (Near Thapar Uni)",Patiala,147004,45,1.07,22,0,Out of Stock
20/09/26 21:21,SKU_032,Product_Staples_32,Staples,287,1029,255,"BD Mall, Manjit Nagar (Near Thapar Uni)",Patiala,147004,76,1.98,38,64,In Stock
20/09/26 21:21,SKU_033,Product_Dairy_33,Dairy/Fresh,81,904,77,"BD Mall, Manjit Nagar (Near Thapar Uni)",Patiala,147004,70,0.54,14,19,In Stock
20/09/26 21:21,SKU_034,Product_Staples_34,Staples,233,1060,223,"BD Mall, Manjit Nagar (Near Thapar Uni)",Patiala,147004,39,1.18,19,57,In Stock
20/09/26 21:21,SKU_035,Product_Dairy_35,Dairy/Fresh,150,1128,131,"BD Mall, Manjit Nagar (Near Thapar Uni)",Patiala,147004,75,0.69,15,84,In Stock
20/09/26 21:21,SKU_036,Product_Snacks & Beverages_36,Snacks & Beverages,274,497,274,"BD Mall, Manjit Nagar (Near Thapar Uni)",Patiala,147004,71,1.76,35,0,Out of Stock
20/09/26 21:21,SKU_037,Product_Snacks & Beverages_37,Snacks & Beverages,226,1138,201,"BD Mall, Manjit Nagar (Near Thapar Uni)",Patiala,147004,23,1.43,11,41,In Stock
20/09/26 21:21,SKU_038,Product_Dairy_38,Dairy/Fresh,198,963,197,"BD Mall, Manjit Nagar (Near Thapar Uni)",Patiala,147004,64,0.7,12,67,In Stock
20/09/26 21:21,SKU_039,Product_Snacks & Beverages_39,Snacks & Beverages,71,1120,65,"BD Mall, Manjit Nagar (Near Thapar Uni)",Patiala,147004,30,1.15,15,0,Out of Stock
20/09/26 21:21,SKU_040,Product_Snacks & Beverages_40,Snacks & Beverages,241,584,206,"BD Mall, Manjit Nagar (Near Thapar Uni)",Patiala,147004,21,1.28,10,0,Out of Stock
20/09/26 21:21,SKU_041,Product_Dairy_41,Dairy/Fresh,256,1294,231,"BD Mall, Manjit Nagar (Near Thapar Uni)",Patiala,147004,135,0.65,27,0,Out of Stock
20/09/26 21:21,SKU_042,Product_Dairy_42,Dairy/Fresh,32,1283,30,"BD Mall, Manjit Nagar (Near Thapar Uni)",Patiala,147004,141,0.93,28,45,In Stock
20/09/26 22:21,SKU_001,Product_Dairy_1,Dairy/Fresh,290,1230,273,"BD Mall, Manjit Nagar (Near Thapar Uni)",Patiala,147004,63,0.89,12,34,In Stock
20/09/26 22:21,SKU_002,Product_Staples_2,Staples,40,221,38,"BD Mall, Manjit Nagar (Near Thapar Uni)",Patiala,147004,68,1.92,34,61,In Stock
20/09/26 22:21,SKU_003,Product_Dairy_3,Dairy/Fresh,107,1496,105,"BD Mall, Manjit Nagar (Near Thapar Uni)",Patiala,147004,89,0.62,17,52,In Stock
20/09/26 22:21,SKU_004,Product_Snacks & Beverages_4,Snacks & Beverages,171,230,161,"BD Mall, Manjit Nagar (Near Thapar Uni)",Patiala,147004,45,1.43,22,46,In Stock
20/09/26 22:21,SKU_005,Product_Dairy_5,Dairy/Fresh,277,443,248,"BD Mall, Manjit Nagar (Near Thapar Uni)",Patiala,147004,77,0.64,15,21,In Stock
20/09/26 22:21,SKU_006,Product_Staples_6,Staples,211,1055,183,"BD Mall, Manjit Nagar (Near Thapar Uni)",Patiala,147004,52,1.9,26,0,Out of Stock
20/09/26 22:21,SKU_007,Product_Dairy_7,Dairy/Fresh,41,352,38,"BD Mall, Manjit Nagar (Near Thapar Uni)",Patiala,147004,112,0.5,22,41,In Stock
20/09/26 22:21,SKU_008,Product_Snacks & Beverages_8,Snacks & Beverages,68,574,60,"BD Mall, Manjit Nagar (Near Thapar Uni)",Patiala,147004,33,1.75,16,0,Out of Stock
20/09/26 22:21,SKU_009,Product_Snacks & Beverages_9,Snacks & Beverages,189,799,172,"BD Mall, Manjit Nagar (Near Thapar Uni)",Patiala,147004,43,1.97,21,38,In Stock
20/09/26 22:21,SKU_010,Product_Dairy_10,Dairy/Fresh,209,1057,205,"BD Mall, Manjit Nagar (Near Thapar Uni)",Patiala,147004,52,0.66,10,51,In Stock
20/09/26 22:21,SKU_011,Product_Staples_11,Staples,70,1367,63,"BD Mall, Manjit Nagar (Near Thapar Uni)",Patiala,147004,63,1.96,31,70,In Stock
20/09/26 22:21,SKU_012,Product_Snacks & Beverages_12,Snacks & Beverages,150,746,130,"BD Mall, Manjit Nagar (Near Thapar Uni)",Patiala,147004,45,1.71,22,54,In Stock
20/09/26 22:21,SKU_013,Product_Dairy_13,Dairy/Fresh,186,1397,168,"BD Mall, Manjit Nagar (Near Thapar Uni)",Patiala,147004,146,0.8,29,107,In Stock
20/09/26 22:21,SKU_014,Product_Personal Care_14,Personal Care,33,341,33,"BD Mall, Manjit Nagar (Near Thapar Uni)",Patiala,147004,47,1.4,23,57,In Stock
20/09/26 22:21,SKU_015,Product_Dairy_15,Dairy/Fresh,72,997,64,"BD Mall, Manjit Nagar (Near Thapar Uni)",Patiala,147004,148,0.63,29,138,In Stock
20/09/26 22:21,SKU_016,Product_Snacks & Beverages_16,Snacks & Beverages,283,134,268,"BD Mall, Manjit Nagar (Near Thapar Uni)",Patiala,147004,55,1.35,27,27,In Stock
20/09/26 22:21,SKU_017,Product_Personal Care_17,Personal Care,69,1125,59,"BD Mall, Manjit Nagar (Near Thapar Uni)",Patiala,147004,59,1.27,29,49,In Stock
20/09/26 22:21,SKU_018,Product_Snacks & Beverages_18,Snacks & Beverages,73,1229,66,"BD Mall, Manjit Nagar (Near Thapar Uni)",Patiala,147004,21,1.58,10,17,In Stock
20/09/26 22:21,SKU_019,Product_Snacks & Beverages_19,Snacks & Beverages,210,501,188,"BD Mall, Manjit Nagar (Near Thapar Uni)",Patiala,147004,61,1.93,30,36,In Stock
20/09/26 22:21,SKU_020,Product_Staples_20,Staples,181,301,158,"BD Mall, Manjit Nagar (Near Thapar Uni)",Patiala,147004,28,1.03,14,43,In Stock
20/09/26 22:21,SKU_021,Product_Staples_21,Staples,289,915,269,"BD Mall, Manjit Nagar (Near Thapar Uni)",Patiala,147004,42,1.77,21,58,In Stock
20/09/26 22:21,SKU_022,Product_Dairy_22,Dairy/Fresh,234,1375,216,"BD Mall, Manjit Nagar (Near Thapar Uni)",Patiala,147004,92,0.87,18,52,In Stock
20/09/26 22:21,SKU_023,Product_Dairy_23,Dairy/Fresh,232,819,221,"BD Mall, Manjit Nagar (Near Thapar Uni)",Patiala,147004,68,0.79,13,78,In Stock
20/09/26 22:21,SKU_024,Product_Staples_24,Staples,72,891,64,"BD Mall, Manjit Nagar (Near Thapar Uni)",Patiala,147004,42,1.93,21,28,In Stock
20/09/26 22:21,SKU_025,Product_Dairy_25,Dairy/Fresh,271,287,240,"BD Mall, Manjit Nagar (Near Thapar Uni)",Patiala,147004,100,0.56,20,87,In Stock
20/09/26 22:21,SKU_026,Product_Snacks & Beverages_26,Snacks & Beverages,60,1280,53,"BD Mall, Manjit Nagar (Near Thapar Uni)",Patiala,147004,67,1.52,33,69,In Stock
20/09/26 22:21,SKU_027,Product_Staples_27,Staples,84,620,74,"BD Mall, Manjit Nagar (Near Thapar Uni)",Patiala,147004,79,1.2,39,59,In Stock
20/09/26 22:21,SKU_028,Product_Staples_28,Staples,155,1186,145,"BD Mall, Manjit Nagar (Near Thapar Uni)",Patiala,147004,21,1.55,10,22,In Stock
20/09/26 22:21,SKU_029,Product_Staples_29,Staples,100,491,91,"BD Mall, Manjit Nagar (Near Thapar Uni)",Patiala,147004,39,1.77,19,27,In Stock
20/09/26 22:21,SKU_030,Product_Staples_30,Staples,280,330,241,"BD Mall, Manjit Nagar (Near Thapar Uni)",Patiala,147004,39,1.9,19,47,In Stock
20/09/26 22:21,SKU_031,Product_Snacks & Beverages_31,Snacks & Beverages,47,234,42,"BD Mall, Manjit Nagar (Near Thapar Uni)",Patiala,147004,78,1.79,39,79,In Stock
20/09/26 22:21,SKU_032,Product_Staples_32,Staples,287,1029,255,"BD Mall, Manjit Nagar (Near Thapar Uni)",Patiala,147004,65,1.2,32,55,In Stock
20/09/26 22:21,SKU_033,Product_Dairy_33,Dairy/Fresh,81,904,77,"BD Mall, Manjit Nagar (Near Thapar Uni)",Patiala,147004,85,0.82,17,32,In Stock
20/09/26 22:21,SKU_034,Product_Staples_34,Staples,233,1060,223,"BD Mall, Manjit Nagar (Near Thapar Uni)",Patiala,147004,74,1.33,37,48,In Stock
20/09/26 22:21,SKU_035,Product_Dairy_35,Dairy/Fresh,150,1128,131,"BD Mall, Manjit Nagar (Near Thapar Uni)",Patiala,147004,121,0.88,24,89,In Stock
20/09/26 22:21,SKU_036,Product_Snacks & Beverages_36,Snacks & Beverages,274,497,274,"BD Mall, Manjit Nagar (Near Thapar Uni)",Patiala,147004,59,1.2,29,47,In Stock
20/09/26 22:21,SKU_037,Product_Snacks & Beverages_37,Snacks & Beverages,226,1138,201,"BD Mall, Manjit Nagar (Near Thapar Uni)",Patiala,147004,21,1.11,10,39,In Stock
20/09/26 22:21,SKU_038,Product_Dairy_38,Dairy/Fresh,198,963,197,"BD Mall, Manjit Nagar (Near Thapar Uni)",Patiala,147004,96,0.78,19,34,In Stock
20/09/26 22:21,SKU_039,Product_Snacks & Beverages_39,Snacks & Beverages,71,1120,65,"BD Mall, Manjit Nagar (Near Thapar Uni)",Patiala,147004,33,1.26,16,0,Out of Stock
20/09/26 22:21,SKU_040,Product_Snacks & Beverages_40,Snacks & Beverages,241,584,206,"BD Mall, Manjit Nagar (Near Thapar Uni)",Patiala,147004,35,1.28,17,29,In Stock
20/09/26 22:21,SKU_041,Product_Dairy_41,Dairy/Fresh,256,1294,231,"BD Mall, Manjit Nagar (Near Thapar Uni)",Patiala,147004,131,0.69,26,94,In Stock
20/09/26 22:21,SKU_042,Product_Dairy_42,Dairy/Fresh,32,1283,30,"BD Mall, Manjit Nagar (Near Thapar Uni)",Patiala,147004,91,0.97,18,40,In Stock
21/09/26 06:29,SKU_001,Product_Dairy_1,Dairy/Fresh,290,1230,273,"BD Mall, Manjit Nagar (Near Thapar Uni)",Patiala,147004,109,0.91,21,82,In Stock
21/09/26 06:29,SKU_002,Product_Staples_2,Staples,40,221,38,"BD Mall, Manjit Nagar (Near Thapar Uni)",Patiala,147004,65,1.28,32,69,In Stock
21/09/26 06:29,SKU_003,Product_Dairy_3,Dairy/Fresh,107,1496,105,"BD Mall, Manjit Nagar (Near Thapar Uni)",Patiala,147004,119,0.63,23,53,In Stock
21/09/26 06:29,SKU_004,Product_Snacks & Beverages_4,Snacks & Beverages,171,230,161,"BD Mall, Manjit Nagar (Near Thapar Uni)",Patiala,147004,32,1.1,16,32,In Stock
21/09/26 06:29,SKU_005,Product_Dairy_5,Dairy/Fresh,277,443,248,"BD Mall, Manjit Nagar (Near Thapar Uni)",Patiala,147004,51,0.67,10,58,In Stock
21/09/26 06:29,SKU_006,Product_Staples_6,Staples,211,1055,183,"BD Mall, Manjit Nagar (Near Thapar Uni)",Patiala,147004,41,1.59,20,22,In Stock
21/09/26 06:29,SKU_007,Product_Dairy_7,Dairy/Fresh,41,352,38,"BD Mall, Manjit Nagar (Near Thapar Uni)",Patiala,147004,129,0.65,25,50,In Stock
21/09/26 06:29,SKU_008,Product_Snacks & Beverages_8,Snacks & Beverages,68,574,60,"BD Mall, Manjit Nagar (Near Thapar Uni)",Patiala,147004,31,1.36,15,27,In Stock
21/09/26 06:29,SKU_009,Product_Snacks & Beverages_9,Snacks & Beverages,189,799,172,"BD Mall, Manjit Nagar (Near Thapar Uni)",Patiala,147004,71,1.86,35,78,In Stock
21/09/26 06:29,SKU_010,Product_Dairy_10,Dairy/Fresh,209,1057,205,"BD Mall, Manjit Nagar (Near Thapar Uni)",Patiala,147004,76,0.99,15,52,In Stock
21/09/26 06:29,SKU_011,Product_Staples_11,Staples,70,1367,63,"BD Mall, Manjit Nagar (Near Thapar Uni)",Patiala,147004,73,1.92,36,57,In Stock
21/09/26 06:29,SKU_012,Product_Snacks & Beverages_12,Snacks & Beverages,150,746,130,"BD Mall, Manjit Nagar (Near Thapar Uni)",Patiala,147004,49,1.5,24,44,In Stock
21/09/26 06:29,SKU_013,Product_Dairy_13,Dairy/Fresh,186,1397,168,"BD Mall, Manjit Nagar (Near Thapar Uni)",Patiala,147004,141,0.96,28,72,In Stock
21/09/26 06:29,SKU_014,Product_Personal Care_14,Personal Care,33,341,33,"BD Mall, Manjit Nagar (Near Thapar Uni)",Patiala,147004,70,1.75,35,80,In Stock
21/09/26 06:29,SKU_015,Product_Dairy_15,Dairy/Fresh,72,997,64,"BD Mall, Manjit Nagar (Near Thapar Uni)",Patiala,147004,57,0.86,11,0,Out of Stock
21/09/26 06:29,SKU_016,Product_Snacks & Beverages_16,Snacks & Beverages,283,134,268,"BD Mall, Manjit Nagar (Near Thapar Uni)",Patiala,147004,26,1.09,13,17,In Stock
21/09/26 06:29,SKU_017,Product_Personal Care_17,Personal Care,69,1125,59,"BD Mall, Manjit Nagar (Near Thapar Uni)",Patiala,147004,51,1.65,25,38,In Stock
21/09/26 06:29,SKU_018,Product_Snacks & Beverages_18,Snacks & Beverages,73,1229,66,"BD Mall, Manjit Nagar (Near Thapar Uni)",Patiala,147004,67,1.49,33,50,In Stock
21/09/26 06:29,SKU_019,Product_Snacks & Beverages_19,Snacks & Beverages,210,501,188,"BD Mall, Manjit Nagar (Near Thapar Uni)",Patiala,147004,38,1.79,19,22,In Stock
21/09/26 06:29,SKU_020,Product_Staples_20,Staples,181,301,158,"BD Mall, Manjit Nagar (Near Thapar Uni)",Patiala,147004,25,1.92,12,44,In Stock
21/09/26 06:29,SKU_021,Product_Staples_21,Staples,289,915,269,"BD Mall, Manjit Nagar (Near Thapar Uni)",Patiala,147004,39,1.39,19,57,In Stock
21/09/26 06:29,SKU_022,Product_Dairy_22,Dairy/Fresh,234,1375,216,"BD Mall, Manjit Nagar (Near Thapar Uni)",Patiala,147004,81,0.79,16,35,In Stock
21/09/26 06:29,SKU_023,Product_Dairy_23,Dairy/Fresh,232,819,221,"BD Mall, Manjit Nagar (Near Thapar Uni)",Patiala,147004,58,0.64,11,45,In Stock
21/09/26 06:29,SKU_024,Product_Staples_24,Staples,72,891,64,"BD Mall, Manjit Nagar (Near Thapar Uni)",Patiala,147004,62,1.98,31,38,In Stock
21/09/26 06:29,SKU_025,Product_Dairy_25,Dairy/Fresh,271,287,240,"BD Mall, Manjit Nagar (Near Thapar Uni)",Patiala,147004,60,0.54,12,63,In Stock
21/09/26 06:29,SKU_026,Product_Snacks & Beverages_26,Snacks & Beverages,60,1280,53,"BD Mall, Manjit Nagar (Near Thapar Uni)",Patiala,147004,67,1.91,33,72,In Stock
21/09/26 06:29,SKU_027,Product_Staples_27,Staples,84,620,74,"BD Mall, Manjit Nagar (Near Thapar Uni)",Patiala,147004,26,1.25,13,18,In Stock
21/09/26 06:29,SKU_028,Product_Staples_28,Staples,155,1186,145,"BD Mall, Manjit Nagar (Near Thapar Uni)",Patiala,147004,78,1.77,39,94,In Stock
21/09/26 06:29,SKU_029,Product_Staples_29,Staples,100,491,91,"BD Mall, Manjit Nagar (Near Thapar Uni)",Patiala,147004,24,1.27,12,41,In Stock
21/09/26 06:29,SKU_030,Product_Staples_30,Staples,280,330,241,"BD Mall, Manjit Nagar (Near Thapar Uni)",Patiala,147004,30,1.21,15,36,In Stock
21/09/26 06:29,SKU_031,Product_Snacks & Beverages_31,Snacks & Beverages,47,234,42,"BD Mall, Manjit Nagar (Near Thapar Uni)",Patiala,147004,34,1.94,17,22,In Stock
21/09/26 06:29,SKU_032,Product_Staples_32,Staples,287,1029,255,"BD Mall, Manjit Nagar (Near Thapar Uni)",Patiala,147004,22,1.02,11,20,In Stock
21/09/26 06:29,SKU_033,Product_Dairy_33,Dairy/Fresh,81,904,77,"BD Mall, Manjit Nagar (Near Thapar Uni)",Patiala,147004,83,0.64,16,88,In Stock
21/09/26 06:29,SKU_034,Product_Staples_34,Staples,233,1060,223,"BD Mall, Manjit Nagar (Near Thapar Uni)",Patiala,147004,24,1.15,12,27,In Stock
21/09/26 06:29,SKU_035,Product_Dairy_35,Dairy/Fresh,150,1128,131,"BD Mall, Manjit Nagar (Near Thapar Uni)",Patiala,147004,77,0.74,15,60,In Stock
21/09/26 06:29,SKU_036,Product_Snacks & Beverages_36,Snacks & Beverages,274,497,274,"BD Mall, Manjit Nagar (Near Thapar Uni)",Patiala,147004,72,1.28,36,73,In Stock
21/09/26 06:29,SKU_037,Product_Snacks & Beverages_37,Snacks & Beverages,226,1138,201,"BD Mall, Manjit Nagar (Near Thapar Uni)",Patiala,147004,56,1.35,28,60,In Stock
21/09/26 06:29,SKU_038,Product_Dairy_38,Dairy/Fresh,198,963,197,"BD Mall, Manjit Nagar (Near Thapar Uni)",Patiala,147004,76,0.69,15,32,In Stock
21/09/26 06:29,SKU_039,Product_Snacks & Beverages_39,Snacks & Beverages,71,1120,65,"BD Mall, Manjit Nagar (Near Thapar Uni)",Patiala,147004,34,1.59,17,28,In Stock
21/09/26 06:29,SKU_040,Product_Snacks & Beverages_40,Snacks & Beverages,241,584,206,"BD Mall, Manjit Nagar (Near Thapar Uni)",Patiala,147004,22,1.35,11,32,In Stock
21/09/26 06:29,SKU_041,Product_Dairy_41,Dairy/Fresh,256,1294,231,"BD Mall, Manjit Nagar (Near Thapar Uni)",Patiala,147004,52,1,10,36,In Stock
21/09/26 06:29,SKU_042,Product_Dairy_42,Dairy/Fresh,32,1283,30,"BD Mall, Manjit Nagar (Near Thapar Uni)",Patiala,147004,146,0.71,29,29,In Stock
21/09/26 07:37,SKU_001,Product_Dairy_1,Dairy/Fresh,290,1230,273,"BD Mall, Manjit Nagar (Near Thapar Uni)",Patiala,147004,117,0.67,23,37,In Stock
21/09/26 07:37,SKU_002,Product_Staples_2,Staples,40,221,38,"BD Mall, Manjit Nagar (Near Thapar Uni)",Patiala,147004,45,1.1,22,48,In Stock
21/09/26 07:37,SKU_003,Product_Dairy_3,Dairy/Fresh,107,1496,105,"BD Mall, Manjit Nagar (Near Thapar Uni)",Patiala,147004,69,0.68,13,33,In Stock
21/09/26 07:37,SKU_004,Product_Snacks & Beverages_4,Snacks & Beverages,171,230,161,"BD Mall, Manjit Nagar (Near Thapar Uni)",Patiala,147004,27,1.81,13,13,In Stock
21/09/26 07:37,SKU_005,Product_Dairy_5,Dairy/Fresh,277,443,248,"BD Mall, Manjit Nagar (Near Thapar Uni)",Patiala,147004,75,0.73,15,81,In Stock
21/09/26 07:37,SKU_006,Product_Staples_6,Staples,211,1055,183,"BD Mall, Manjit Nagar (Near Thapar Uni)",Patiala,147004,76,1.24,38,49,In Stock
21/09/26 07:37,SKU_007,Product_Dairy_7,Dairy/Fresh,41,352,38,"BD Mall, Manjit Nagar (Near Thapar Uni)",Patiala,147004,148,0.55,29,152,In Stock
21/09/26 07:37,SKU_008,Product_Snacks & Beverages_8,Snacks & Beverages,68,574,60,"BD Mall, Manjit Nagar (Near Thapar Uni)",Patiala,147004,57,1.77,28,55,In Stock
21/09/26 07:37,SKU_009,Product_Snacks & Beverages_9,Snacks & Beverages,189,799,172,"BD Mall, Manjit Nagar (Near Thapar Uni)",Patiala,147004,27,1.29,13,43,In Stock
21/09/26 07:37,SKU_010,Product_Dairy_10,Dairy/Fresh,209,1057,205,"BD Mall, Manjit Nagar (Near Thapar Uni)",Patiala,147004,142,0.61,28,87,In Stock
21/09/26 07:37,SKU_011,Product_Staples_11,Staples,70,1367,63,"BD Mall, Manjit Nagar (Near Thapar Uni)",Patiala,147004,43,1.52,21,51,In Stock
21/09/26 07:37,SKU_012,Product_Snacks & Beverages_12,Snacks & Beverages,150,746,130,"BD Mall, Manjit Nagar (Near Thapar Uni)",Patiala,147004,54,1.13,27,59,In Stock
21/09/26 07:37,SKU_013,Product_Dairy_13,Dairy/Fresh,186,1397,168,"BD Mall, Manjit Nagar (Near Thapar Uni)",Patiala,147004,55,0.99,11,43,In Stock
21/09/26 07:37,SKU_014,Product_Personal Care_14,Personal Care,33,341,33,"BD Mall, Manjit Nagar (Near Thapar Uni)",Patiala,147004,33,1.15,16,26,In Stock
21/09/26 07:37,SKU_015,Product_Dairy_15,Dairy/Fresh,72,997,64,"BD Mall, Manjit Nagar (Near Thapar Uni)",Patiala,147004,109,0.73,21,0,Out of Stock
21/09/26 07:37,SKU_016,Product_Snacks & Beverages_16,Snacks & Beverages,283,134,268,"BD Mall, Manjit Nagar (Near Thapar Uni)",Patiala,147004,33,1.07,16,40,In Stock
21/09/26 07:37,SKU_017,Product_Personal Care_17,Personal Care,69,1125,59,"BD Mall, Manjit Nagar (Near Thapar Uni)",Patiala,147004,29,1.19,14,26,In Stock
21/09/26 07:37,SKU_018,Product_Snacks & Beverages_18,Snacks & Beverages,73,1229,66,"BD Mall, Manjit Nagar (Near Thapar Uni)",Patiala,147004,31,1.34,15,33,In Stock
21/09/26 07:37,SKU_019,Product_Snacks & Beverages_19,Snacks & Beverages,210,501,188,"BD Mall, Manjit Nagar (Near Thapar Uni)",Patiala,147004,57,1.08,28,63,In Stock
21/09/26 07:37,SKU_020,Product_Staples_20,Staples,181,301,158,"BD Mall, Manjit Nagar (Near Thapar Uni)",Patiala,147004,63,1.19,31,58,In Stock
21/09/26 07:37,SKU_021,Product_Staples_21,Staples,289,915,269,"BD Mall, Manjit Nagar (Near Thapar Uni)",Patiala,147004,74,1.91,37,40,In Stock
21/09/26 07:37,SKU_022,Product_Dairy_22,Dairy/Fresh,234,1375,216,"BD Mall, Manjit Nagar (Near Thapar Uni)",Patiala,147004,137,0.77,27,127,In Stock
21/09/26 07:37,SKU_023,Product_Dairy_23,Dairy/Fresh,232,819,221,"BD Mall, Manjit Nagar (Near Thapar Uni)",Patiala,147004,147,0.52,29,135,In Stock
21/09/26 07:37,SKU_024,Product_Staples_24,Staples,72,891,64,"BD Mall, Manjit Nagar (Near Thapar Uni)",Patiala,147004,60,1.38,30,54,In Stock
21/09/26 07:37,SKU_025,Product_Dairy_25,Dairy/Fresh,271,287,240,"BD Mall, Manjit Nagar (Near Thapar Uni)",Patiala,147004,52,0.79,10,50,In Stock
21/09/26 07:37,SKU_026,Product_Snacks & Beverages_26,Snacks & Beverages,60,1280,53,"BD Mall, Manjit Nagar (Near Thapar Uni)",Patiala,147004,77,1.59,38,72,In Stock
21/09/26 07:37,SKU_027,Product_Staples_27,Staples,84,620,74,"BD Mall, Manjit Nagar (Near Thapar Uni)",Patiala,147004,36,1.22,18,46,In Stock
21/09/26 07:37,SKU_028,Product_Staples_28,Staples,155,1186,145,"BD Mall, Manjit Nagar (Near Thapar Uni)",Patiala,147004,36,1.85,18,46,In Stock
21/09/26 07:37,SKU_029,Product_Staples_29,Staples,100,491,91,"BD Mall, Manjit Nagar (Near Thapar Uni)",Patiala,147004,22,1.49,11,0,Out of Stock
21/09/26 07:37,SKU_030,Product_Staples_30,Staples,280,330,241,"BD Mall, Manjit Nagar (Near Thapar Uni)",Patiala,147004,50,1.82,25,59,In Stock
21/09/26 07:37,SKU_031,Product_Snacks & Beverages_31,Snacks & Beverages,47,234,42,"BD Mall, Manjit Nagar (Near Thapar Uni)",Patiala,147004,70,1.41,35,54,In Stock
21/09/26 07:37,SKU_032,Product_Staples_32,Staples,287,1029,255,"BD Mall, Manjit Nagar (Near Thapar Uni)",Patiala,147004,20,1.98,10,26,In Stock
21/09/26 07:37,SKU_033,Product_Dairy_33,Dairy/Fresh,81,904,77,"BD Mall, Manjit Nagar (Near Thapar Uni)",Patiala,147004,111,0.89,22,97,In Stock
21/09/26 07:37,SKU_034,Product_Staples_34,Staples,233,1060,223,"BD Mall, Manjit Nagar (Near Thapar Uni)",Patiala,147004,58,1.97,29,64,In Stock
21/09/26 07:37,SKU_035,Product_Dairy_35,Dairy/Fresh,150,1128,131,"BD Mall, Manjit Nagar (Near Thapar Uni)",Patiala,147004,134,0.75,26,99,In Stock
21/09/26 07:37,SKU_036,Product_Snacks & Beverages_36,Snacks & Beverages,274,497,274,"BD Mall, Manjit Nagar (Near Thapar Uni)",Patiala,147004,61,1.47,30,47,In Stock
21/09/26 07:37,SKU_037,Product_Snacks & Beverages_37,Snacks & Beverages,226,1138,201,"BD Mall, Manjit Nagar (Near Thapar Uni)",Patiala,147004,32,1.76,16,45,In Stock
21/09/26 07:37,SKU_038,Product_Dairy_38,Dairy/Fresh,198,963,197,"BD Mall, Manjit Nagar (Near Thapar Uni)",Patiala,147004,83,0.75,16,87,In Stock
21/09/26 07:37,SKU_039,Product_Snacks & Beverages_39,Snacks & Beverages,71,1120,65,"BD Mall, Manjit Nagar (Near Thapar Uni)",Patiala,147004,61,1.96,30,70,In Stock
21/09/26 07:37,SKU_040,Product_Snacks & Beverages_40,Snacks & Beverages,241,584,206,"BD Mall, Manjit Nagar (Near Thapar Uni)",Patiala,147004,40,1.32,20,32,In Stock
21/09/26 07:37,SKU_041,Product_Dairy_41,Dairy/Fresh,256,1294,231,"BD Mall, Manjit Nagar (Near Thapar Uni)",Patiala,147004,96,0.94,19,113,In Stock
21/09/26 07:37,SKU_042,Product_Dairy_42,Dairy/Fresh,32,1283,30,"BD Mall, Manjit Nagar (Near Thapar Uni)",Patiala,147004,131,0.88,26,146,In Stock
21/09/26 08:50,SKU_001,Product_Dairy_1,Dairy/Fresh,290,1230,273,"BD Mall, Manjit Nagar (Near Thapar Uni)",Patiala,147004,107,0.71,21,90,In Stock
21/09/26 08:50,SKU_002,Product_Staples_2,Staples,40,221,38,"BD Mall, Manjit Nagar (Near Thapar Uni)",Patiala,147004,37,1.18,18,24,In Stock
21/09/26 08:50,SKU_003,Product_Dairy_3,Dairy/Fresh,107,1496,105,"BD Mall, Manjit Nagar (Near Thapar Uni)",Patiala,147004,106,0.68,21,105,In Stock
21/09/26 08:50,SKU_004,Product_Snacks & Beverages_4,Snacks & Beverages,171,230,161,"BD Mall, Manjit Nagar (Near Thapar Uni)",Patiala,147004,38,1.93,19,0,Out of Stock
21/09/26 08:50,SKU_005,Product_Dairy_5,Dairy/Fresh,277,443,248,"BD Mall, Manjit Nagar (Near Thapar Uni)",Patiala,147004,97,0.89,19,69,In Stock
21/09/26 08:50,SKU_006,Product_Staples_6,Staples,211,1055,183,"BD Mall, Manjit Nagar (Near Thapar Uni)",Patiala,147004,31,1.63,15,42,In Stock
21/09/26 08:50,SKU_007,Product_Dairy_7,Dairy/Fresh,41,352,38,"BD Mall, Manjit Nagar (Near Thapar Uni)",Patiala,147004,66,0.86,13,76,In Stock
21/09/26 08:50,SKU_008,Product_Snacks & Beverages_8,Snacks & Beverages,68,574,60,"BD Mall, Manjit Nagar (Near Thapar Uni)",Patiala,147004,29,1.12,14,34,In Stock
21/09/26 08:50,SKU_009,Product_Snacks & Beverages_9,Snacks & Beverages,189,799,172,"BD Mall, Manjit Nagar (Near Thapar Uni)",Patiala,147004,53,1.33,26,46,In Stock
21/09/26 08:50,SKU_010,Product_Dairy_10,Dairy/Fresh,209,1057,205,"BD Mall, Manjit Nagar (Near Thapar Uni)",Patiala,147004,143,0.73,28,54,In Stock
21/09/26 08:50,SKU_011,Product_Staples_11,Staples,70,1367,63,"BD Mall, Manjit Nagar (Near Thapar Uni)",Patiala,147004,27,1.19,13,25,In Stock
21/09/26 08:50,SKU_012,Product_Snacks & Beverages_12,Snacks & Beverages,150,746,130,"BD Mall, Manjit Nagar (Near Thapar Uni)",Patiala,147004,70,1.8,35,84,In Stock
21/09/26 08:50,SKU_013,Product_Dairy_13,Dairy/Fresh,186,1397,168,"BD Mall, Manjit Nagar (Near Thapar Uni)",Patiala,147004,84,0.66,16,44,In Stock
21/09/26 08:50,SKU_014,Product_Personal Care_14,Personal Care,33,341,33,"BD Mall, Manjit Nagar (Near Thapar Uni)",Patiala,147004,76,1.21,38,0,Out of Stock
21/09/26 08:50,SKU_015,Product_Dairy_15,Dairy/Fresh,72,997,64,"BD Mall, Manjit Nagar (Near Thapar Uni)",Patiala,147004,133,0.7,26,0,Out of Stock
21/09/26 08:50,SKU_016,Product_Snacks & Beverages_16,Snacks & Beverages,283,134,268,"BD Mall, Manjit Nagar (Near Thapar Uni)",Patiala,147004,28,1.45,14,41,In Stock
21/09/26 08:50,SKU_017,Product_Personal Care_17,Personal Care,69,1125,59,"BD Mall, Manjit Nagar (Near Thapar Uni)",Patiala,147004,21,1.75,10,14,In Stock
21/09/26 08:50,SKU_018,Product_Snacks & Beverages_18,Snacks & Beverages,73,1229,66,"BD Mall, Manjit Nagar (Near Thapar Uni)",Patiala,147004,27,1.28,13,41,In Stock
21/09/26 08:50,SKU_019,Product_Snacks & Beverages_19,Snacks & Beverages,210,501,188,"BD Mall, Manjit Nagar (Near Thapar Uni)",Patiala,147004,77,1.02,38,85,In Stock
21/09/26 08:50,SKU_020,Product_Staples_20,Staples,181,301,158,"BD Mall, Manjit Nagar (Near Thapar Uni)",Patiala,147004,30,1.54,15,36,In Stock
21/09/26 08:50,SKU_021,Product_Staples_21,Staples,289,915,269,"BD Mall, Manjit Nagar (Near Thapar Uni)",Patiala,147004,79,1.96,39,74,In Stock
21/09/26 08:50,SKU_022,Product_Dairy_22,Dairy/Fresh,234,1375,216,"BD Mall, Manjit Nagar (Near Thapar Uni)",Patiala,147004,96,0.85,19,48,In Stock
21/09/26 08:50,SKU_023,Product_Dairy_23,Dairy/Fresh,232,819,221,"BD Mall, Manjit Nagar (Near Thapar Uni)",Patiala,147004,88,0.76,17,44,In Stock
21/09/26 08:50,SKU_024,Product_Staples_24,Staples,72,891,64,"BD Mall, Manjit Nagar (Near Thapar Uni)",Patiala,147004,29,1.97,14,36,In Stock
21/09/26 08:50,SKU_025,Product_Dairy_25,Dairy/Fresh,271,287,240,"BD Mall, Manjit Nagar (Near Thapar Uni)",Patiala,147004,122,0.64,24,120,In Stock
21/09/26 08:50,SKU_026,Product_Snacks & Beverages_26,Snacks & Beverages,60,1280,53,"BD Mall, Manjit Nagar (Near Thapar Uni)",Patiala,147004,39,1.72,19,22,In Stock
21/09/26 08:50,SKU_027,Product_Staples_27,Staples,84,620,74,"BD Mall, Manjit Nagar (Near Thapar Uni)",Patiala,147004,67,1.56,33,35,In Stock
21/09/26 08:50,SKU_028,Product_Staples_28,Staples,155,1186,145,"BD Mall, Manjit Nagar (Near Thapar Uni)",Patiala,147004,27,1.97,13,44,In Stock
21/09/26 08:50,SKU_029,Product_Staples_29,Staples,100,491,91,"BD Mall, Manjit Nagar (Near Thapar Uni)",Patiala,147004,55,1.69,27,30,In Stock
21/09/26 08:50,SKU_030,Product_Staples_30,Staples,280,330,241,"BD Mall, Manjit Nagar (Near Thapar Uni)",Patiala,147004,48,1.9,24,24,In Stock
21/09/26 08:50,SKU_031,Product_Snacks & Beverages_31,Snacks & Beverages,47,234,42,"BD Mall, Manjit Nagar (Near Thapar Uni)",Patiala,147004,61,1.7,30,41,In Stock
21/09/26 08:50,SKU_032,Product_Staples_32,Staples,287,1029,255,"BD Mall, Manjit Nagar (Near Thapar Uni)",Patiala,147004,31,1.74,15,27,In Stock
21/09/26 08:50,SKU_033,Product_Dairy_33,Dairy/Fresh,81,904,77,"BD Mall, Manjit Nagar (Near Thapar Uni)",Patiala,147004,107,0.57,21,54,In Stock
21/09/26 08:50,SKU_034,Product_Staples_34,Staples,233,1060,223,"BD Mall, Manjit Nagar (Near Thapar Uni)",Patiala,147004,67,1.3,33,61,In Stock
21/09/26 08:50,SKU_035,Product_Dairy_35,Dairy/Fresh,150,1128,131,"BD Mall, Manjit Nagar (Near Thapar Uni)",Patiala,147004,96,0.57,19,91,In Stock
21/09/26 08:50,SKU_036,Product_Snacks & Beverages_36,Snacks & Beverages,274,497,274,"BD Mall, Manjit Nagar (Near Thapar Uni)",Patiala,147004,69,1.3,34,64,In Stock
21/09/26 08:50,SKU_037,Product_Snacks & Beverages_37,Snacks & Beverages,226,1138,201,"BD Mall, Manjit Nagar (Near Thapar Uni)",Patiala,147004,40,1.56,20,26,In Stock
21/09/26 08:50,SKU_038,Product_Dairy_38,Dairy/Fresh,198,963,197,"BD Mall, Manjit Nagar (Near Thapar Uni)",Patiala,147004,112,0.86,22,34,In Stock
21/09/26 08:50,SKU_039,Product_Snacks & Beverages_39,Snacks & Beverages,71,1120,65,"BD Mall, Manjit Nagar (Near Thapar Uni)",Patiala,147004,40,1.82,20,21,In Stock
21/09/26 08:50,SKU_040,Product_Snacks & Beverages_40,Snacks & Beverages,241,584,206,"BD Mall, Manjit Nagar (Near Thapar Uni)",Patiala,147004,63,1.11,31,63,In Stock
21/09/26 08:50,SKU_041,Product_Dairy_41,Dairy/Fresh,256,1294,231,"BD Mall, Manjit Nagar (Near Thapar Uni)",Patiala,147004,106,0.77,21,70,In Stock
21/09/26 08:50,SKU_042,Product_Dairy_42,Dairy/Fresh,32,1283,30,"BD Mall, Manjit Nagar (Near Thapar Uni)",Patiala,147004,102,0.73,20,26,In Stock
21/09/26 09:07,SKU_001,Product_Dairy_1,Dairy/Fresh,290,1230,273,"BD Mall, Manjit Nagar (Near Thapar Uni)",Patiala,147004,95,0.66,19,0,Out of Stock
21/09/26 09:07,SKU_002,Product_Staples_2,Staples,40,221,38,"BD Mall, Manjit Nagar (Near Thapar Uni)",Patiala,147004,39,1.54,19,26,In Stock
21/09/26 09:07,SKU_003,Product_Dairy_3,Dairy/Fresh,107,1496,105,"BD Mall, Manjit Nagar (Near Thapar Uni)",Patiala,147004,149,0.8,29,83,In Stock
21/09/26 09:07,SKU_004,Product_Snacks & Beverages_4,Snacks & Beverages,171,230,161,"BD Mall, Manjit Nagar (Near Thapar Uni)",Patiala,147004,42,1.32,21,32,In Stock
21/09/26 09:07,SKU_005,Product_Dairy_5,Dairy/Fresh,277,443,248,"BD Mall, Manjit Nagar (Near Thapar Uni)",Patiala,147004,66,0.97,13,55,In Stock
21/09/26 09:07,SKU_006,Product_Staples_6,Staples,211,1055,183,"BD Mall, Manjit Nagar (Near Thapar Uni)",Patiala,147004,28,1.06,14,43,In Stock
21/09/26 09:07,SKU_007,Product_Dairy_7,Dairy/Fresh,41,352,38,"BD Mall, Manjit Nagar (Near Thapar Uni)",Patiala,147004,58,0.94,11,69,In Stock
21/09/26 09:07,SKU_008,Product_Snacks & Beverages_8,Snacks & Beverages,68,574,60,"BD Mall, Manjit Nagar (Near Thapar Uni)",Patiala,147004,45,1.03,22,30,In Stock
21/09/26 09:07,SKU_009,Product_Snacks & Beverages_9,Snacks & Beverages,189,799,172,"BD Mall, Manjit Nagar (Near Thapar Uni)",Patiala,147004,57,1.66,28,55,In Stock
21/09/26 09:07,SKU_010,Product_Dairy_10,Dairy/Fresh,209,1057,205,"BD Mall, Manjit Nagar (Near Thapar Uni)",Patiala,147004,128,0.95,25,92,In Stock
21/09/26 09:07,SKU_011,Product_Staples_11,Staples,70,1367,63,"BD Mall, Manjit Nagar (Near Thapar Uni)",Patiala,147004,73,1.65,36,74,In Stock
21/09/26 09:07,SKU_012,Product_Snacks & Beverages_12,Snacks & Beverages,150,746,130,"BD Mall, Manjit Nagar (Near Thapar Uni)",Patiala,147004,63,1.36,31,47,In Stock
21/09/26 09:07,SKU_013,Product_Dairy_13,Dairy/Fresh,186,1397,168,"BD Mall, Manjit Nagar (Near Thapar Uni)",Patiala,147004,55,0.71,11,21,In Stock
21/09/26 09:07,SKU_014,Product_Personal Care_14,Personal Care,33,341,33,"BD Mall, Manjit Nagar (Near Thapar Uni)",Patiala,147004,63,1.73,31,32,In Stock
21/09/26 09:07,SKU_015,Product_Dairy_15,Dairy/Fresh,72,997,64,"BD Mall, Manjit Nagar (Near Thapar Uni)",Patiala,147004,72,0.85,14,36,In Stock
21/09/26 09:07,SKU_016,Product_Snacks & Beverages_16,Snacks & Beverages,283,134,268,"BD Mall, Manjit Nagar (Near Thapar Uni)",Patiala,147004,74,1.11,37,86,In Stock
21/09/26 09:07,SKU_017,Product_Personal Care_17,Personal Care,69,1125,59,"BD Mall, Manjit Nagar (Near Thapar Uni)",Patiala,147004,77,1.66,38,59,In Stock
21/09/26 09:07,SKU_018,Product_Snacks & Beverages_18,Snacks & Beverages,73,1229,66,"BD Mall, Manjit Nagar (Near Thapar Uni)",Patiala,147004,25,1.28,12,37,In Stock
21/09/26 09:07,SKU_019,Product_Snacks & Beverages_19,Snacks & Beverages,210,501,188,"BD Mall, Manjit Nagar (Near Thapar Uni)",Patiala,147004,36,1.03,18,0,Out of Stock
21/09/26 09:07,SKU_020,Product_Staples_20,Staples,181,301,158,"BD Mall, Manjit Nagar (Near Thapar Uni)",Patiala,147004,70,1.41,35,66,In Stock
21/09/26 09:07,SKU_021,Product_Staples_21,Staples,289,915,269,"BD Mall, Manjit Nagar (Near Thapar Uni)",Patiala,147004,69,1.43,34,42,In Stock
21/09/26 09:07,SKU_022,Product_Dairy_22,Dairy/Fresh,234,1375,216,"BD Mall, Manjit Nagar (Near Thapar Uni)",Patiala,147004,149,0.78,29,118,In Stock
21/09/26 09:07,SKU_023,Product_Dairy_23,Dairy/Fresh,232,819,221,"BD Mall, Manjit Nagar (Near Thapar Uni)",Patiala,147004,121,0.83,24,94,In Stock
21/09/26 09:07,SKU_024,Product_Staples_24,Staples,72,891,64,"BD Mall, Manjit Nagar (Near Thapar Uni)",Patiala,147004,70,1.31,35,63,In Stock
21/09/26 09:07,SKU_025,Product_Dairy_25,Dairy/Fresh,271,287,240,"BD Mall, Manjit Nagar (Near Thapar Uni)",Patiala,147004,84,0.74,16,48,In Stock
21/09/26 09:07,SKU_026,Product_Snacks & Beverages_26,Snacks & Beverages,60,1280,53,"BD Mall, Manjit Nagar (Near Thapar Uni)",Patiala,147004,75,1.06,37,60,In Stock
21/09/26 09:07,SKU_027,Product_Staples_27,Staples,84,620,74,"BD Mall, Manjit Nagar (Near Thapar Uni)",Patiala,147004,27,1.69,13,37,In Stock
21/09/26 09:07,SKU_028,Product_Staples_28,Staples,155,1186,145,"BD Mall, Manjit Nagar (Near Thapar Uni)",Patiala,147004,40,1.57,20,50,In Stock
21/09/26 09:07,SKU_029,Product_Staples_29,Staples,100,491,91,"BD Mall, Manjit Nagar (Near Thapar Uni)",Patiala,147004,75,1.35,37,65,In Stock
21/09/26 09:07,SKU_030,Product_Staples_30,Staples,280,330,241,"BD Mall, Manjit Nagar (Near Thapar Uni)",Patiala,147004,25,1.71,12,0,Out of Stock
21/09/26 09:07,SKU_031,Product_Snacks & Beverages_31,Snacks & Beverages,47,234,42,"BD Mall, Manjit Nagar (Near Thapar Uni)",Patiala,147004,40,1.54,20,57,In Stock
21/09/26 09:07,SKU_032,Product_Staples_32,Staples,287,1029,255,"BD Mall, Manjit Nagar (Near Thapar Uni)",Patiala,147004,76,1.47,38,82,In Stock
21/09/26 09:07,SKU_033,Product_Dairy_33,Dairy/Fresh,81,904,77,"BD Mall, Manjit Nagar (Near Thapar Uni)",Patiala,147004,63,0.68,12,22,In Stock
21/09/26 09:07,SKU_034,Product_Staples_34,Staples,233,1060,223,"BD Mall, Manjit Nagar (Near Thapar Uni)",Patiala,147004,43,1.64,21,52,In Stock
21/09/26 09:07,SKU_035,Product_Dairy_35,Dairy/Fresh,150,1128,131,"BD Mall, Manjit Nagar (Near Thapar Uni)",Patiala,147004,136,0.7,27,0,Out of Stock
21/09/26 09:07,SKU_036,Product_Snacks & Beverages_36,Snacks & Beverages,274,497,274,"BD Mall, Manjit Nagar (Near Thapar Uni)",Patiala,147004,78,1.29,39,46,In Stock
21/09/26 09:07,SKU_037,Product_Snacks & Beverages_37,Snacks & Beverages,226,1138,201,"BD Mall, Manjit Nagar (Near Thapar Uni)",Patiala,147004,37,1.14,18,37,In Stock
21/09/26 09:07,SKU_038,Product_Dairy_38,Dairy/Fresh,198,963,197,"BD Mall, Manjit Nagar (Near Thapar Uni)",Patiala,147004,132,0.75,26,59,In Stock
21/09/26 09:07,SKU_039,Product_Snacks & Beverages_39,Snacks & Beverages,71,1120,65,"BD Mall, Manjit Nagar (Near Thapar Uni)",Patiala,147004,47,1.64,23,64,In Stock
21/09/26 09:07,SKU_040,Product_Snacks & Beverages_40,Snacks & Beverages,241,584,206,"BD Mall, Manjit Nagar (Near Thapar Uni)",Patiala,147004,76,1.87,38,45,In Stock
21/09/26 09:07,SKU_041,Product_Dairy_41,Dairy/Fresh,256,1294,231,"BD Mall, Manjit Nagar (Near Thapar Uni)",Patiala,147004,91,0.58,18,83,In Stock
21/09/26 09:07,SKU_042,Product_Dairy_42,Dairy/Fresh,32,1283,30,"BD Mall, Manjit Nagar (Near Thapar Uni)",Patiala,147004,68,0.56,13,33,In Stock
21/09/26 10:26,SKU_001,Product_Dairy_1,Dairy/Fresh,290,1230,273,"BD Mall, Manjit Nagar (Near Thapar Uni)",Patiala,147004,122,0.97,24,102,In Stock
21/09/26 10:26,SKU_002,Product_Staples_2,Staples,40,221,38,"BD Mall, Manjit Nagar (Near Thapar Uni)",Patiala,147004,67,1.83,33,38,In Stock
21/09/26 10:26,SKU_003,Product_Dairy_3,Dairy/Fresh,107,1496,105,"BD Mall, Manjit Nagar (Near Thapar Uni)",Patiala,147004,133,0.83,26,30,In Stock
21/09/26 10:26,SKU_004,Product_Snacks & Beverages_4,Snacks & Beverages,171,230,161,"BD Mall, Manjit Nagar (Near Thapar Uni)",Patiala,147004,46,1.61,23,25,In Stock
21/09/26 10:26,SKU_005,Product_Dairy_5,Dairy/Fresh,277,443,248,"BD Mall, Manjit Nagar (Near Thapar Uni)",Patiala,147004,120,0.95,24,130,In Stock
21/09/26 10:26,SKU_006,Product_Staples_6,Staples,211,1055,183,"BD Mall, Manjit Nagar (Near Thapar Uni)",Patiala,147004,65,1.02,32,74,In Stock
21/09/26 10:26,SKU_007,Product_Dairy_7,Dairy/Fresh,41,352,38,"BD Mall, Manjit Nagar (Near Thapar Uni)",Patiala,147004,112,0.88,22,0,Out of Stock
21/09/26 10:26,SKU_008,Product_Snacks & Beverages_8,Snacks & Beverages,68,574,60,"BD Mall, Manjit Nagar (Near Thapar Uni)",Patiala,147004,71,1.09,35,69,In Stock
21/09/26 10:26,SKU_009,Product_Snacks & Beverages_9,Snacks & Beverages,189,799,172,"BD Mall, Manjit Nagar (Near Thapar Uni)",Patiala,147004,61,1.71,30,0,Out of Stock
21/09/26 10:26,SKU_010,Product_Dairy_10,Dairy/Fresh,209,1057,205,"BD Mall, Manjit Nagar (Near Thapar Uni)",Patiala,147004,96,0.91,19,53,In Stock
21/09/26 10:26,SKU_011,Product_Staples_11,Staples,70,1367,63,"BD Mall, Manjit Nagar (Near Thapar Uni)",Patiala,147004,61,1.5,30,48,In Stock
21/09/26 10:26,SKU_012,Product_Snacks & Beverages_12,Snacks & Beverages,150,746,130,"BD Mall, Manjit Nagar (Near Thapar Uni)",Patiala,147004,45,1.47,22,64,In Stock
21/09/26 10:26,SKU_013,Product_Dairy_13,Dairy/Fresh,186,1397,168,"BD Mall, Manjit Nagar (Near Thapar Uni)",Patiala,147004,102,0.64,20,117,In Stock
21/09/26 10:26,SKU_014,Product_Personal Care_14,Personal Care,33,341,33,"BD Mall, Manjit Nagar (Near Thapar Uni)",Patiala,147004,30,1.87,15,0,Out of Stock
21/09/26 10:26,SKU_015,Product_Dairy_15,Dairy/Fresh,72,997,64,"BD Mall, Manjit Nagar (Near Thapar Uni)",Patiala,147004,85,0.64,17,90,In Stock
21/09/26 10:26,SKU_016,Product_Snacks & Beverages_16,Snacks & Beverages,283,134,268,"BD Mall, Manjit Nagar (Near Thapar Uni)",Patiala,147004,53,1.35,26,45,In Stock
21/09/26 10:26,SKU_017,Product_Personal Care_17,Personal Care,69,1125,59,"BD Mall, Manjit Nagar (Near Thapar Uni)",Patiala,147004,76,1.77,38,38,In Stock
21/09/26 10:26,SKU_018,Product_Snacks & Beverages_18,Snacks & Beverages,73,1229,66,"BD Mall, Manjit Nagar (Near Thapar Uni)",Patiala,147004,71,1.03,35,40,In Stock
21/09/26 10:26,SKU_019,Product_Snacks & Beverages_19,Snacks & Beverages,210,501,188,"BD Mall, Manjit Nagar (Near Thapar Uni)",Patiala,147004,59,1.67,29,0,Out of Stock
21/09/26 10:26,SKU_020,Product_Staples_20,Staples,181,301,158,"BD Mall, Manjit Nagar (Near Thapar Uni)",Patiala,147004,42,1.82,21,22,In Stock
21/09/26 10:26,SKU_021,Product_Staples_21,Staples,289,915,269,"BD Mall, Manjit Nagar (Near Thapar Uni)",Patiala,147004,48,1.93,24,61,In Stock
21/09/26 10:26,SKU_022,Product_Dairy_22,Dairy/Fresh,234,1375,216,"BD Mall, Manjit Nagar (Near Thapar Uni)",Patiala,147004,101,0.9,20,52,In Stock
21/09/26 10:26,SKU_023,Product_Dairy_23,Dairy/Fresh,232,819,221,"BD Mall, Manjit Nagar (Near Thapar Uni)",Patiala,147004,138,0.78,27,93,In Stock
21/09/26 10:26,SKU_024,Product_Staples_24,Staples,72,891,64,"BD Mall, Manjit Nagar (Near Thapar Uni)",Patiala,147004,59,1.59,29,64,In Stock
21/09/26 10:26,SKU_025,Product_Dairy_25,Dairy/Fresh,271,287,240,"BD Mall, Manjit Nagar (Near Thapar Uni)",Patiala,147004,124,0.71,24,100,In Stock
21/09/26 10:26,SKU_026,Product_Snacks & Beverages_26,Snacks & Beverages,60,1280,53,"BD Mall, Manjit Nagar (Near Thapar Uni)",Patiala,147004,40,1.26,20,54,In Stock
21/09/26 10:26,SKU_027,Product_Staples_27,Staples,84,620,74,"BD Mall, Manjit Nagar (Near Thapar Uni)",Patiala,147004,21,1.09,10,24,In Stock
21/09/26 10:26,SKU_028,Product_Staples_28,Staples,155,1186,145,"BD Mall, Manjit Nagar (Near Thapar Uni)",Patiala,147004,37,1.32,18,39,In Stock
21/09/26 10:26,SKU_029,Product_Staples_29,Staples,100,491,91,"BD Mall, Manjit Nagar (Near Thapar Uni)",Patiala,147004,66,1.88,33,75,In Stock
21/09/26 10:26,SKU_030,Product_Staples_30,Staples,280,330,241,"BD Mall, Manjit Nagar (Near Thapar Uni)",Patiala,147004,52,1.35,26,29,In Stock
21/09/26 10:26,SKU_031,Product_Snacks & Beverages_31,Snacks & Beverages,47,234,42,"BD Mall, Manjit Nagar (Near Thapar Uni)",Patiala,147004,56,1.56,28,44,In Stock
21/09/26 10:26,SKU_032,Product_Staples_32,Staples,287,1029,255,"BD Mall, Manjit Nagar (Near Thapar Uni)",Patiala,147004,53,1.43,26,30,In Stock
21/09/26 10:26,SKU_033,Product_Dairy_33,Dairy/Fresh,81,904,77,"BD Mall, Manjit Nagar (Near Thapar Uni)",Patiala,147004,117,0.98,23,107,In Stock
21/09/26 10:26,SKU_034,Product_Staples_34,Staples,233,1060,223,"BD Mall, Manjit Nagar (Near Thapar Uni)",Patiala,147004,54,1.97,27,50,In Stock
21/09/26 10:26,SKU_035,Product_Dairy_35,Dairy/Fresh,150,1128,131,"BD Mall, Manjit Nagar (Near Thapar Uni)",Patiala,147004,57,0.95,11,50,In Stock
21/09/26 10:26,SKU_036,Product_Snacks & Beverages_36,Snacks & Beverages,274,497,274,"BD Mall, Manjit Nagar (Near Thapar Uni)",Patiala,147004,69,1.63,34,86,In Stock
21/09/26 10:26,SKU_037,Product_Snacks & Beverages_37,Snacks & Beverages,226,1138,201,"BD Mall, Manjit Nagar (Near Thapar Uni)",Patiala,147004,73,1.42,36,91,In Stock
21/09/26 10:26,SKU_038,Product_Dairy_38,Dairy/Fresh,198,963,197,"BD Mall, Manjit Nagar (Near Thapar Uni)",Patiala,147004,90,0.9,18,47,In Stock
21/09/26 10:26,SKU_039,Product_Snacks & Beverages_39,Snacks & Beverages,71,1120,65,"BD Mall, Manjit Nagar (Near Thapar Uni)",Patiala,147004,65,1.49,32,73,In Stock
21/09/26 10:26,SKU_040,Product_Snacks & Beverages_40,Snacks & Beverages,241,584,206,"BD Mall, Manjit Nagar (Near Thapar Uni)",Patiala,147004,43,1.81,21,27,In Stock
21/09/26 10:26,SKU_041,Product_Dairy_41,Dairy/Fresh,256,1294,231,"BD Mall, Manjit Nagar (Near Thapar Uni)",Patiala,147004,142,0.87,28,151,In Stock
21/09/26 10:26,SKU_042,Product_Dairy_42,Dairy/Fresh,32,1283,30,"BD Mall, Manjit Nagar (Near Thapar Uni)",Patiala,147004,111,0.98,22,92,In Stock
21/09/26 11:20,SKU_001,Product_Dairy_1,Dairy/Fresh,290,1230,273,"BD Mall, Manjit Nagar (Near Thapar Uni)",Patiala,147004,97,0.84,19,109,In Stock
21/09/26 11:20,SKU_002,Product_Staples_2,Staples,40,221,38,"BD Mall, Manjit Nagar (Near Thapar Uni)",Patiala,147004,72,1.76,36,59,In Stock
21/09/26 11:20,SKU_003,Product_Dairy_3,Dairy/Fresh,107,1496,105,"BD Mall, Manjit Nagar (Near Thapar Uni)",Patiala,147004,61,0.97,12,30,In Stock
21/09/26 11:20,SKU_004,Product_Snacks & Beverages_4,Snacks & Beverages,171,230,161,"BD Mall, Manjit Nagar (Near Thapar Uni)",Patiala,147004,42,1.57,21,61,In Stock
21/09/26 11:20,SKU_005,Product_Dairy_5,Dairy/Fresh,277,443,248,"BD Mall, Manjit Nagar (Near Thapar Uni)",Patiala,147004,60,0.8,12,45,In Stock
21/09/26 11:20,SKU_006,Product_Staples_6,Staples,211,1055,183,"BD Mall, Manjit Nagar (Near Thapar Uni)",Patiala,147004,68,1.89,34,55,In Stock
21/09/26 11:20,SKU_007,Product_Dairy_7,Dairy/Fresh,41,352,38,"BD Mall, Manjit Nagar (Near Thapar Uni)",Patiala,147004,99,0.97,19,70,In Stock
21/09/26 11:20,SKU_008,Product_Snacks & Beverages_8,Snacks & Beverages,68,574,60,"BD Mall, Manjit Nagar (Near Thapar Uni)",Patiala,147004,21,1.81,10,28,In Stock
21/09/26 11:20,SKU_009,Product_Snacks & Beverages_9,Snacks & Beverages,189,799,172,"BD Mall, Manjit Nagar (Near Thapar Uni)",Patiala,147004,77,1.81,38,64,In Stock
21/09/26 11:20,SKU_010,Product_Dairy_10,Dairy/Fresh,209,1057,205,"BD Mall, Manjit Nagar (Near Thapar Uni)",Patiala,147004,118,0.84,23,28,In Stock
21/09/26 11:20,SKU_011,Product_Staples_11,Staples,70,1367,63,"BD Mall, Manjit Nagar (Near Thapar Uni)",Patiala,147004,55,1.46,27,36,In Stock
21/09/26 11:20,SKU_012,Product_Snacks & Beverages_12,Snacks & Beverages,150,746,130,"BD Mall, Manjit Nagar (Near Thapar Uni)",Patiala,147004,52,1.86,26,70,In Stock
21/09/26 11:20,SKU_013,Product_Dairy_13,Dairy/Fresh,186,1397,168,"BD Mall, Manjit Nagar (Near Thapar Uni)",Patiala,147004,116,0.95,23,117,In Stock
21/09/26 11:20,SKU_014,Product_Personal Care_14,Personal Care,33,341,33,"BD Mall, Manjit Nagar (Near Thapar Uni)",Patiala,147004,32,1.02,16,40,In Stock
21/09/26 11:20,SKU_015,Product_Dairy_15,Dairy/Fresh,72,997,64,"BD Mall, Manjit Nagar (Near Thapar Uni)",Patiala,147004,82,0.53,16,81,In Stock
21/09/26 11:20,SKU_016,Product_Snacks & Beverages_16,Snacks & Beverages,283,134,268,"BD Mall, Manjit Nagar (Near Thapar Uni)",Patiala,147004,44,1.96,22,31,In Stock
21/09/26 11:20,SKU_017,Product_Personal Care_17,Personal Care,69,1125,59,"BD Mall, Manjit Nagar (Near Thapar Uni)",Patiala,147004,23,1.28,11,20,In Stock
21/09/26 11:20,SKU_018,Product_Snacks & Beverages_18,Snacks & Beverages,73,1229,66,"BD Mall, Manjit Nagar (Near Thapar Uni)",Patiala,147004,61,1.87,30,0,Out of Stock
21/09/26 11:20,SKU_019,Product_Snacks & Beverages_19,Snacks & Beverages,210,501,188,"BD Mall, Manjit Nagar (Near Thapar Uni)",Patiala,147004,38,1.39,19,23,In Stock
21/09/26 11:20,SKU_020,Product_Staples_20,Staples,181,301,158,"BD Mall, Manjit Nagar (Near Thapar Uni)",Patiala,147004,37,1.12,18,39,In Stock
21/09/26 11:20,SKU_021,Product_Staples_21,Staples,289,915,269,"BD Mall, Manjit Nagar (Near Thapar Uni)",Patiala,147004,56,1.08,28,31,In Stock
21/09/26 11:20,SKU_022,Product_Dairy_22,Dairy/Fresh,234,1375,216,"BD Mall, Manjit Nagar (Near Thapar Uni)",Patiala,147004,147,0.56,29,0,Out of Stock
21/09/26 11:20,SKU_023,Product_Dairy_23,Dairy/Fresh,232,819,221,"BD Mall, Manjit Nagar (Near Thapar Uni)",Patiala,147004,137,0.55,27,97,In Stock
21/09/26 11:20,SKU_024,Product_Staples_24,Staples,72,891,64,"BD Mall, Manjit Nagar (Near Thapar Uni)",Patiala,147004,77,1.49,38,87,In Stock
21/09/26 11:20,SKU_025,Product_Dairy_25,Dairy/Fresh,271,287,240,"BD Mall, Manjit Nagar (Near Thapar Uni)",Patiala,147004,114,0.77,22,38,In Stock
21/09/26 11:20,SKU_026,Product_Snacks & Beverages_26,Snacks & Beverages,60,1280,53,"BD Mall, Manjit Nagar (Near Thapar Uni)",Patiala,147004,78,1.99,39,49,In Stock
21/09/26 11:20,SKU_027,Product_Staples_27,Staples,84,620,74,"BD Mall, Manjit Nagar (Near Thapar Uni)",Patiala,147004,73,1.44,36,88,In Stock
21/09/26 11:20,SKU_028,Product_Staples_28,Staples,155,1186,145,"BD Mall, Manjit Nagar (Near Thapar Uni)",Patiala,147004,35,1.52,17,24,In Stock
21/09/26 11:20,SKU_029,Product_Staples_29,Staples,100,491,91,"BD Mall, Manjit Nagar (Near Thapar Uni)",Patiala,147004,20,1.52,10,37,In Stock
21/09/26 11:20,SKU_030,Product_Staples_30,Staples,280,330,241,"BD Mall, Manjit Nagar (Near Thapar Uni)",Patiala,147004,31,1.54,15,47,In Stock
21/09/26 11:20,SKU_031,Product_Snacks & Beverages_31,Snacks & Beverages,47,234,42,"BD Mall, Manjit Nagar (Near Thapar Uni)",Patiala,147004,43,1.52,21,45,In Stock
21/09/26 11:20,SKU_032,Product_Staples_32,Staples,287,1029,255,"BD Mall, Manjit Nagar (Near Thapar Uni)",Patiala,147004,53,1.01,26,46,In Stock
21/09/26 11:20,SKU_033,Product_Dairy_33,Dairy/Fresh,81,904,77,"BD Mall, Manjit Nagar (Near Thapar Uni)",Patiala,147004,125,0.74,25,100,In Stock
21/09/26 11:20,SKU_034,Product_Staples_34,Staples,233,1060,223,"BD Mall, Manjit Nagar (Near Thapar Uni)",Patiala,147004,76,1.1,38,63,In Stock
21/09/26 11:20,SKU_035,Product_Dairy_35,Dairy/Fresh,150,1128,131,"BD Mall, Manjit Nagar (Near Thapar Uni)",Patiala,147004,96,0.96,19,47,In Stock
21/09/26 11:20,SKU_036,Product_Snacks & Beverages_36,Snacks & Beverages,274,497,274,"BD Mall, Manjit Nagar (Near Thapar Uni)",Patiala,147004,37,1.7,18,0,Out of Stock
21/09/26 11:20,SKU_037,Product_Snacks & Beverages_37,Snacks & Beverages,226,1138,201,"BD Mall, Manjit Nagar (Near Thapar Uni)",Patiala,147004,76,1.2,38,0,Out of Stock
21/09/26 11:20,SKU_038,Product_Dairy_38,Dairy/Fresh,198,963,197,"BD Mall, Manjit Nagar (Near Thapar Uni)",Patiala,147004,75,0.68,15,58,In Stock
21/09/26 11:20,SKU_039,Product_Snacks & Beverages_39,Snacks & Beverages,71,1120,65,"BD Mall, Manjit Nagar (Near Thapar Uni)",Patiala,147004,24,1.93,12,24,In Stock
21/09/26 11:20,SKU_040,Product_Snacks & Beverages_40,Snacks & Beverages,241,584,206,"BD Mall, Manjit Nagar (Near Thapar Uni)",Patiala,147004,45,1.98,22,50,In Stock
21/09/26 11:20,SKU_041,Product_Dairy_41,Dairy/Fresh,256,1294,231,"BD Mall, Manjit Nagar (Near Thapar Uni)",Patiala,147004,71,0.75,14,72,In Stock
21/09/26 11:20,SKU_042,Product_Dairy_42,Dairy/Fresh,32,1283,30,"BD Mall, Manjit Nagar (Near Thapar Uni)",Patiala,147004,70,0.84,14,28,In Stock
21/09/26 12:32,SKU_001,Product_Dairy_1,Dairy/Fresh,290,1230,273,"BD Mall, Manjit Nagar (Near Thapar Uni)",Patiala,147004,100,0.67,20,89,In Stock
21/09/26 12:32,SKU_002,Product_Staples_2,Staples,40,221,38,"BD Mall, Manjit Nagar (Near Thapar Uni)",Patiala,147004,38,1.18,19,50,In Stock
21/09/26 12:32,SKU_003,Product_Dairy_3,Dairy/Fresh,107,1496,105,"BD Mall, Manjit Nagar (Near Thapar Uni)",Patiala,147004,69,0.85,13,56,In Stock
21/09/26 12:32,SKU_004,Product_Snacks & Beverages_4,Snacks & Beverages,171,230,161,"BD Mall, Manjit Nagar (Near Thapar Uni)",Patiala,147004,22,1.89,11,12,In Stock
21/09/26 12:32,SKU_005,Product_Dairy_5,Dairy/Fresh,277,443,248,"BD Mall, Manjit Nagar (Near Thapar Uni)",Patiala,147004,100,0.75,20,55,In Stock
21/09/26 12:32,SKU_006,Product_Staples_6,Staples,211,1055,183,"BD Mall, Manjit Nagar (Near Thapar Uni)",Patiala,147004,59,1.43,29,48,In Stock
21/09/26 12:32,SKU_007,Product_Dairy_7,Dairy/Fresh,41,352,38,"BD Mall, Manjit Nagar (Near Thapar Uni)",Patiala,147004,104,0.74,20,76,In Stock
21/09/26 12:32,SKU_008,Product_Snacks & Beverages_8,Snacks & Beverages,68,574,60,"BD Mall, Manjit Nagar (Near Thapar Uni)",Patiala,147004,77,1.1,38,90,In Stock
21/09/26 12:32,SKU_009,Product_Snacks & Beverages_9,Snacks & Beverages,189,799,172,"BD Mall, Manjit Nagar (Near Thapar Uni)",Patiala,147004,77,1.04,38,49,In Stock
21/09/26 12:32,SKU_010,Product_Dairy_10,Dairy/Fresh,209,1057,205,"BD Mall, Manjit Nagar (Near Thapar Uni)",Patiala,147004,77,0.65,15,52,In Stock
21/09/26 12:32,SKU_011,Product_Staples_11,Staples,70,1367,63,"BD Mall, Manjit Nagar (Near Thapar Uni)",Patiala,147004,21,1.43,10,33,In Stock
21/09/26 12:32,SKU_012,Product_Snacks & Beverages_12,Snacks & Beverages,150,746,130,"BD Mall, Manjit Nagar (Near Thapar Uni)",Patiala,147004,30,2,15,31,In Stock
21/09/26 12:32,SKU_013,Product_Dairy_13,Dairy/Fresh,186,1397,168,"BD Mall, Manjit Nagar (Near Thapar Uni)",Patiala,147004,125,0.62,25,51,In Stock
21/09/26 12:32,SKU_014,Product_Personal Care_14,Personal Care,33,341,33,"BD Mall, Manjit Nagar (Near Thapar Uni)",Patiala,147004,47,1.86,23,39,In Stock
21/09/26 12:32,SKU_015,Product_Dairy_15,Dairy/Fresh,72,997,64,"BD Mall, Manjit Nagar (Near Thapar Uni)",Patiala,147004,116,0.89,23,0,Out of Stock
21/09/26 12:32,SKU_016,Product_Snacks & Beverages_16,Snacks & Beverages,283,134,268,"BD Mall, Manjit Nagar (Near Thapar Uni)",Patiala,147004,32,1.83,16,26,In Stock
21/09/26 12:32,SKU_017,Product_Personal Care_17,Personal Care,69,1125,59,"BD Mall, Manjit Nagar (Near Thapar Uni)",Patiala,147004,56,1.82,28,66,In Stock
21/09/26 12:32,SKU_018,Product_Snacks & Beverages_18,Snacks & Beverages,73,1229,66,"BD Mall, Manjit Nagar (Near Thapar Uni)",Patiala,147004,41,1.92,20,0,Out of Stock
21/09/26 12:32,SKU_019,Product_Snacks & Beverages_19,Snacks & Beverages,210,501,188,"BD Mall, Manjit Nagar (Near Thapar Uni)",Patiala,147004,31,1.3,15,16,In Stock
21/09/26 12:32,SKU_020,Product_Staples_20,Staples,181,301,158,"BD Mall, Manjit Nagar (Near Thapar Uni)",Patiala,147004,21,1.95,10,31,In Stock
21/09/26 12:32,SKU_021,Product_Staples_21,Staples,289,915,269,"BD Mall, Manjit Nagar (Near Thapar Uni)",Patiala,147004,56,1.15,28,56,In Stock
21/09/26 12:32,SKU_022,Product_Dairy_22,Dairy/Fresh,234,1375,216,"BD Mall, Manjit Nagar (Near Thapar Uni)",Patiala,147004,50,0.75,10,54,In Stock
21/09/26 12:32,SKU_023,Product_Dairy_23,Dairy/Fresh,232,819,221,"BD Mall, Manjit Nagar (Near Thapar Uni)",Patiala,147004,121,0.84,24,111,In Stock
21/09/26 12:32,SKU_024,Product_Staples_24,Staples,72,891,64,"BD Mall, Manjit Nagar (Near Thapar Uni)",Patiala,147004,45,1.83,22,45,In Stock
21/09/26 12:32,SKU_025,Product_Dairy_25,Dairy/Fresh,271,287,240,"BD Mall, Manjit Nagar (Near Thapar Uni)",Patiala,147004,87,0.91,17,96,In Stock
21/09/26 12:32,SKU_026,Product_Snacks & Beverages_26,Snacks & Beverages,60,1280,53,"BD Mall, Manjit Nagar (Near Thapar Uni)",Patiala,147004,31,1.83,15,45,In Stock
21/09/26 12:32,SKU_027,Product_Staples_27,Staples,84,620,74,"BD Mall, Manjit Nagar (Near Thapar Uni)",Patiala,147004,35,1.73,17,25,In Stock
21/09/26 12:32,SKU_028,Product_Staples_28,Staples,155,1186,145,"BD Mall, Manjit Nagar (Near Thapar Uni)",Patiala,147004,42,1.21,21,47,In Stock
21/09/26 12:32,SKU_029,Product_Staples_29,Staples,100,491,91,"BD Mall, Manjit Nagar (Near Thapar Uni)",Patiala,147004,59,1.95,29,69,In Stock
21/09/26 12:32,SKU_030,Product_Staples_30,Staples,280,330,241,"BD Mall, Manjit Nagar (Near Thapar Uni)",Patiala,147004,79,1.06,39,52,In Stock
21/09/26 12:32,SKU_031,Product_Snacks & Beverages_31,Snacks & Beverages,47,234,42,"BD Mall, Manjit Nagar (Near Thapar Uni)",Patiala,147004,28,1.9,14,38,In Stock
21/09/26 12:32,SKU_032,Product_Staples_32,Staples,287,1029,255,"BD Mall, Manjit Nagar (Near Thapar Uni)",Patiala,147004,51,1.3,25,67,In Stock
21/09/26 12:32,SKU_033,Product_Dairy_33,Dairy/Fresh,81,904,77,"BD Mall, Manjit Nagar (Near Thapar Uni)",Patiala,147004,55,0.83,11,54,In Stock
21/09/26 12:32,SKU_034,Product_Staples_34,Staples,233,1060,223,"BD Mall, Manjit Nagar (Near Thapar Uni)",Patiala,147004,56,1.42,28,49,In Stock
21/09/26 12:32,SKU_035,Product_Dairy_35,Dairy/Fresh,150,1128,131,"BD Mall, Manjit Nagar (Near Thapar Uni)",Patiala,147004,76,0.86,15,47,In Stock
21/09/26 12:32,SKU_036,Product_Snacks & Beverages_36,Snacks & Beverages,274,497,274,"BD Mall, Manjit Nagar (Near Thapar Uni)",Patiala,147004,24,1.36,12,38,In Stock
21/09/26 12:32,SKU_037,Product_Snacks & Beverages_37,Snacks & Beverages,226,1138,201,"BD Mall, Manjit Nagar (Near Thapar Uni)",Patiala,147004,30,1.19,15,40,In Stock
21/09/26 12:32,SKU_038,Product_Dairy_38,Dairy/Fresh,198,963,197,"BD Mall, Manjit Nagar (Near Thapar Uni)",Patiala,147004,114,0.77,22,0,Out of Stock
21/09/26 12:32,SKU_039,Product_Snacks & Beverages_39,Snacks & Beverages,71,1120,65,"BD Mall, Manjit Nagar (Near Thapar Uni)",Patiala,147004,71,1.19,35,79,In Stock
21/09/26 12:32,SKU_040,Product_Snacks & Beverages_40,Snacks & Beverages,241,584,206,"BD Mall, Manjit Nagar (Near Thapar Uni)",Patiala,147004,32,1.49,16,41,In Stock
21/09/26 12:32,SKU_041,Product_Dairy_41,Dairy/Fresh,256,1294,231,"BD Mall, Manjit Nagar (Near Thapar Uni)",Patiala,147004,148,0.71,29,98,In Stock
21/09/26 12:32,SKU_042,Product_Dairy_42,Dairy/Fresh,32,1283,30,"BD Mall, Manjit Nagar (Near Thapar Uni)",Patiala,147004,89,0.97,17,83,In Stock
21/09/26 13:46,SKU_001,Product_Dairy_1,Dairy/Fresh,290,1230,273,"BD Mall, Manjit Nagar (Near Thapar Uni)",Patiala,147004,63,0.86,12,17,In Stock
21/09/26 13:46,SKU_002,Product_Staples_2,Staples,40,221,38,"BD Mall, Manjit Nagar (Near Thapar Uni)",Patiala,147004,69,1.64,34,61,In Stock
21/09/26 13:46,SKU_003,Product_Dairy_3,Dairy/Fresh,107,1496,105,"BD Mall, Manjit Nagar (Near Thapar Uni)",Patiala,147004,97,0.92,19,85,In Stock
21/09/26 13:46,SKU_004,Product_Snacks & Beverages_4,Snacks & Beverages,171,230,161,"BD Mall, Manjit Nagar (Near Thapar Uni)",Patiala,147004,61,1.67,30,0,Out of Stock
21/09/26 13:46,SKU_005,Product_Dairy_5,Dairy/Fresh,277,443,248,"BD Mall, Manjit Nagar (Near Thapar Uni)",Patiala,147004,105,0.81,21,0,Out of Stock
21/09/26 13:46,SKU_006,Product_Staples_6,Staples,211,1055,183,"BD Mall, Manjit Nagar (Near Thapar Uni)",Patiala,147004,26,1.69,13,25,In Stock
21/09/26 13:46,SKU_007,Product_Dairy_7,Dairy/Fresh,41,352,38,"BD Mall, Manjit Nagar (Near Thapar Uni)",Patiala,147004,62,0.7,12,12,In Stock
21/09/26 13:46,SKU_008,Product_Snacks & Beverages_8,Snacks & Beverages,68,574,60,"BD Mall, Manjit Nagar (Near Thapar Uni)",Patiala,147004,47,1.86,23,62,In Stock
21/09/26 13:46,SKU_009,Product_Snacks & Beverages_9,Snacks & Beverages,189,799,172,"BD Mall, Manjit Nagar (Near Thapar Uni)",Patiala,147004,51,1.78,25,61,In Stock
21/09/26 13:46,SKU_010,Product_Dairy_10,Dairy/Fresh,209,1057,205,"BD Mall, Manjit Nagar (Near Thapar Uni)",Patiala,147004,95,0.77,19,49,In Stock
21/09/26 13:46,SKU_011,Product_Staples_11,Staples,70,1367,63,"BD Mall, Manjit Nagar (Near Thapar Uni)",Patiala,147004,34,1.77,17,33,In Stock
21/09/26 13:46,SKU_012,Product_Snacks & Beverages_12,Snacks & Beverages,150,746,130,"BD Mall, Manjit Nagar (Near Thapar Uni)",Patiala,147004,67,1.01,33,41,In Stock
21/09/26 13:46,SKU_013,Product_Dairy_13,Dairy/Fresh,186,1397,168,"BD Mall, Manjit Nagar (Near Thapar Uni)",Patiala,147004,92,0.97,18,81,In Stock
21/09/26 13:46,SKU_014,Product_Personal Care_14,Personal Care,33,341,33,"BD Mall, Manjit Nagar (Near Thapar Uni)",Patiala,147004,40,1.07,20,32,In Stock
21/09/26 13:46,SKU_015,Product_Dairy_15,Dairy/Fresh,72,997,64,"BD Mall, Manjit Nagar (Near Thapar Uni)",Patiala,147004,146,0.94,29,53,In Stock
21/09/26 13:46,SKU_016,Product_Snacks & Beverages_16,Snacks & Beverages,283,134,268,"BD Mall, Manjit Nagar (Near Thapar Uni)",Patiala,147004,20,1.76,10,35,In Stock
21/09/26 13:46,SKU_017,Product_Personal Care_17,Personal Care,69,1125,59,"BD Mall, Manjit Nagar (Near Thapar Uni)",Patiala,147004,23,1.81,11,24,In Stock
21/09/26 13:46,SKU_018,Product_Snacks & Beverages_18,Snacks & Beverages,73,1229,66,"BD Mall, Manjit Nagar (Near Thapar Uni)",Patiala,147004,30,1,15,21,In Stock
21/09/26 13:46,SKU_019,Product_Snacks & Beverages_19,Snacks & Beverages,210,501,188,"BD Mall, Manjit Nagar (Near Thapar Uni)",Patiala,147004,63,1.5,31,54,In Stock
21/09/26 13:46,SKU_020,Product_Staples_20,Staples,181,301,158,"BD Mall, Manjit Nagar (Near Thapar Uni)",Patiala,147004,45,1.7,22,57,In Stock
21/09/26 13:46,SKU_021,Product_Staples_21,Staples,289,915,269,"BD Mall, Manjit Nagar (Near Thapar Uni)",Patiala,147004,56,1.16,28,69,In Stock
21/09/26 13:46,SKU_022,Product_Dairy_22,Dairy/Fresh,234,1375,216,"BD Mall, Manjit Nagar (Near Thapar Uni)",Patiala,147004,103,0.75,20,61,In Stock
21/09/26 13:46,SKU_023,Product_Dairy_23,Dairy/Fresh,232,819,221,"BD Mall, Manjit Nagar (Near Thapar Uni)",Patiala,147004,58,0.87,11,57,In Stock
21/09/26 13:46,SKU_024,Product_Staples_24,Staples,72,891,64,"BD Mall, Manjit Nagar (Near Thapar Uni)",Patiala,147004,40,1.18,20,22,In Stock
21/09/26 13:46,SKU_025,Product_Dairy_25,Dairy/Fresh,271,287,240,"BD Mall, Manjit Nagar (Near Thapar Uni)",Patiala,147004,86,0.63,17,17,In Stock
21/09/26 13:46,SKU_026,Product_Snacks & Beverages_26,Snacks & Beverages,60,1280,53,"BD Mall, Manjit Nagar (Near Thapar Uni)",Patiala,147004,64,1.65,32,46,In Stock
21/09/26 13:46,SKU_027,Product_Staples_27,Staples,84,620,74,"BD Mall, Manjit Nagar (Near Thapar Uni)",Patiala,147004,64,1.15,32,42,In Stock
21/09/26 13:46,SKU_028,Product_Staples_28,Staples,155,1186,145,"BD Mall, Manjit Nagar (Near Thapar Uni)",Patiala,147004,68,1.19,34,70,In Stock
21/09/26 13:46,SKU_029,Product_Staples_29,Staples,100,491,91,"BD Mall, Manjit Nagar (Near Thapar Uni)",Patiala,147004,46,1.2,23,29,In Stock
21/09/26 13:46,SKU_030,Product_Staples_30,Staples,280,330,241,"BD Mall, Manjit Nagar (Near Thapar Uni)",Patiala,147004,58,1.24,29,40,In Stock
21/09/26 13:46,SKU_031,Product_Snacks & Beverages_31,Snacks & Beverages,47,234,42,"BD Mall, Manjit Nagar (Near Thapar Uni)",Patiala,147004,59,1.23,29,66,In Stock
21/09/26 13:46,SKU_032,Product_Staples_32,Staples,287,1029,255,"BD Mall, Manjit Nagar (Near Thapar Uni)",Patiala,147004,32,1.4,16,18,In Stock
21/09/26 13:46,SKU_033,Product_Dairy_33,Dairy/Fresh,81,904,77,"BD Mall, Manjit Nagar (Near Thapar Uni)",Patiala,147004,88,0.78,17,69,In Stock
21/09/26 13:46,SKU_034,Product_Staples_34,Staples,233,1060,223,"BD Mall, Manjit Nagar (Near Thapar Uni)",Patiala,147004,78,1.44,39,64,In Stock
21/09/26 13:46,SKU_035,Product_Dairy_35,Dairy/Fresh,150,1128,131,"BD Mall, Manjit Nagar (Near Thapar Uni)",Patiala,147004,90,0.9,18,0,Out of Stock
21/09/26 13:46,SKU_036,Product_Snacks & Beverages_36,Snacks & Beverages,274,497,274,"BD Mall, Manjit Nagar (Near Thapar Uni)",Patiala,147004,49,1.72,24,59,In Stock
21/09/26 13:46,SKU_037,Product_Snacks & Beverages_37,Snacks & Beverages,226,1138,201,"BD Mall, Manjit Nagar (Near Thapar Uni)",Patiala,147004,23,1.13,11,23,In Stock
21/09/26 13:46,SKU_038,Product_Dairy_38,Dairy/Fresh,198,963,197,"BD Mall, Manjit Nagar (Near Thapar Uni)",Patiala,147004,113,0.86,22,0,Out of Stock
21/09/26 13:46,SKU_039,Product_Snacks & Beverages_39,Snacks & Beverages,71,1120,65,"BD Mall, Manjit Nagar (Near Thapar Uni)",Patiala,147004,35,1.88,17,53,In Stock
21/09/26 13:46,SKU_040,Product_Snacks & Beverages_40,Snacks & Beverages,241,584,206,"BD Mall, Manjit Nagar (Near Thapar Uni)",Patiala,147004,50,1.08,25,42,In Stock
21/09/26 13:46,SKU_041,Product_Dairy_41,Dairy/Fresh,256,1294,231,"BD Mall, Manjit Nagar (Near Thapar Uni)",Patiala,147004,60,0.81,12,12,In Stock
21/09/26 13:46,SKU_042,Product_Dairy_42,Dairy/Fresh,32,1283,30,"BD Mall, Manjit Nagar (Near Thapar Uni)",Patiala,147004,126,0.71,25,141,In Stock
21/09/26 14:04,SKU_001,Product_Dairy_1,Dairy/Fresh,290,1230,273,"BD Mall, Manjit Nagar (Near Thapar Uni)",Patiala,147004,95,0.59,19,39,In Stock
21/09/26 14:04,SKU_002,Product_Staples_2,Staples,40,221,38,"BD Mall, Manjit Nagar (Near Thapar Uni)",Patiala,147004,63,1.58,31,58,In Stock
21/09/26 14:04,SKU_003,Product_Dairy_3,Dairy/Fresh,107,1496,105,"BD Mall, Manjit Nagar (Near Thapar Uni)",Patiala,147004,50,0.88,10,57,In Stock
21/09/26 14:04,SKU_004,Product_Snacks & Beverages_4,Snacks & Beverages,171,230,161,"BD Mall, Manjit Nagar (Near Thapar Uni)",Patiala,147004,45,1.89,22,37,In Stock
21/09/26 14:04,SKU_005,Product_Dairy_5,Dairy/Fresh,277,443,248,"BD Mall, Manjit Nagar (Near Thapar Uni)",Patiala,147004,68,0.67,13,60,In Stock
21/09/26 14:04,SKU_006,Product_Staples_6,Staples,211,1055,183,"BD Mall, Manjit Nagar (Near Thapar Uni)",Patiala,147004,67,1.37,33,60,In Stock
21/09/26 14:04,SKU_007,Product_Dairy_7,Dairy/Fresh,41,352,38,"BD Mall, Manjit Nagar (Near Thapar Uni)",Patiala,147004,121,0.85,24,45,In Stock
21/09/26 14:04,SKU_008,Product_Snacks & Beverages_8,Snacks & Beverages,68,574,60,"BD Mall, Manjit Nagar (Near Thapar Uni)",Patiala,147004,47,1.15,23,41,In Stock
21/09/26 14:04,SKU_009,Product_Snacks & Beverages_9,Snacks & Beverages,189,799,172,"BD Mall, Manjit Nagar (Near Thapar Uni)",Patiala,147004,28,1.14,14,14,In Stock
21/09/26 14:04,SKU_010,Product_Dairy_10,Dairy/Fresh,209,1057,205,"BD Mall, Manjit Nagar (Near Thapar Uni)",Patiala,147004,61,0.86,12,53,In Stock
21/09/26 14:04,SKU_011,Product_Staples_11,Staples,70,1367,63,"BD Mall, Manjit Nagar (Near Thapar Uni)",Patiala,147004,24,1.11,12,13,In Stock
21/09/26 14:04,SKU_012,Product_Snacks & Beverages_12,Snacks & Beverages,150,746,130,"BD Mall, Manjit Nagar (Near Thapar Uni)",Patiala,147004,73,1.24,36,81,In Stock
21/09/26 14:04,SKU_013,Product_Dairy_13,Dairy/Fresh,186,1397,168,"BD Mall, Manjit Nagar (Near Thapar Uni)",Patiala,147004,94,0.82,18,87,In Stock
21/09/26 14:04,SKU_014,Product_Personal Care_14,Personal Care,33,341,33,"BD Mall, Manjit Nagar (Near Thapar Uni)",Patiala,147004,73,1.96,36,63,In Stock
21/09/26 14:04,SKU_015,Product_Dairy_15,Dairy/Fresh,72,997,64,"BD Mall, Manjit Nagar (Near Thapar Uni)",Patiala,147004,141,0.66,28,30,In Stock
21/09/26 14:04,SKU_016,Product_Snacks & Beverages_16,Snacks & Beverages,283,134,268,"BD Mall, Manjit Nagar (Near Thapar Uni)",Patiala,147004,75,1.99,37,67,In Stock
21/09/26 14:04,SKU_017,Product_Personal Care_17,Personal Care,69,1125,59,"BD Mall, Manjit Nagar (Near Thapar Uni)",Patiala,147004,54,1.37,27,42,In Stock
21/09/26 14:04,SKU_018,Product_Snacks & Beverages_18,Snacks & Beverages,73,1229,66,"BD Mall, Manjit Nagar (Near Thapar Uni)",Patiala,147004,24,1.46,12,28,In Stock
21/09/26 14:04,SKU_019,Product_Snacks & Beverages_19,Snacks & Beverages,210,501,188,"BD Mall, Manjit Nagar (Near Thapar Uni)",Patiala,147004,53,1.32,26,69,In Stock
21/09/26 14:04,SKU_020,Product_Staples_20,Staples,181,301,158,"BD Mall, Manjit Nagar (Near Thapar Uni)",Patiala,147004,65,1.18,32,58,In Stock
21/09/26 14:04,SKU_021,Product_Staples_21,Staples,289,915,269,"BD Mall, Manjit Nagar (Near Thapar Uni)",Patiala,147004,53,1.14,26,49,In Stock
21/09/26 14:04,SKU_022,Product_Dairy_22,Dairy/Fresh,234,1375,216,"BD Mall, Manjit Nagar (Near Thapar Uni)",Patiala,147004,79,1,15,34,In Stock
21/09/26 14:04,SKU_023,Product_Dairy_23,Dairy/Fresh,232,819,221,"BD Mall, Manjit Nagar (Near Thapar Uni)",Patiala,147004,96,0.88,19,50,In Stock
21/09/26 14:04,SKU_024,Product_Staples_24,Staples,72,891,64,"BD Mall, Manjit Nagar (Near Thapar Uni)",Patiala,147004,61,1.04,30,64,In Stock
21/09/26 14:04,SKU_025,Product_Dairy_25,Dairy/Fresh,271,287,240,"BD Mall, Manjit Nagar (Near Thapar Uni)",Patiala,147004,98,0.83,19,31,In Stock
21/09/26 14:04,SKU_026,Product_Snacks & Beverages_26,Snacks & Beverages,60,1280,53,"BD Mall, Manjit Nagar (Near Thapar Uni)",Patiala,147004,67,1.42,33,80,In Stock
21/09/26 14:04,SKU_027,Product_Staples_27,Staples,84,620,74,"BD Mall, Manjit Nagar (Near Thapar Uni)",Patiala,147004,77,1.19,38,80,In Stock
21/09/26 14:04,SKU_028,Product_Staples_28,Staples,155,1186,145,"BD Mall, Manjit Nagar (Near Thapar Uni)",Patiala,147004,33,1.36,16,35,In Stock
21/09/26 14:04,SKU_029,Product_Staples_29,Staples,100,491,91,"BD Mall, Manjit Nagar (Near Thapar Uni)",Patiala,147004,30,1.13,15,16,In Stock
21/09/26 14:04,SKU_030,Product_Staples_30,Staples,280,330,241,"BD Mall, Manjit Nagar (Near Thapar Uni)",Patiala,147004,61,1.46,30,33,In Stock
21/09/26 14:04,SKU_031,Product_Snacks & Beverages_31,Snacks & Beverages,47,234,42,"BD Mall, Manjit Nagar (Near Thapar Uni)",Patiala,147004,57,1.27,28,54,In Stock
21/09/26 14:04,SKU_032,Product_Staples_32,Staples,287,1029,255,"BD Mall, Manjit Nagar (Near Thapar Uni)",Patiala,147004,23,1.35,11,0,Out of Stock
21/09/26 14:04,SKU_033,Product_Dairy_33,Dairy/Fresh,81,904,77,"BD Mall, Manjit Nagar (Near Thapar Uni)",Patiala,147004,82,0.92,16,19,In Stock
21/09/26 14:04,SKU_034,Product_Staples_34,Staples,233,1060,223,"BD Mall, Manjit Nagar (Near Thapar Uni)",Patiala,147004,52,1.43,26,57,In Stock
21/09/26 14:04,SKU_035,Product_Dairy_35,Dairy/Fresh,150,1128,131,"BD Mall, Manjit Nagar (Near Thapar Uni)",Patiala,147004,131,0.93,26,42,In Stock
21/09/26 14:04,SKU_036,Product_Snacks & Beverages_36,Snacks & Beverages,274,497,274,"BD Mall, Manjit Nagar (Near Thapar Uni)",Patiala,147004,75,1.33,37,37,In Stock
21/09/26 14:04,SKU_037,Product_Snacks & Beverages_37,Snacks & Beverages,226,1138,201,"BD Mall, Manjit Nagar (Near Thapar Uni)",Patiala,147004,60,1.88,30,62,In Stock
21/09/26 14:04,SKU_038,Product_Dairy_38,Dairy/Fresh,198,963,197,"BD Mall, Manjit Nagar (Near Thapar Uni)",Patiala,147004,89,0.92,17,46,In Stock
21/09/26 14:04,SKU_039,Product_Snacks & Beverages_39,Snacks & Beverages,71,1120,65,"BD Mall, Manjit Nagar (Near Thapar Uni)",Patiala,147004,56,1.95,28,32,In Stock
21/09/26 14:04,SKU_040,Product_Snacks & Beverages_40,Snacks & Beverages,241,584,206,"BD Mall, Manjit Nagar (Near Thapar Uni)",Patiala,147004,70,1.79,35,88,In Stock
21/09/26 14:04,SKU_041,Product_Dairy_41,Dairy/Fresh,256,1294,231,"BD Mall, Manjit Nagar (Near Thapar Uni)",Patiala,147004,125,0.64,25,36,In Stock
21/09/26 14:04,SKU_042,Product_Dairy_42,Dairy/Fresh,32,1283,30,"BD Mall, Manjit Nagar (Near Thapar Uni)",Patiala,147004,64,0.75,12,43,In Stock
21/09/26 15:47,SKU_001,Product_Dairy_1,Dairy/Fresh,290,1230,273,"BD Mall, Manjit Nagar (Near Thapar Uni)",Patiala,147004,90,0.77,18,55,In Stock
21/09/26 15:47,SKU_002,Product_Staples_2,Staples,40,221,38,"BD Mall, Manjit Nagar (Near Thapar Uni)",Patiala,147004,34,1.46,17,33,In Stock
21/09/26 15:47,SKU_003,Product_Dairy_3,Dairy/Fresh,107,1496,105,"BD Mall, Manjit Nagar (Near Thapar Uni)",Patiala,147004,51,0.9,10,67,In Stock
21/09/26 15:47,SKU_004,Product_Snacks & Beverages_4,Snacks & Beverages,171,230,161,"BD Mall, Manjit Nagar (Near Thapar Uni)",Patiala,147004,34,1.77,17,48,In Stock
21/09/26 15:47,SKU_005,Product_Dairy_5,Dairy/Fresh,277,443,248,"BD Mall, Manjit Nagar (Near Thapar Uni)",Patiala,147004,78,0.89,15,0,Out of Stock
21/09/26 15:47,SKU_006,Product_Staples_6,Staples,211,1055,183,"BD Mall, Manjit Nagar (Near Thapar Uni)",Patiala,147004,48,1.78,24,35,In Stock
21/09/26 15:47,SKU_007,Product_Dairy_7,Dairy/Fresh,41,352,38,"BD Mall, Manjit Nagar (Near Thapar Uni)",Patiala,147004,115,0.53,23,133,In Stock
21/09/26 15:47,SKU_008,Product_Snacks & Beverages_8,Snacks & Beverages,68,574,60,"BD Mall, Manjit Nagar (Near Thapar Uni)",Patiala,147004,73,1.71,36,66,In Stock
21/09/26 15:47,SKU_009,Product_Snacks & Beverages_9,Snacks & Beverages,189,799,172,"BD Mall, Manjit Nagar (Near Thapar Uni)",Patiala,147004,70,1.76,35,53,In Stock
21/09/26 15:47,SKU_010,Product_Dairy_10,Dairy/Fresh,209,1057,205,"BD Mall, Manjit Nagar (Near Thapar Uni)",Patiala,147004,126,0.62,25,53,In Stock
21/09/26 15:47,SKU_011,Product_Staples_11,Staples,70,1367,63,"BD Mall, Manjit Nagar (Near Thapar Uni)",Patiala,147004,31,1.92,15,35,In Stock
21/09/26 15:47,SKU_012,Product_Snacks & Beverages_12,Snacks & Beverages,150,746,130,"BD Mall, Manjit Nagar (Near Thapar Uni)",Patiala,147004,73,1.83,36,61,In Stock
21/09/26 15:47,SKU_013,Product_Dairy_13,Dairy/Fresh,186,1397,168,"BD Mall, Manjit Nagar (Near Thapar Uni)",Patiala,147004,131,0.94,26,77,In Stock
21/09/26 15:47,SKU_014,Product_Personal Care_14,Personal Care,33,341,33,"BD Mall, Manjit Nagar (Near Thapar Uni)",Patiala,147004,50,1.67,25,52,In Stock
21/09/26 15:47,SKU_015,Product_Dairy_15,Dairy/Fresh,72,997,64,"BD Mall, Manjit Nagar (Near Thapar Uni)",Patiala,147004,122,0.51,24,40,In Stock
21/09/26 15:47,SKU_016,Product_Snacks & Beverages_16,Snacks & Beverages,283,134,268,"BD Mall, Manjit Nagar (Near Thapar Uni)",Patiala,147004,35,1.04,17,25,In Stock
21/09/26 15:47,SKU_017,Product_Personal Care_17,Personal Care,69,1125,59,"BD Mall, Manjit Nagar (Near Thapar Uni)",Patiala,147004,59,1.94,29,49,In Stock
21/09/26 15:47,SKU_018,Product_Snacks & Beverages_18,Snacks & Beverages,73,1229,66,"BD Mall, Manjit Nagar (Near Thapar Uni)",Patiala,147004,55,1.59,27,60,In Stock
21/09/26 15:47,SKU_019,Product_Snacks & Beverages_19,Snacks & Beverages,210,501,188,"BD Mall, Manjit Nagar (Near Thapar Uni)",Patiala,147004,44,1.3,22,32,In Stock
21/09/26 15:47,SKU_020,Product_Staples_20,Staples,181,301,158,"BD Mall, Manjit Nagar (Near Thapar Uni)",Patiala,147004,42,1.15,21,40,In Stock
21/09/26 15:47,SKU_021,Product_Staples_21,Staples,289,915,269,"BD Mall, Manjit Nagar (Near Thapar Uni)",Patiala,147004,31,1.83,15,30,In Stock
21/09/26 15:47,SKU_022,Product_Dairy_22,Dairy/Fresh,234,1375,216,"BD Mall, Manjit Nagar (Near Thapar Uni)",Patiala,147004,51,0.63,10,66,In Stock
21/09/26 15:47,SKU_023,Product_Dairy_23,Dairy/Fresh,232,819,221,"BD Mall, Manjit Nagar (Near Thapar Uni)",Patiala,147004,142,0.73,28,56,In Stock
21/09/26 15:47,SKU_024,Product_Staples_24,Staples,72,891,64,"BD Mall, Manjit Nagar (Near Thapar Uni)",Patiala,147004,56,1.65,28,28,In Stock
21/09/26 15:47,SKU_025,Product_Dairy_25,Dairy/Fresh,271,287,240,"BD Mall, Manjit Nagar (Near Thapar Uni)",Patiala,147004,52,0.97,10,69,In Stock
21/09/26 15:47,SKU_026,Product_Snacks & Beverages_26,Snacks & Beverages,60,1280,53,"BD Mall, Manjit Nagar (Near Thapar Uni)",Patiala,147004,28,1.3,14,31,In Stock
21/09/26 15:47,SKU_027,Product_Staples_27,Staples,84,620,74,"BD Mall, Manjit Nagar (Near Thapar Uni)",Patiala,147004,72,1.01,36,57,In Stock
21/09/26 15:47,SKU_028,Product_Staples_28,Staples,155,1186,145,"BD Mall, Manjit Nagar (Near Thapar Uni)",Patiala,147004,37,1.83,18,25,In Stock
21/09/26 15:47,SKU_029,Product_Staples_29,Staples,100,491,91,"BD Mall, Manjit Nagar (Near Thapar Uni)",Patiala,147004,62,1.09,31,37,In Stock
21/09/26 15:47,SKU_030,Product_Staples_30,Staples,280,330,241,"BD Mall, Manjit Nagar (Near Thapar Uni)",Patiala,147004,54,1.63,27,51,In Stock
21/09/26 15:47,SKU_031,Product_Snacks & Beverages_31,Snacks & Beverages,47,234,42,"BD Mall, Manjit Nagar (Near Thapar Uni)",Patiala,147004,76,1.5,38,67,In Stock
21/09/26 15:47,SKU_032,Product_Staples_32,Staples,287,1029,255,"BD Mall, Manjit Nagar (Near Thapar Uni)",Patiala,147004,74,1.53,37,70,In Stock
21/09/26 15:47,SKU_033,Product_Dairy_33,Dairy/Fresh,81,904,77,"BD Mall, Manjit Nagar (Near Thapar Uni)",Patiala,147004,84,0.74,16,59,In Stock
21/09/26 15:47,SKU_034,Product_Staples_34,Staples,233,1060,223,"BD Mall, Manjit Nagar (Near Thapar Uni)",Patiala,147004,60,1.03,30,77,In Stock
21/09/26 15:47,SKU_035,Product_Dairy_35,Dairy/Fresh,150,1128,131,"BD Mall, Manjit Nagar (Near Thapar Uni)",Patiala,147004,104,0.84,20,94,In Stock
21/09/26 15:47,SKU_036,Product_Snacks & Beverages_36,Snacks & Beverages,274,497,274,"BD Mall, Manjit Nagar (Near Thapar Uni)",Patiala,147004,23,1.05,11,25,In Stock
21/09/26 15:47,SKU_037,Product_Snacks & Beverages_37,Snacks & Beverages,226,1138,201,"BD Mall, Manjit Nagar (Near Thapar Uni)",Patiala,147004,48,1.04,24,58,In Stock
21/09/26 15:47,SKU_038,Product_Dairy_38,Dairy/Fresh,198,963,197,"BD Mall, Manjit Nagar (Near Thapar Uni)",Patiala,147004,139,0.65,27,49,In Stock
21/09/26 15:47,SKU_039,Product_Snacks & Beverages_39,Snacks & Beverages,71,1120,65,"BD Mall, Manjit Nagar (Near Thapar Uni)",Patiala,147004,64,1.06,32,76,In Stock
21/09/26 15:47,SKU_040,Product_Snacks & Beverages_40,Snacks & Beverages,241,584,206,"BD Mall, Manjit Nagar (Near Thapar Uni)",Patiala,147004,69,1.79,34,54,In Stock
21/09/26 15:47,SKU_041,Product_Dairy_41,Dairy/Fresh,256,1294,231,"BD Mall, Manjit Nagar (Near Thapar Uni)",Patiala,147004,98,0.62,19,0,Out of Stock
21/09/26 15:47,SKU_042,Product_Dairy_42,Dairy/Fresh,32,1283,30,"BD Mall, Manjit Nagar (Near Thapar Uni)",Patiala,147004,144,0.77,28,40,In Stock
21/09/26 16:03,SKU_001,Product_Dairy_1,Dairy/Fresh,290,1230,273,"BD Mall, Manjit Nagar (Near Thapar Uni)",Patiala,147004,74,0.6,14,47,In Stock
21/09/26 16:03,SKU_002,Product_Staples_2,Staples,40,221,38,"BD Mall, Manjit Nagar (Near Thapar Uni)",Patiala,147004,35,1.61,17,54,In Stock
21/09/26 16:03,SKU_003,Product_Dairy_3,Dairy/Fresh,107,1496,105,"BD Mall, Manjit Nagar (Near Thapar Uni)",Patiala,147004,73,0.58,14,83,In Stock
21/09/26 16:03,SKU_004,Product_Snacks & Beverages_4,Snacks & Beverages,171,230,161,"BD Mall, Manjit Nagar (Near Thapar Uni)",Patiala,147004,71,1.44,35,78,In Stock
21/09/26 16:03,SKU_005,Product_Dairy_5,Dairy/Fresh,277,443,248,"BD Mall, Manjit Nagar (Near Thapar Uni)",Patiala,147004,77,0.88,15,82,In Stock
21/09/26 16:03,SKU_006,Product_Staples_6,Staples,211,1055,183,"BD Mall, Manjit Nagar (Near Thapar Uni)",Patiala,147004,53,1.8,26,30,In Stock
21/09/26 16:03,SKU_007,Product_Dairy_7,Dairy/Fresh,41,352,38,"BD Mall, Manjit Nagar (Near Thapar Uni)",Patiala,147004,103,0.73,20,59,In Stock
21/09/26 16:03,SKU_008,Product_Snacks & Beverages_8,Snacks & Beverages,68,574,60,"BD Mall, Manjit Nagar (Near Thapar Uni)",Patiala,147004,20,1.22,10,15,In Stock
21/09/26 16:03,SKU_009,Product_Snacks & Beverages_9,Snacks & Beverages,189,799,172,"BD Mall, Manjit Nagar (Near Thapar Uni)",Patiala,147004,58,1.61,29,49,In Stock
21/09/26 16:03,SKU_010,Product_Dairy_10,Dairy/Fresh,209,1057,205,"BD Mall, Manjit Nagar (Near Thapar Uni)",Patiala,147004,148,0.63,29,0,Out of Stock
21/09/26 16:03,SKU_011,Product_Staples_11,Staples,70,1367,63,"BD Mall, Manjit Nagar (Near Thapar Uni)",Patiala,147004,45,1.73,22,44,In Stock
21/09/26 16:03,SKU_012,Product_Snacks & Beverages_12,Snacks & Beverages,150,746,130,"BD Mall, Manjit Nagar (Near Thapar Uni)",Patiala,147004,36,1.62,18,25,In Stock
21/09/26 16:03,SKU_013,Product_Dairy_13,Dairy/Fresh,186,1397,168,"BD Mall, Manjit Nagar (Near Thapar Uni)",Patiala,147004,102,0.96,20,38,In Stock
21/09/26 16:03,SKU_014,Product_Personal Care_14,Personal Care,33,341,33,"BD Mall, Manjit Nagar (Near Thapar Uni)",Patiala,147004,78,1.2,39,91,In Stock
21/09/26 16:03,SKU_015,Product_Dairy_15,Dairy/Fresh,72,997,64,"BD Mall, Manjit Nagar (Near Thapar Uni)",Patiala,147004,109,0.79,21,95,In Stock
21/09/26 16:03,SKU_016,Product_Snacks & Beverages_16,Snacks & Beverages,283,134,268,"BD Mall, Manjit Nagar (Near Thapar Uni)",Patiala,147004,43,1.54,21,30,In Stock
21/09/26 16:03,SKU_017,Product_Personal Care_17,Personal Care,69,1125,59,"BD Mall, Manjit Nagar (Near Thapar Uni)",Patiala,147004,54,1.67,27,54,In Stock
21/09/26 16:03,SKU_018,Product_Snacks & Beverages_18,Snacks & Beverages,73,1229,66,"BD Mall, Manjit Nagar (Near Thapar Uni)",Patiala,147004,65,1.1,32,51,In Stock
21/09/26 16:03,SKU_019,Product_Snacks & Beverages_19,Snacks & Beverages,210,501,188,"BD Mall, Manjit Nagar (Near Thapar Uni)",Patiala,147004,61,1.38,30,73,In Stock
21/09/26 16:03,SKU_020,Product_Staples_20,Staples,181,301,158,"BD Mall, Manjit Nagar (Near Thapar Uni)",Patiala,147004,73,1.77,36,87,In Stock
21/09/26 16:03,SKU_021,Product_Staples_21,Staples,289,915,269,"BD Mall, Manjit Nagar (Near Thapar Uni)",Patiala,147004,58,1.71,29,0,Out of Stock
21/09/26 16:03,SKU_022,Product_Dairy_22,Dairy/Fresh,234,1375,216,"BD Mall, Manjit Nagar (Near Thapar Uni)",Patiala,147004,128,0.91,25,117,In Stock
21/09/26 16:03,SKU_023,Product_Dairy_23,Dairy/Fresh,232,819,221,"BD Mall, Manjit Nagar (Near Thapar Uni)",Patiala,147004,90,0.91,18,89,In Stock
21/09/26 16:03,SKU_024,Product_Staples_24,Staples,72,891,64,"BD Mall, Manjit Nagar (Near Thapar Uni)",Patiala,147004,57,1.09,28,46,In Stock
21/09/26 16:03,SKU_025,Product_Dairy_25,Dairy/Fresh,271,287,240,"BD Mall, Manjit Nagar (Near Thapar Uni)",Patiala,147004,72,0.85,14,66,In Stock
21/09/26 16:03,SKU_026,Product_Snacks & Beverages_26,Snacks & Beverages,60,1280,53,"BD Mall, Manjit Nagar (Near Thapar Uni)",Patiala,147004,41,1.9,20,40,In Stock
21/09/26 16:03,SKU_027,Product_Staples_27,Staples,84,620,74,"BD Mall, Manjit Nagar (Near Thapar Uni)",Patiala,147004,23,1.02,11,28,In Stock
21/09/26 16:03,SKU_028,Product_Staples_28,Staples,155,1186,145,"BD Mall, Manjit Nagar (Near Thapar Uni)",Patiala,147004,68,1.86,34,42,In Stock
21/09/26 16:03,SKU_029,Product_Staples_29,Staples,100,491,91,"BD Mall, Manjit Nagar (Near Thapar Uni)",Patiala,147004,78,1.92,39,42,In Stock
21/09/26 16:03,SKU_030,Product_Staples_30,Staples,280,330,241,"BD Mall, Manjit Nagar (Near Thapar Uni)",Patiala,147004,28,1.35,14,38,In Stock
21/09/26 16:03,SKU_031,Product_Snacks & Beverages_31,Snacks & Beverages,47,234,42,"BD Mall, Manjit Nagar (Near Thapar Uni)",Patiala,147004,23,1.72,11,12,In Stock
21/09/26 16:03,SKU_032,Product_Staples_32,Staples,287,1029,255,"BD Mall, Manjit Nagar (Near Thapar Uni)",Patiala,147004,26,1.44,13,21,In Stock
21/09/26 16:03,SKU_033,Product_Dairy_33,Dairy/Fresh,81,904,77,"BD Mall, Manjit Nagar (Near Thapar Uni)",Patiala,147004,88,0.59,17,25,In Stock
21/09/26 16:03,SKU_034,Product_Staples_34,Staples,233,1060,223,"BD Mall, Manjit Nagar (Near Thapar Uni)",Patiala,147004,21,1.34,10,0,Out of Stock
21/09/26 16:03,SKU_035,Product_Dairy_35,Dairy/Fresh,150,1128,131,"BD Mall, Manjit Nagar (Near Thapar Uni)",Patiala,147004,105,0.62,21,95,In Stock
21/09/26 16:03,SKU_036,Product_Snacks & Beverages_36,Snacks & Beverages,274,497,274,"BD Mall, Manjit Nagar (Near Thapar Uni)",Patiala,147004,43,1.42,21,33,In Stock
21/09/26 16:03,SKU_037,Product_Snacks & Beverages_37,Snacks & Beverages,226,1138,201,"BD Mall, Manjit Nagar (Near Thapar Uni)",Patiala,147004,59,1.15,29,66,In Stock
21/09/26 16:03,SKU_038,Product_Dairy_38,Dairy/Fresh,198,963,197,"BD Mall, Manjit Nagar (Near Thapar Uni)",Patiala,147004,56,0.52,11,19,In Stock
21/09/26 16:03,SKU_039,Product_Snacks & Beverages_39,Snacks & Beverages,71,1120,65,"BD Mall, Manjit Nagar (Near Thapar Uni)",Patiala,147004,50,1.35,25,40,In Stock
21/09/26 16:03,SKU_040,Product_Snacks & Beverages_40,Snacks & Beverages,241,584,206,"BD Mall, Manjit Nagar (Near Thapar Uni)",Patiala,147004,66,1.4,33,36,In Stock
21/09/26 16:03,SKU_041,Product_Dairy_41,Dairy/Fresh,256,1294,231,"BD Mall, Manjit Nagar (Near Thapar Uni)",Patiala,147004,105,0.66,21,54,In Stock
21/09/26 16:03,SKU_042,Product_Dairy_42,Dairy/Fresh,32,1283,30,"BD Mall, Manjit Nagar (Near Thapar Uni)",Patiala,147004,114,0.66,22,28,In Stock
21/09/26 17:48,SKU_001,Product_Dairy_1,Dairy/Fresh,290,1230,273,"BD Mall, Manjit Nagar (Near Thapar Uni)",Patiala,147004,114,0.72,22,0,Out of Stock
21/09/26 17:48,SKU_002,Product_Staples_2,Staples,40,221,38,"BD Mall, Manjit Nagar (Near Thapar Uni)",Patiala,147004,67,1.96,33,70,In Stock
21/09/26 17:48,SKU_003,Product_Dairy_3,Dairy/Fresh,107,1496,105,"BD Mall, Manjit Nagar (Near Thapar Uni)",Patiala,147004,69,0.57,13,87,In Stock
21/09/26 17:48,SKU_004,Product_Snacks & Beverages_4,Snacks & Beverages,171,230,161,"BD Mall, Manjit Nagar (Near Thapar Uni)",Patiala,147004,62,1.17,31,62,In Stock
21/09/26 17:48,SKU_005,Product_Dairy_5,Dairy/Fresh,277,443,248,"BD Mall, Manjit Nagar (Near Thapar Uni)",Patiala,147004,78,0.93,15,66,In Stock
21/09/26 17:48,SKU_006,Product_Staples_6,Staples,211,1055,183,"BD Mall, Manjit Nagar (Near Thapar Uni)",Patiala,147004,74,1.97,37,53,In Stock
21/09/26 17:48,SKU_007,Product_Dairy_7,Dairy/Fresh,41,352,38,"BD Mall, Manjit Nagar (Near Thapar Uni)",Patiala,147004,109,0.69,21,120,In Stock
21/09/26 17:48,SKU_008,Product_Snacks & Beverages_8,Snacks & Beverages,68,574,60,"BD Mall, Manjit Nagar (Near Thapar Uni)",Patiala,147004,68,1.37,34,52,In Stock
21/09/26 17:48,SKU_009,Product_Snacks & Beverages_9,Snacks & Beverages,189,799,172,"BD Mall, Manjit Nagar (Near Thapar Uni)",Patiala,147004,79,1.2,39,45,In Stock
21/09/26 17:48,SKU_010,Product_Dairy_10,Dairy/Fresh,209,1057,205,"BD Mall, Manjit Nagar (Near Thapar Uni)",Patiala,147004,84,0.67,16,60,In Stock
21/09/26 17:48,SKU_011,Product_Staples_11,Staples,70,1367,63,"BD Mall, Manjit Nagar (Near Thapar Uni)",Patiala,147004,35,1.74,17,37,In Stock
21/09/26 17:48,SKU_012,Product_Snacks & Beverages_12,Snacks & Beverages,150,746,130,"BD Mall, Manjit Nagar (Near Thapar Uni)",Patiala,147004,76,1.77,38,65,In Stock
21/09/26 17:48,SKU_013,Product_Dairy_13,Dairy/Fresh,186,1397,168,"BD Mall, Manjit Nagar (Near Thapar Uni)",Patiala,147004,140,0.87,28,30,In Stock
21/09/26 17:48,SKU_014,Product_Personal Care_14,Personal Care,33,341,33,"BD Mall, Manjit Nagar (Near Thapar Uni)",Patiala,147004,32,1.77,16,29,In Stock
21/09/26 17:48,SKU_015,Product_Dairy_15,Dairy/Fresh,72,997,64,"BD Mall, Manjit Nagar (Near Thapar Uni)",Patiala,147004,98,0.91,19,20,In Stock
21/09/26 17:48,SKU_016,Product_Snacks & Beverages_16,Snacks & Beverages,283,134,268,"BD Mall, Manjit Nagar (Near Thapar Uni)",Patiala,147004,46,1.04,23,51,In Stock
21/09/26 17:48,SKU_017,Product_Personal Care_17,Personal Care,69,1125,59,"BD Mall, Manjit Nagar (Near Thapar Uni)",Patiala,147004,23,1.99,11,28,In Stock
21/09/26 17:48,SKU_018,Product_Snacks & Beverages_18,Snacks & Beverages,73,1229,66,"BD Mall, Manjit Nagar (Near Thapar Uni)",Patiala,147004,35,1.34,17,53,In Stock
21/09/26 17:48,SKU_019,Product_Snacks & Beverages_19,Snacks & Beverages,210,501,188,"BD Mall, Manjit Nagar (Near Thapar Uni)",Patiala,147004,49,1.31,24,68,In Stock
21/09/26 17:48,SKU_020,Product_Staples_20,Staples,181,301,158,"BD Mall, Manjit Nagar (Near Thapar Uni)",Patiala,147004,63,1.91,31,75,In Stock
21/09/26 17:48,SKU_021,Product_Staples_21,Staples,289,915,269,"BD Mall, Manjit Nagar (Near Thapar Uni)",Patiala,147004,49,1.59,24,47,In Stock
21/09/26 17:48,SKU_022,Product_Dairy_22,Dairy/Fresh,234,1375,216,"BD Mall, Manjit Nagar (Near Thapar Uni)",Patiala,147004,105,0.84,21,66,In Stock
21/09/26 17:48,SKU_023,Product_Dairy_23,Dairy/Fresh,232,819,221,"BD Mall, Manjit Nagar (Near Thapar Uni)",Patiala,147004,125,0.94,25,36,In Stock
21/09/26 17:48,SKU_024,Product_Staples_24,Staples,72,891,64,"BD Mall, Manjit Nagar (Near Thapar Uni)",Patiala,147004,41,1.99,20,51,In Stock
21/09/26 17:48,SKU_025,Product_Dairy_25,Dairy/Fresh,271,287,240,"BD Mall, Manjit Nagar (Near Thapar Uni)",Patiala,147004,80,0.96,16,33,In Stock
21/09/26 17:48,SKU_026,Product_Snacks & Beverages_26,Snacks & Beverages,60,1280,53,"BD Mall, Manjit Nagar (Near Thapar Uni)",Patiala,147004,41,1.86,20,32,In Stock
21/09/26 17:48,SKU_027,Product_Staples_27,Staples,84,620,74,"BD Mall, Manjit Nagar (Near Thapar Uni)",Patiala,147004,69,1.39,34,37,In Stock
21/09/26 17:48,SKU_028,Product_Staples_28,Staples,155,1186,145,"BD Mall, Manjit Nagar (Near Thapar Uni)",Patiala,147004,76,1.52,38,0,Out of Stock
21/09/26 17:48,SKU_029,Product_Staples_29,Staples,100,491,91,"BD Mall, Manjit Nagar (Near Thapar Uni)",Patiala,147004,69,1.91,34,87,In Stock
21/09/26 17:48,SKU_030,Product_Staples_30,Staples,280,330,241,"BD Mall, Manjit Nagar (Near Thapar Uni)",Patiala,147004,74,1.97,37,46,In Stock
21/09/26 17:48,SKU_031,Product_Snacks & Beverages_31,Snacks & Beverages,47,234,42,"BD Mall, Manjit Nagar (Near Thapar Uni)",Patiala,147004,79,1.26,39,93,In Stock
21/09/26 17:48,SKU_032,Product_Staples_32,Staples,287,1029,255,"BD Mall, Manjit Nagar (Near Thapar Uni)",Patiala,147004,68,1.21,34,38,In Stock
21/09/26 17:48,SKU_033,Product_Dairy_33,Dairy/Fresh,81,904,77,"BD Mall, Manjit Nagar (Near Thapar Uni)",Patiala,147004,124,0.81,24,137,In Stock
21/09/26 17:48,SKU_034,Product_Staples_34,Staples,233,1060,223,"BD Mall, Manjit Nagar (Near Thapar Uni)",Patiala,147004,74,1.56,37,0,Out of Stock
21/09/26 17:48,SKU_035,Product_Dairy_35,Dairy/Fresh,150,1128,131,"BD Mall, Manjit Nagar (Near Thapar Uni)",Patiala,147004,53,0.95,10,23,In Stock
21/09/26 17:48,SKU_036,Product_Snacks & Beverages_36,Snacks & Beverages,274,497,274,"BD Mall, Manjit Nagar (Near Thapar Uni)",Patiala,147004,75,1.41,37,70,In Stock
21/09/26 17:48,SKU_037,Product_Snacks & Beverages_37,Snacks & Beverages,226,1138,201,"BD Mall, Manjit Nagar (Near Thapar Uni)",Patiala,147004,23,1.07,11,38,In Stock
21/09/26 17:48,SKU_038,Product_Dairy_38,Dairy/Fresh,198,963,197,"BD Mall, Manjit Nagar (Near Thapar Uni)",Patiala,147004,95,0.59,19,90,In Stock
21/09/26 17:48,SKU_039,Product_Snacks & Beverages_39,Snacks & Beverages,71,1120,65,"BD Mall, Manjit Nagar (Near Thapar Uni)",Patiala,147004,63,1.04,31,46,In Stock
21/09/26 17:48,SKU_040,Product_Snacks & Beverages_40,Snacks & Beverages,241,584,206,"BD Mall, Manjit Nagar (Near Thapar Uni)",Patiala,147004,50,1.84,25,55,In Stock
21/09/26 17:48,SKU_041,Product_Dairy_41,Dairy/Fresh,256,1294,231,"BD Mall, Manjit Nagar (Near Thapar Uni)",Patiala,147004,100,0.75,20,90,In Stock
21/09/26 17:48,SKU_042,Product_Dairy_42,Dairy/Fresh,32,1283,30,"BD Mall, Manjit Nagar (Near Thapar Uni)",Patiala,147004,99,0.52,19,0,Out of Stock
21/09/26 18:43,SKU_001,Product_Dairy_1,Dairy/Fresh,290,1230,273,"BD Mall, Manjit Nagar (Near Thapar Uni)",Patiala,147004,55,0.67,11,39,In Stock
21/09/26 18:43,SKU_002,Product_Staples_2,Staples,40,221,38,"BD Mall, Manjit Nagar (Near Thapar Uni)",Patiala,147004,72,1.75,36,71,In Stock
21/09/26 18:43,SKU_003,Product_Dairy_3,Dairy/Fresh,107,1496,105,"BD Mall, Manjit Nagar (Near Thapar Uni)",Patiala,147004,64,0.82,12,72,In Stock
21/09/26 18:43,SKU_004,Product_Snacks & Beverages_4,Snacks & Beverages,171,230,161,"BD Mall, Manjit Nagar (Near Thapar Uni)",Patiala,147004,34,1.07,17,20,In Stock
21/09/26 18:43,SKU_005,Product_Dairy_5,Dairy/Fresh,277,443,248,"BD Mall, Manjit Nagar (Near Thapar Uni)",Patiala,147004,91,0.75,18,0,Out of Stock
21/09/26 18:43,SKU_006,Product_Staples_6,Staples,211,1055,183,"BD Mall, Manjit Nagar (Near Thapar Uni)",Patiala,147004,47,1.39,23,39,In Stock
21/09/26 18:43,SKU_007,Product_Dairy_7,Dairy/Fresh,41,352,38,"BD Mall, Manjit Nagar (Near Thapar Uni)",Patiala,147004,91,0.98,18,66,In Stock
21/09/26 18:43,SKU_008,Product_Snacks & Beverages_8,Snacks & Beverages,68,574,60,"BD Mall, Manjit Nagar (Near Thapar Uni)",Patiala,147004,56,1.45,28,47,In Stock
21/09/26 18:43,SKU_009,Product_Snacks & Beverages_9,Snacks & Beverages,189,799,172,"BD Mall, Manjit Nagar (Near Thapar Uni)",Patiala,147004,40,1.35,20,33,In Stock
21/09/26 18:43,SKU_010,Product_Dairy_10,Dairy/Fresh,209,1057,205,"BD Mall, Manjit Nagar (Near Thapar Uni)",Patiala,147004,55,0.87,11,56,In Stock
21/09/26 18:43,SKU_011,Product_Staples_11,Staples,70,1367,63,"BD Mall, Manjit Nagar (Near Thapar Uni)",Patiala,147004,36,1.75,18,0,Out of Stock
21/09/26 18:43,SKU_012,Product_Snacks & Beverages_12,Snacks & Beverages,150,746,130,"BD Mall, Manjit Nagar (Near Thapar Uni)",Patiala,147004,69,1.9,34,0,Out of Stock
21/09/26 18:43,SKU_013,Product_Dairy_13,Dairy/Fresh,186,1397,168,"BD Mall, Manjit Nagar (Near Thapar Uni)",Patiala,147004,122,0.69,24,123,In Stock
21/09/26 18:43,SKU_014,Product_Personal Care_14,Personal Care,33,341,33,"BD Mall, Manjit Nagar (Near Thapar Uni)",Patiala,147004,32,1.52,16,0,Out of Stock
21/09/26 18:43,SKU_015,Product_Dairy_15,Dairy/Fresh,72,997,64,"BD Mall, Manjit Nagar (Near Thapar Uni)",Patiala,147004,126,0.54,25,0,Out of Stock
21/09/26 18:43,SKU_016,Product_Snacks & Beverages_16,Snacks & Beverages,283,134,268,"BD Mall, Manjit Nagar (Near Thapar Uni)",Patiala,147004,49,1.47,24,66,In Stock
21/09/26 18:43,SKU_017,Product_Personal Care_17,Personal Care,69,1125,59,"BD Mall, Manjit Nagar (Near Thapar Uni)",Patiala,147004,64,1.89,32,35,In Stock
21/09/26 18:43,SKU_018,Product_Snacks & Beverages_18,Snacks & Beverages,73,1229,66,"BD Mall, Manjit Nagar (Near Thapar Uni)",Patiala,147004,37,1.36,18,0,Out of Stock
21/09/26 18:43,SKU_019,Product_Snacks & Beverages_19,Snacks & Beverages,210,501,188,"BD Mall, Manjit Nagar (Near Thapar Uni)",Patiala,147004,33,1.93,16,26,In Stock
21/09/26 18:43,SKU_020,Product_Staples_20,Staples,181,301,158,"BD Mall, Manjit Nagar (Near Thapar Uni)",Patiala,147004,55,1.63,27,0,Out of Stock
21/09/26 18:43,SKU_021,Product_Staples_21,Staples,289,915,269,"BD Mall, Manjit Nagar (Near Thapar Uni)",Patiala,147004,55,1.93,27,0,Out of Stock
21/09/26 18:43,SKU_022,Product_Dairy_22,Dairy/Fresh,234,1375,216,"BD Mall, Manjit Nagar (Near Thapar Uni)",Patiala,147004,118,0.85,23,131,In Stock
21/09/26 18:43,SKU_023,Product_Dairy_23,Dairy/Fresh,232,819,221,"BD Mall, Manjit Nagar (Near Thapar Uni)",Patiala,147004,86,0.81,17,0,Out of Stock
21/09/26 18:43,SKU_024,Product_Staples_24,Staples,72,891,64,"BD Mall, Manjit Nagar (Near Thapar Uni)",Patiala,147004,38,1.23,19,46,In Stock
21/09/26 18:43,SKU_025,Product_Dairy_25,Dairy/Fresh,271,287,240,"BD Mall, Manjit Nagar (Near Thapar Uni)",Patiala,147004,62,0.73,12,56,In Stock
21/09/26 18:43,SKU_026,Product_Snacks & Beverages_26,Snacks & Beverages,60,1280,53,"BD Mall, Manjit Nagar (Near Thapar Uni)",Patiala,147004,63,1.17,31,71,In Stock
21/09/26 18:43,SKU_027,Product_Staples_27,Staples,84,620,74,"BD Mall, Manjit Nagar (Near Thapar Uni)",Patiala,147004,26,1.49,13,0,Out of Stock
21/09/26 18:43,SKU_028,Product_Staples_28,Staples,155,1186,145,"BD Mall, Manjit Nagar (Near Thapar Uni)",Patiala,147004,76,1.47,38,70,In Stock
21/09/26 18:43,SKU_029,Product_Staples_29,Staples,100,491,91,"BD Mall, Manjit Nagar (Near Thapar Uni)",Patiala,147004,63,1.96,31,0,Out of Stock
21/09/26 18:43,SKU_030,Product_Staples_30,Staples,280,330,241,"BD Mall, Manjit Nagar (Near Thapar Uni)",Patiala,147004,72,1.43,36,0,Out of Stock
21/09/26 18:43,SKU_031,Product_Snacks & Beverages_31,Snacks & Beverages,47,234,42,"BD Mall, Manjit Nagar (Near Thapar Uni)",Patiala,147004,23,1.79,11,32,In Stock
21/09/26 18:43,SKU_032,Product_Staples_32,Staples,287,1029,255,"BD Mall, Manjit Nagar (Near Thapar Uni)",Patiala,147004,78,1.94,39,74,In Stock
21/09/26 18:43,SKU_033,Product_Dairy_33,Dairy/Fresh,81,904,77,"BD Mall, Manjit Nagar (Near Thapar Uni)",Patiala,147004,147,0.54,29,0,Out of Stock
21/09/26 18:43,SKU_034,Product_Staples_34,Staples,233,1060,223,"BD Mall, Manjit Nagar (Near Thapar Uni)",Patiala,147004,21,1.21,10,0,Out of Stock
21/09/26 18:43,SKU_035,Product_Dairy_35,Dairy/Fresh,150,1128,131,"BD Mall, Manjit Nagar (Near Thapar Uni)",Patiala,147004,100,0.95,20,52,In Stock
21/09/26 18:43,SKU_036,Product_Snacks & Beverages_36,Snacks & Beverages,274,497,274,"BD Mall, Manjit Nagar (Near Thapar Uni)",Patiala,147004,74,1.35,37,61,In Stock
21/09/26 18:43,SKU_037,Product_Snacks & Beverages_37,Snacks & Beverages,226,1138,201,"BD Mall, Manjit Nagar (Near Thapar Uni)",Patiala,147004,29,1.4,14,32,In Stock
21/09/26 18:43,SKU_038,Product_Dairy_38,Dairy/Fresh,198,963,197,"BD Mall, Manjit Nagar (Near Thapar Uni)",Patiala,147004,70,0.97,14,60,In Stock
21/09/26 18:43,SKU_039,Product_Snacks & Beverages_39,Snacks & Beverages,71,1120,65,"BD Mall, Manjit Nagar (Near Thapar Uni)",Patiala,147004,61,1.83,30,50,In Stock
21/09/26 18:43,SKU_040,Product_Snacks & Beverages_40,Snacks & Beverages,241,584,206,"BD Mall, Manjit Nagar (Near Thapar Uni)",Patiala,147004,60,1.45,30,0,Out of Stock
21/09/26 18:43,SKU_041,Product_Dairy_41,Dairy/Fresh,256,1294,231,"BD Mall, Manjit Nagar (Near Thapar Uni)",Patiala,147004,117,0.68,23,55,In Stock
21/09/26 18:43,SKU_042,Product_Dairy_42,Dairy/Fresh,32,1283,30,"BD Mall, Manjit Nagar (Near Thapar Uni)",Patiala,147004,50,0.92,10,0,Out of Stock
21/09/26 19:29,SKU_001,Product_Dairy_1,Dairy/Fresh,290,1230,273,"BD Mall, Manjit Nagar (Near Thapar Uni)",Patiala,147004,141,0.71,28,0,Out of Stock
21/09/26 19:29,SKU_002,Product_Staples_2,Staples,40,221,38,"BD Mall, Manjit Nagar (Near Thapar Uni)",Patiala,147004,77,1.49,38,51,In Stock
21/09/26 19:29,SKU_003,Product_Dairy_3,Dairy/Fresh,107,1496,105,"BD Mall, Manjit Nagar (Near Thapar Uni)",Patiala,147004,73,0.82,14,92,In Stock
21/09/26 19:29,SKU_004,Product_Snacks & Beverages_4,Snacks & Beverages,171,230,161,"BD Mall, Manjit Nagar (Near Thapar Uni)",Patiala,147004,29,1.15,14,0,Out of Stock
21/09/26 19:29,SKU_005,Product_Dairy_5,Dairy/Fresh,277,443,248,"BD Mall, Manjit Nagar (Near Thapar Uni)",Patiala,147004,62,0.52,12,53,In Stock
21/09/26 19:29,SKU_006,Product_Staples_6,Staples,211,1055,183,"BD Mall, Manjit Nagar (Near Thapar Uni)",Patiala,147004,46,1.24,23,44,In Stock
21/09/26 19:29,SKU_007,Product_Dairy_7,Dairy/Fresh,41,352,38,"BD Mall, Manjit Nagar (Near Thapar Uni)",Patiala,147004,60,0.59,12,0,Out of Stock
21/09/26 19:29,SKU_008,Product_Snacks & Beverages_8,Snacks & Beverages,68,574,60,"BD Mall, Manjit Nagar (Near Thapar Uni)",Patiala,147004,70,1.33,35,0,Out of Stock
21/09/26 19:29,SKU_009,Product_Snacks & Beverages_9,Snacks & Beverages,189,799,172,"BD Mall, Manjit Nagar (Near Thapar Uni)",Patiala,147004,40,1.33,20,0,Out of Stock
21/09/26 19:29,SKU_010,Product_Dairy_10,Dairy/Fresh,209,1057,205,"BD Mall, Manjit Nagar (Near Thapar Uni)",Patiala,147004,66,0.73,13,44,In Stock
21/09/26 19:29,SKU_011,Product_Staples_11,Staples,70,1367,63,"BD Mall, Manjit Nagar (Near Thapar Uni)",Patiala,147004,20,1.18,10,32,In Stock
21/09/26 19:29,SKU_012,Product_Snacks & Beverages_12,Snacks & Beverages,150,746,130,"BD Mall, Manjit Nagar (Near Thapar Uni)",Patiala,147004,47,1.28,23,34,In Stock
21/09/26 19:29,SKU_013,Product_Dairy_13,Dairy/Fresh,186,1397,168,"BD Mall, Manjit Nagar (Near Thapar Uni)",Patiala,147004,135,0.57,27,77,In Stock
21/09/26 19:29,SKU_014,Product_Personal Care_14,Personal Care,33,341,33,"BD Mall, Manjit Nagar (Near Thapar Uni)",Patiala,147004,58,1.35,29,0,Out of Stock
21/09/26 19:29,SKU_015,Product_Dairy_15,Dairy/Fresh,72,997,64,"BD Mall, Manjit Nagar (Near Thapar Uni)",Patiala,147004,68,0.74,13,0,Out of Stock
21/09/26 19:29,SKU_016,Product_Snacks & Beverages_16,Snacks & Beverages,283,134,268,"BD Mall, Manjit Nagar (Near Thapar Uni)",Patiala,147004,40,1.6,20,0,Out of Stock
21/09/26 19:29,SKU_017,Product_Personal Care_17,Personal Care,69,1125,59,"BD Mall, Manjit Nagar (Near Thapar Uni)",Patiala,147004,49,1.57,24,0,Out of Stock
21/09/26 19:29,SKU_018,Product_Snacks & Beverages_18,Snacks & Beverages,73,1229,66,"BD Mall, Manjit Nagar (Near Thapar Uni)",Patiala,147004,40,1.65,20,0,Out of Stock
21/09/26 19:29,SKU_019,Product_Snacks & Beverages_19,Snacks & Beverages,210,501,188,"BD Mall, Manjit Nagar (Near Thapar Uni)",Patiala,147004,68,1.31,34,63,In Stock
21/09/26 19:29,SKU_020,Product_Staples_20,Staples,181,301,158,"BD Mall, Manjit Nagar (Near Thapar Uni)",Patiala,147004,28,1.13,14,0,Out of Stock
21/09/26 19:29,SKU_021,Product_Staples_21,Staples,289,915,269,"BD Mall, Manjit Nagar (Near Thapar Uni)",Patiala,147004,36,1.76,18,51,In Stock
21/09/26 19:29,SKU_022,Product_Dairy_22,Dairy/Fresh,234,1375,216,"BD Mall, Manjit Nagar (Near Thapar Uni)",Patiala,147004,85,0.91,17,72,In Stock
21/09/26 19:29,SKU_023,Product_Dairy_23,Dairy/Fresh,232,819,221,"BD Mall, Manjit Nagar (Near Thapar Uni)",Patiala,147004,68,0.55,13,61,In Stock
21/09/26 19:29,SKU_024,Product_Staples_24,Staples,72,891,64,"BD Mall, Manjit Nagar (Near Thapar Uni)",Patiala,147004,76,1.41,38,0,Out of Stock
21/09/26 19:29,SKU_025,Product_Dairy_25,Dairy/Fresh,271,287,240,"BD Mall, Manjit Nagar (Near Thapar Uni)",Patiala,147004,140,0.85,28,140,In Stock
21/09/26 19:29,SKU_026,Product_Snacks & Beverages_26,Snacks & Beverages,60,1280,53,"BD Mall, Manjit Nagar (Near Thapar Uni)",Patiala,147004,71,1.53,35,87,In Stock
21/09/26 19:29,SKU_027,Product_Staples_27,Staples,84,620,74,"BD Mall, Manjit Nagar (Near Thapar Uni)",Patiala,147004,59,1.66,29,0,Out of Stock
21/09/26 19:29,SKU_028,Product_Staples_28,Staples,155,1186,145,"BD Mall, Manjit Nagar (Near Thapar Uni)",Patiala,147004,57,1.04,28,33,In Stock
21/09/26 19:29,SKU_029,Product_Staples_29,Staples,100,491,91,"BD Mall, Manjit Nagar (Near Thapar Uni)",Patiala,147004,62,1.72,31,36,In Stock
21/09/26 19:29,SKU_030,Product_Staples_30,Staples,280,330,241,"BD Mall, Manjit Nagar (Near Thapar Uni)",Patiala,147004,38,1.06,19,40,In Stock
21/09/26 19:29,SKU_031,Product_Snacks & Beverages_31,Snacks & Beverages,47,234,42,"BD Mall, Manjit Nagar (Near Thapar Uni)",Patiala,147004,55,1.47,27,0,Out of Stock
21/09/26 19:29,SKU_032,Product_Staples_32,Staples,287,1029,255,"BD Mall, Manjit Nagar (Near Thapar Uni)",Patiala,147004,69,1.83,34,70,In Stock
21/09/26 19:29,SKU_033,Product_Dairy_33,Dairy/Fresh,81,904,77,"BD Mall, Manjit Nagar (Near Thapar Uni)",Patiala,147004,60,0.81,12,26,In Stock
21/09/26 19:29,SKU_034,Product_Staples_34,Staples,233,1060,223,"BD Mall, Manjit Nagar (Near Thapar Uni)",Patiala,147004,32,1.15,16,41,In Stock
21/09/26 19:29,SKU_035,Product_Dairy_35,Dairy/Fresh,150,1128,131,"BD Mall, Manjit Nagar (Near Thapar Uni)",Patiala,147004,54,0.75,10,48,In Stock
21/09/26 19:29,SKU_036,Product_Snacks & Beverages_36,Snacks & Beverages,274,497,274,"BD Mall, Manjit Nagar (Near Thapar Uni)",Patiala,147004,75,1.89,37,39,In Stock
21/09/26 19:29,SKU_037,Product_Snacks & Beverages_37,Snacks & Beverages,226,1138,201,"BD Mall, Manjit Nagar (Near Thapar Uni)",Patiala,147004,52,1.77,26,0,Out of Stock
21/09/26 19:29,SKU_038,Product_Dairy_38,Dairy/Fresh,198,963,197,"BD Mall, Manjit Nagar (Near Thapar Uni)",Patiala,147004,69,0.55,13,15,In Stock
21/09/26 19:29,SKU_039,Product_Snacks & Beverages_39,Snacks & Beverages,71,1120,65,"BD Mall, Manjit Nagar (Near Thapar Uni)",Patiala,147004,62,1.18,31,60,In Stock
21/09/26 19:29,SKU_040,Product_Snacks & Beverages_40,Snacks & Beverages,241,584,206,"BD Mall, Manjit Nagar (Near Thapar Uni)",Patiala,147004,68,1.94,34,0,Out of Stock
21/09/26 19:29,SKU_041,Product_Dairy_41,Dairy/Fresh,256,1294,231,"BD Mall, Manjit Nagar (Near Thapar Uni)",Patiala,147004,61,0.69,12,33,In Stock
21/09/26 19:29,SKU_042,Product_Dairy_42,Dairy/Fresh,32,1283,30,"BD Mall, Manjit Nagar (Near Thapar Uni)",Patiala,147004,119,0.67,23,89,In Stock
21/09/26 20:45,SKU_001,Product_Dairy_1,Dairy/Fresh,290,1230,273,"BD Mall, Manjit Nagar (Near Thapar Uni)",Patiala,147004,66,0.86,13,77,In Stock
21/09/26 20:45,SKU_002,Product_Staples_2,Staples,40,221,38,"BD Mall, Manjit Nagar (Near Thapar Uni)",Patiala,147004,29,1.34,14,0,Out of Stock
21/09/26 20:45,SKU_003,Product_Dairy_3,Dairy/Fresh,107,1496,105,"BD Mall, Manjit Nagar (Near Thapar Uni)",Patiala,147004,75,0.53,15,0,Out of Stock
21/09/26 20:45,SKU_004,Product_Snacks & Beverages_4,Snacks & Beverages,171,230,161,"BD Mall, Manjit Nagar (Near Thapar Uni)",Patiala,147004,25,1.52,12,42,In Stock
21/09/26 20:45,SKU_005,Product_Dairy_5,Dairy/Fresh,277,443,248,"BD Mall, Manjit Nagar (Near Thapar Uni)",Patiala,147004,101,0.64,20,107,In Stock
21/09/26 20:45,SKU_006,Product_Staples_6,Staples,211,1055,183,"BD Mall, Manjit Nagar (Near Thapar Uni)",Patiala,147004,20,1.22,10,0,Out of Stock
21/09/26 20:45,SKU_007,Product_Dairy_7,Dairy/Fresh,41,352,38,"BD Mall, Manjit Nagar (Near Thapar Uni)",Patiala,147004,119,0.57,23,35,In Stock
21/09/26 20:45,SKU_008,Product_Snacks & Beverages_8,Snacks & Beverages,68,574,60,"BD Mall, Manjit Nagar (Near Thapar Uni)",Patiala,147004,77,1.04,38,0,Out of Stock
21/09/26 20:45,SKU_009,Product_Snacks & Beverages_9,Snacks & Beverages,189,799,172,"BD Mall, Manjit Nagar (Near Thapar Uni)",Patiala,147004,46,1.46,23,0,Out of Stock
21/09/26 20:45,SKU_010,Product_Dairy_10,Dairy/Fresh,209,1057,205,"BD Mall, Manjit Nagar (Near Thapar Uni)",Patiala,147004,124,0.9,24,138,In Stock
21/09/26 20:45,SKU_011,Product_Staples_11,Staples,70,1367,63,"BD Mall, Manjit Nagar (Near Thapar Uni)",Patiala,147004,47,1.78,23,0,Out of Stock
21/09/26 20:45,SKU_012,Product_Snacks & Beverages_12,Snacks & Beverages,150,746,130,"BD Mall, Manjit Nagar (Near Thapar Uni)",Patiala,147004,35,1.35,17,43,In Stock
21/09/26 20:45,SKU_013,Product_Dairy_13,Dairy/Fresh,186,1397,168,"BD Mall, Manjit Nagar (Near Thapar Uni)",Patiala,147004,137,0.68,27,0,Out of Stock
21/09/26 20:45,SKU_014,Product_Personal Care_14,Personal Care,33,341,33,"BD Mall, Manjit Nagar (Near Thapar Uni)",Patiala,147004,65,1.18,32,44,In Stock
21/09/26 20:45,SKU_015,Product_Dairy_15,Dairy/Fresh,72,997,64,"BD Mall, Manjit Nagar (Near Thapar Uni)",Patiala,147004,64,0.76,12,15,In Stock
21/09/26 20:45,SKU_016,Product_Snacks & Beverages_16,Snacks & Beverages,283,134,268,"BD Mall, Manjit Nagar (Near Thapar Uni)",Patiala,147004,71,1.09,35,66,In Stock
21/09/26 20:45,SKU_017,Product_Personal Care_17,Personal Care,69,1125,59,"BD Mall, Manjit Nagar (Near Thapar Uni)",Patiala,147004,39,1.73,19,58,In Stock
21/09/26 20:45,SKU_018,Product_Snacks & Beverages_18,Snacks & Beverages,73,1229,66,"BD Mall, Manjit Nagar (Near Thapar Uni)",Patiala,147004,57,1.99,28,61,In Stock
21/09/26 20:45,SKU_019,Product_Snacks & Beverages_19,Snacks & Beverages,210,501,188,"BD Mall, Manjit Nagar (Near Thapar Uni)",Patiala,147004,73,1.82,36,74,In Stock
21/09/26 20:45,SKU_020,Product_Staples_20,Staples,181,301,158,"BD Mall, Manjit Nagar (Near Thapar Uni)",Patiala,147004,44,1.56,22,38,In Stock
21/09/26 20:45,SKU_021,Product_Staples_21,Staples,289,915,269,"BD Mall, Manjit Nagar (Near Thapar Uni)",Patiala,147004,47,1.48,23,46,In Stock
21/09/26 20:45,SKU_022,Product_Dairy_22,Dairy/Fresh,234,1375,216,"BD Mall, Manjit Nagar (Near Thapar Uni)",Patiala,147004,127,0.67,25,117,In Stock
21/09/26 20:45,SKU_023,Product_Dairy_23,Dairy/Fresh,232,819,221,"BD Mall, Manjit Nagar (Near Thapar Uni)",Patiala,147004,140,0.62,28,153,In Stock
21/09/26 20:45,SKU_024,Product_Staples_24,Staples,72,891,64,"BD Mall, Manjit Nagar (Near Thapar Uni)",Patiala,147004,40,1.99,20,41,In Stock
21/09/26 20:45,SKU_025,Product_Dairy_25,Dairy/Fresh,271,287,240,"BD Mall, Manjit Nagar (Near Thapar Uni)",Patiala,147004,141,0.51,28,119,In Stock
21/09/26 20:45,SKU_026,Product_Snacks & Beverages_26,Snacks & Beverages,60,1280,53,"BD Mall, Manjit Nagar (Near Thapar Uni)",Patiala,147004,66,1.99,33,85,In Stock
21/09/26 20:45,SKU_027,Product_Staples_27,Staples,84,620,74,"BD Mall, Manjit Nagar (Near Thapar Uni)",Patiala,147004,25,1.16,12,36,In Stock
21/09/26 20:45,SKU_028,Product_Staples_28,Staples,155,1186,145,"BD Mall, Manjit Nagar (Near Thapar Uni)",Patiala,147004,76,1.25,38,78,In Stock
21/09/26 20:45,SKU_029,Product_Staples_29,Staples,100,491,91,"BD Mall, Manjit Nagar (Near Thapar Uni)",Patiala,147004,48,1.09,24,0,Out of Stock
21/09/26 20:45,SKU_030,Product_Staples_30,Staples,280,330,241,"BD Mall, Manjit Nagar (Near Thapar Uni)",Patiala,147004,38,1.27,19,31,In Stock
21/09/26 20:45,SKU_031,Product_Snacks & Beverages_31,Snacks & Beverages,47,234,42,"BD Mall, Manjit Nagar (Near Thapar Uni)",Patiala,147004,52,1.77,26,56,In Stock
21/09/26 20:45,SKU_032,Product_Staples_32,Staples,287,1029,255,"BD Mall, Manjit Nagar (Near Thapar Uni)",Patiala,147004,20,1.85,10,22,In Stock
21/09/26 20:45,SKU_033,Product_Dairy_33,Dairy/Fresh,81,904,77,"BD Mall, Manjit Nagar (Near Thapar Uni)",Patiala,147004,121,0.6,24,128,In Stock
21/09/26 20:45,SKU_034,Product_Staples_34,Staples,233,1060,223,"BD Mall, Manjit Nagar (Near Thapar Uni)",Patiala,147004,22,1.63,11,28,In Stock
21/09/26 20:45,SKU_035,Product_Dairy_35,Dairy/Fresh,150,1128,131,"BD Mall, Manjit Nagar (Near Thapar Uni)",Patiala,147004,130,0.85,26,0,Out of Stock
21/09/26 20:45,SKU_036,Product_Snacks & Beverages_36,Snacks & Beverages,274,497,274,"BD Mall, Manjit Nagar (Near Thapar Uni)",Patiala,147004,40,1.71,20,53,In Stock
21/09/26 20:45,SKU_037,Product_Snacks & Beverages_37,Snacks & Beverages,226,1138,201,"BD Mall, Manjit Nagar (Near Thapar Uni)",Patiala,147004,54,1.39,27,43,In Stock
21/09/26 20:45,SKU_038,Product_Dairy_38,Dairy/Fresh,198,963,197,"BD Mall, Manjit Nagar (Near Thapar Uni)",Patiala,147004,145,0.55,29,0,Out of Stock
21/09/26 20:45,SKU_039,Product_Snacks & Beverages_39,Snacks & Beverages,71,1120,65,"BD Mall, Manjit Nagar (Near Thapar Uni)",Patiala,147004,59,1.68,29,0,Out of Stock
21/09/26 20:45,SKU_040,Product_Snacks & Beverages_40,Snacks & Beverages,241,584,206,"BD Mall, Manjit Nagar (Near Thapar Uni)",Patiala,147004,22,1.7,11,14,In Stock
21/09/26 20:45,SKU_041,Product_Dairy_41,Dairy/Fresh,256,1294,231,"BD Mall, Manjit Nagar (Near Thapar Uni)",Patiala,147004,112,0.84,22,75,In Stock
21/09/26 20:45,SKU_042,Product_Dairy_42,Dairy/Fresh,32,1283,30,"BD Mall, Manjit Nagar (Near Thapar Uni)",Patiala,147004,87,0.97,17,75,In Stock
21/09/26 21:05,SKU_001,Product_Dairy_1,Dairy/Fresh,290,1230,273,"BD Mall, Manjit Nagar (Near Thapar Uni)",Patiala,147004,116,0.86,23,74,In Stock
21/09/26 21:05,SKU_002,Product_Staples_2,Staples,40,221,38,"BD Mall, Manjit Nagar (Near Thapar Uni)",Patiala,147004,64,1.38,32,71,In Stock
21/09/26 21:05,SKU_003,Product_Dairy_3,Dairy/Fresh,107,1496,105,"BD Mall, Manjit Nagar (Near Thapar Uni)",Patiala,147004,118,0.72,23,0,Out of Stock
21/09/26 21:05,SKU_004,Product_Snacks & Beverages_4,Snacks & Beverages,171,230,161,"BD Mall, Manjit Nagar (Near Thapar Uni)",Patiala,147004,39,1.49,19,30,In Stock
21/09/26 21:05,SKU_005,Product_Dairy_5,Dairy/Fresh,277,443,248,"BD Mall, Manjit Nagar (Near Thapar Uni)",Patiala,147004,96,0.69,19,0,Out of Stock
21/09/26 21:05,SKU_006,Product_Staples_6,Staples,211,1055,183,"BD Mall, Manjit Nagar (Near Thapar Uni)",Patiala,147004,63,1.35,31,41,In Stock
21/09/26 21:05,SKU_007,Product_Dairy_7,Dairy/Fresh,41,352,38,"BD Mall, Manjit Nagar (Near Thapar Uni)",Patiala,147004,80,0.69,16,63,In Stock
21/09/26 21:05,SKU_008,Product_Snacks & Beverages_8,Snacks & Beverages,68,574,60,"BD Mall, Manjit Nagar (Near Thapar Uni)",Patiala,147004,53,1.89,26,62,In Stock
21/09/26 21:05,SKU_009,Product_Snacks & Beverages_9,Snacks & Beverages,189,799,172,"BD Mall, Manjit Nagar (Near Thapar Uni)",Patiala,147004,40,1.46,20,47,In Stock
21/09/26 21:05,SKU_010,Product_Dairy_10,Dairy/Fresh,209,1057,205,"BD Mall, Manjit Nagar (Near Thapar Uni)",Patiala,147004,71,0.94,14,29,In Stock
21/09/26 21:05,SKU_011,Product_Staples_11,Staples,70,1367,63,"BD Mall, Manjit Nagar (Near Thapar Uni)",Patiala,147004,74,1.33,37,81,In Stock
21/09/26 21:05,SKU_012,Product_Snacks & Beverages_12,Snacks & Beverages,150,746,130,"BD Mall, Manjit Nagar (Near Thapar Uni)",Patiala,147004,67,1.28,33,0,Out of Stock
21/09/26 21:05,SKU_013,Product_Dairy_13,Dairy/Fresh,186,1397,168,"BD Mall, Manjit Nagar (Near Thapar Uni)",Patiala,147004,92,0.58,18,0,Out of Stock
21/09/26 21:05,SKU_014,Product_Personal Care_14,Personal Care,33,341,33,"BD Mall, Manjit Nagar (Near Thapar Uni)",Patiala,147004,25,1.12,12,14,In Stock
21/09/26 21:05,SKU_015,Product_Dairy_15,Dairy/Fresh,72,997,64,"BD Mall, Manjit Nagar (Near Thapar Uni)",Patiala,147004,103,0.55,20,50,In Stock
21/09/26 21:05,SKU_016,Product_Snacks & Beverages_16,Snacks & Beverages,283,134,268,"BD Mall, Manjit Nagar (Near Thapar Uni)",Patiala,147004,72,1.78,36,47,In Stock
21/09/26 21:05,SKU_017,Product_Personal Care_17,Personal Care,69,1125,59,"BD Mall, Manjit Nagar (Near Thapar Uni)",Patiala,147004,32,1.19,16,0,Out of Stock
21/09/26 21:05,SKU_018,Product_Snacks & Beverages_18,Snacks & Beverages,73,1229,66,"BD Mall, Manjit Nagar (Near Thapar Uni)",Patiala,147004,68,1.69,34,58,In Stock
21/09/26 21:05,SKU_019,Product_Snacks & Beverages_19,Snacks & Beverages,210,501,188,"BD Mall, Manjit Nagar (Near Thapar Uni)",Patiala,147004,42,1.6,21,55,In Stock
21/09/26 21:05,SKU_020,Product_Staples_20,Staples,181,301,158,"BD Mall, Manjit Nagar (Near Thapar Uni)",Patiala,147004,28,1.18,14,25,In Stock
21/09/26 21:05,SKU_021,Product_Staples_21,Staples,289,915,269,"BD Mall, Manjit Nagar (Near Thapar Uni)",Patiala,147004,36,1.27,18,38,In Stock
21/09/26 21:05,SKU_022,Product_Dairy_22,Dairy/Fresh,234,1375,216,"BD Mall, Manjit Nagar (Near Thapar Uni)",Patiala,147004,115,0.51,23,112,In Stock
21/09/26 21:05,SKU_023,Product_Dairy_23,Dairy/Fresh,232,819,221,"BD Mall, Manjit Nagar (Near Thapar Uni)",Patiala,147004,90,0.74,18,72,In Stock
21/09/26 21:05,SKU_024,Product_Staples_24,Staples,72,891,64,"BD Mall, Manjit Nagar (Near Thapar Uni)",Patiala,147004,38,1.64,19,0,Out of Stock
21/09/26 21:05,SKU_025,Product_Dairy_25,Dairy/Fresh,271,287,240,"BD Mall, Manjit Nagar (Near Thapar Uni)",Patiala,147004,84,0.66,16,0,Out of Stock
21/09/26 21:05,SKU_026,Product_Snacks & Beverages_26,Snacks & Beverages,60,1280,53,"BD Mall, Manjit Nagar (Near Thapar Uni)",Patiala,147004,26,1.77,13,0,Out of Stock
21/09/26 21:05,SKU_027,Product_Staples_27,Staples,84,620,74,"BD Mall, Manjit Nagar (Near Thapar Uni)",Patiala,147004,73,1.76,36,52,In Stock
21/09/26 21:05,SKU_028,Product_Staples_28,Staples,155,1186,145,"BD Mall, Manjit Nagar (Near Thapar Uni)",Patiala,147004,61,1.62,30,0,Out of Stock
21/09/26 21:05,SKU_029,Product_Staples_29,Staples,100,491,91,"BD Mall, Manjit Nagar (Near Thapar Uni)",Patiala,147004,61,1.79,30,0,Out of Stock
21/09/26 21:05,SKU_030,Product_Staples_30,Staples,280,330,241,"BD Mall, Manjit Nagar (Near Thapar Uni)",Patiala,147004,78,1.33,39,43,In Stock
21/09/26 21:05,SKU_031,Product_Snacks & Beverages_31,Snacks & Beverages,47,234,42,"BD Mall, Manjit Nagar (Near Thapar Uni)",Patiala,147004,39,1.88,19,42,In Stock
21/09/26 21:05,SKU_032,Product_Staples_32,Staples,287,1029,255,"BD Mall, Manjit Nagar (Near Thapar Uni)",Patiala,147004,28,1.61,14,20,In Stock
21/09/26 21:05,SKU_033,Product_Dairy_33,Dairy/Fresh,81,904,77,"BD Mall, Manjit Nagar (Near Thapar Uni)",Patiala,147004,57,0.64,11,0,Out of Stock
21/09/26 21:05,SKU_034,Product_Staples_34,Staples,233,1060,223,"BD Mall, Manjit Nagar (Near Thapar Uni)",Patiala,147004,46,1.55,23,0,Out of Stock
21/09/26 21:05,SKU_035,Product_Dairy_35,Dairy/Fresh,150,1128,131,"BD Mall, Manjit Nagar (Near Thapar Uni)",Patiala,147004,120,0.62,24,0,Out of Stock
21/09/26 21:05,SKU_036,Product_Snacks & Beverages_36,Snacks & Beverages,274,497,274,"BD Mall, Manjit Nagar (Near Thapar Uni)",Patiala,147004,21,1.54,10,20,In Stock
21/09/26 21:05,SKU_037,Product_Snacks & Beverages_37,Snacks & Beverages,226,1138,201,"BD Mall, Manjit Nagar (Near Thapar Uni)",Patiala,147004,55,1.37,27,37,In Stock
21/09/26 21:05,SKU_038,Product_Dairy_38,Dairy/Fresh,198,963,197,"BD Mall, Manjit Nagar (Near Thapar Uni)",Patiala,147004,116,0.78,23,0,Out of Stock
21/09/26 21:05,SKU_039,Product_Snacks & Beverages_39,Snacks & Beverages,71,1120,65,"BD Mall, Manjit Nagar (Near Thapar Uni)",Patiala,147004,36,1.48,18,54,In Stock
21/09/26 21:05,SKU_040,Product_Snacks & Beverages_40,Snacks & Beverages,241,584,206,"BD Mall, Manjit Nagar (Near Thapar Uni)",Patiala,147004,24,1.84,12,29,In Stock
21/09/26 21:05,SKU_041,Product_Dairy_41,Dairy/Fresh,256,1294,231,"BD Mall, Manjit Nagar (Near Thapar Uni)",Patiala,147004,74,0.82,14,42,In Stock
21/09/26 21:05,SKU_042,Product_Dairy_42,Dairy/Fresh,32,1283,30,"BD Mall, Manjit Nagar (Near Thapar Uni)",Patiala,147004,86,0.91,17,0,Out of Stock
21/09/26 22:59,SKU_001,Product_Dairy_1,Dairy/Fresh,290,1230,273,"BD Mall, Manjit Nagar (Near Thapar Uni)",Patiala,147004,50,0.78,10,62,In Stock
21/09/26 22:59,SKU_002,Product_Staples_2,Staples,40,221,38,"BD Mall, Manjit Nagar (Near Thapar Uni)",Patiala,147004,73,1.98,36,88,In Stock
21/09/26 22:59,SKU_003,Product_Dairy_3,Dairy/Fresh,107,1496,105,"BD Mall, Manjit Nagar (Near Thapar Uni)",Patiala,147004,86,0.63,17,64,In Stock
21/09/26 22:59,SKU_004,Product_Snacks & Beverages_4,Snacks & Beverages,171,230,161,"BD Mall, Manjit Nagar (Near Thapar Uni)",Patiala,147004,26,1.79,13,39,In Stock
21/09/26 22:59,SKU_005,Product_Dairy_5,Dairy/Fresh,277,443,248,"BD Mall, Manjit Nagar (Near Thapar Uni)",Patiala,147004,57,0.65,11,76,In Stock
21/09/26 22:59,SKU_006,Product_Staples_6,Staples,211,1055,183,"BD Mall, Manjit Nagar (Near Thapar Uni)",Patiala,147004,58,1.54,29,75,In Stock
21/09/26 22:59,SKU_007,Product_Dairy_7,Dairy/Fresh,41,352,38,"BD Mall, Manjit Nagar (Near Thapar Uni)",Patiala,147004,109,0.52,21,120,In Stock
21/09/26 22:59,SKU_008,Product_Snacks & Beverages_8,Snacks & Beverages,68,574,60,"BD Mall, Manjit Nagar (Near Thapar Uni)",Patiala,147004,59,1.54,29,76,In Stock
21/09/26 22:59,SKU_009,Product_Snacks & Beverages_9,Snacks & Beverages,189,799,172,"BD Mall, Manjit Nagar (Near Thapar Uni)",Patiala,147004,64,1.15,32,61,In Stock
21/09/26 22:59,SKU_010,Product_Dairy_10,Dairy/Fresh,209,1057,205,"BD Mall, Manjit Nagar (Near Thapar Uni)",Patiala,147004,85,0.89,17,75,In Stock
21/09/26 22:59,SKU_011,Product_Staples_11,Staples,70,1367,63,"BD Mall, Manjit Nagar (Near Thapar Uni)",Patiala,147004,57,1.65,28,34,In Stock
21/09/26 22:59,SKU_012,Product_Snacks & Beverages_12,Snacks & Beverages,150,746,130,"BD Mall, Manjit Nagar (Near Thapar Uni)",Patiala,147004,44,1.39,22,33,In Stock
21/09/26 22:59,SKU_013,Product_Dairy_13,Dairy/Fresh,186,1397,168,"BD Mall, Manjit Nagar (Near Thapar Uni)",Patiala,147004,112,0.69,22,24,In Stock
21/09/26 22:59,SKU_014,Product_Personal Care_14,Personal Care,33,341,33,"BD Mall, Manjit Nagar (Near Thapar Uni)",Patiala,147004,49,1.88,24,40,In Stock
21/09/26 22:59,SKU_015,Product_Dairy_15,Dairy/Fresh,72,997,64,"BD Mall, Manjit Nagar (Near Thapar Uni)",Patiala,147004,58,0.7,11,42,In Stock
21/09/26 22:59,SKU_016,Product_Snacks & Beverages_16,Snacks & Beverages,283,134,268,"BD Mall, Manjit Nagar (Near Thapar Uni)",Patiala,147004,23,1.79,11,18,In Stock
21/09/26 22:59,SKU_017,Product_Personal Care_17,Personal Care,69,1125,59,"BD Mall, Manjit Nagar (Near Thapar Uni)",Patiala,147004,43,1.17,21,43,In Stock
21/09/26 22:59,SKU_018,Product_Snacks & Beverages_18,Snacks & Beverages,73,1229,66,"BD Mall, Manjit Nagar (Near Thapar Uni)",Patiala,147004,48,1.04,24,61,In Stock
21/09/26 22:59,SKU_019,Product_Snacks & Beverages_19,Snacks & Beverages,210,501,188,"BD Mall, Manjit Nagar (Near Thapar Uni)",Patiala,147004,28,1.19,14,43,In Stock
21/09/26 22:59,SKU_020,Product_Staples_20,Staples,181,301,158,"BD Mall, Manjit Nagar (Near Thapar Uni)",Patiala,147004,23,1.77,11,25,In Stock
21/09/26 22:59,SKU_021,Product_Staples_21,Staples,289,915,269,"BD Mall, Manjit Nagar (Near Thapar Uni)",Patiala,147004,70,1.41,35,44,In Stock
21/09/26 22:59,SKU_022,Product_Dairy_22,Dairy/Fresh,234,1375,216,"BD Mall, Manjit Nagar (Near Thapar Uni)",Patiala,147004,124,0.51,24,78,In Stock
21/09/26 22:59,SKU_023,Product_Dairy_23,Dairy/Fresh,232,819,221,"BD Mall, Manjit Nagar (Near Thapar Uni)",Patiala,147004,148,0.66,29,151,In Stock
21/09/26 22:59,SKU_024,Product_Staples_24,Staples,72,891,64,"BD Mall, Manjit Nagar (Near Thapar Uni)",Patiala,147004,24,1.02,12,36,In Stock
21/09/26 22:59,SKU_025,Product_Dairy_25,Dairy/Fresh,271,287,240,"BD Mall, Manjit Nagar (Near Thapar Uni)",Patiala,147004,52,0.78,10,47,In Stock
21/09/26 22:59,SKU_026,Product_Snacks & Beverages_26,Snacks & Beverages,60,1280,53,"BD Mall, Manjit Nagar (Near Thapar Uni)",Patiala,147004,61,1.11,30,44,In Stock
21/09/26 22:59,SKU_027,Product_Staples_27,Staples,84,620,74,"BD Mall, Manjit Nagar (Near Thapar Uni)",Patiala,147004,76,1.79,38,67,In Stock
21/09/26 22:59,SKU_028,Product_Staples_28,Staples,155,1186,145,"BD Mall, Manjit Nagar (Near Thapar Uni)",Patiala,147004,38,1.17,19,44,In Stock
21/09/26 22:59,SKU_029,Product_Staples_29,Staples,100,491,91,"BD Mall, Manjit Nagar (Near Thapar Uni)",Patiala,147004,31,1.35,15,28,In Stock
21/09/26 22:59,SKU_030,Product_Staples_30,Staples,280,330,241,"BD Mall, Manjit Nagar (Near Thapar Uni)",Patiala,147004,37,1.76,18,20,In Stock
21/09/26 22:59,SKU_031,Product_Snacks & Beverages_31,Snacks & Beverages,47,234,42,"BD Mall, Manjit Nagar (Near Thapar Uni)",Patiala,147004,36,1.95,18,53,In Stock
21/09/26 22:59,SKU_032,Product_Staples_32,Staples,287,1029,255,"BD Mall, Manjit Nagar (Near Thapar Uni)",Patiala,147004,49,1.37,24,49,In Stock
21/09/26 22:59,SKU_033,Product_Dairy_33,Dairy/Fresh,81,904,77,"BD Mall, Manjit Nagar (Near Thapar Uni)",Patiala,147004,110,0.7,22,99,In Stock
21/09/26 22:59,SKU_034,Product_Staples_34,Staples,233,1060,223,"BD Mall, Manjit Nagar (Near Thapar Uni)",Patiala,147004,30,1.19,15,45,In Stock
21/09/26 22:59,SKU_035,Product_Dairy_35,Dairy/Fresh,150,1128,131,"BD Mall, Manjit Nagar (Near Thapar Uni)",Patiala,147004,65,0.71,13,52,In Stock
21/09/26 22:59,SKU_036,Product_Snacks & Beverages_36,Snacks & Beverages,274,497,274,"BD Mall, Manjit Nagar (Near Thapar Uni)",Patiala,147004,42,1.66,21,30,In Stock
21/09/26 22:59,SKU_037,Product_Snacks & Beverages_37,Snacks & Beverages,226,1138,201,"BD Mall, Manjit Nagar (Near Thapar Uni)",Patiala,147004,36,1.19,18,26,In Stock
21/09/26 22:59,SKU_038,Product_Dairy_38,Dairy/Fresh,198,963,197,"BD Mall, Manjit Nagar (Near Thapar Uni)",Patiala,147004,66,0.87,13,58,In Stock
21/09/26 22:59,SKU_039,Product_Snacks & Beverages_39,Snacks & Beverages,71,1120,65,"BD Mall, Manjit Nagar (Near Thapar Uni)",Patiala,147004,34,1.13,17,34,In Stock
21/09/26 22:59,SKU_040,Product_Snacks & Beverages_40,Snacks & Beverages,241,584,206,"BD Mall, Manjit Nagar (Near Thapar Uni)",Patiala,147004,51,1.38,25,60,In Stock
21/09/26 22:59,SKU_041,Product_Dairy_41,Dairy/Fresh,256,1294,231,"BD Mall, Manjit Nagar (Near Thapar Uni)",Patiala,147004,109,0.89,21,56,In Stock
21/09/26 22:59,SKU_042,Product_Dairy_42,Dairy/Fresh,32,1283,30,"BD Mall, Manjit Nagar (Near Thapar Uni)",Patiala,147004,115,0.61,23,98,In Stock
22/09/26 06:36,SKU_001,Product_Dairy_1,Dairy/Fresh,290,1230,273,"BD Mall, Manjit Nagar (Near Thapar Uni)",Patiala,147004,115,0.86,23,72,In Stock
22/09/26 06:36,SKU_002,Product_Staples_2,Staples,40,221,38,"BD Mall, Manjit Nagar (Near Thapar Uni)",Patiala,147004,47,1.01,23,0,Out of Stock
22/09/26 06:36,SKU_003,Product_Dairy_3,Dairy/Fresh,107,1496,105,"BD Mall, Manjit Nagar (Near Thapar Uni)",Patiala,147004,62,0.67,12,14,In Stock
22/09/26 06:36,SKU_004,Product_Snacks & Beverages_4,Snacks & Beverages,171,230,161,"BD Mall, Manjit Nagar (Near Thapar Uni)",Patiala,147004,79,1.57,39,56,In Stock
22/09/26 06:36,SKU_005,Product_Dairy_5,Dairy/Fresh,277,443,248,"BD Mall, Manjit Nagar (Near Thapar Uni)",Patiala,147004,80,0.5,16,0,Out of Stock
22/09/26 06:36,SKU_006,Product_Staples_6,Staples,211,1055,183,"BD Mall, Manjit Nagar (Near Thapar Uni)",Patiala,147004,41,1.51,20,0,Out of Stock
22/09/26 06:36,SKU_007,Product_Dairy_7,Dairy/Fresh,41,352,38,"BD Mall, Manjit Nagar (Near Thapar Uni)",Patiala,147004,88,0.68,17,81,In Stock
22/09/26 06:36,SKU_008,Product_Snacks & Beverages_8,Snacks & Beverages,68,574,60,"BD Mall, Manjit Nagar (Near Thapar Uni)",Patiala,147004,38,1.47,19,49,In Stock
22/09/26 06:36,SKU_009,Product_Snacks & Beverages_9,Snacks & Beverages,189,799,172,"BD Mall, Manjit Nagar (Near Thapar Uni)",Patiala,147004,64,1.27,32,44,In Stock
22/09/26 06:36,SKU_010,Product_Dairy_10,Dairy/Fresh,209,1057,205,"BD Mall, Manjit Nagar (Near Thapar Uni)",Patiala,147004,136,0.93,27,29,In Stock
22/09/26 06:36,SKU_011,Product_Staples_11,Staples,70,1367,63,"BD Mall, Manjit Nagar (Near Thapar Uni)",Patiala,147004,39,1.41,19,47,In Stock
22/09/26 06:36,SKU_012,Product_Snacks & Beverages_12,Snacks & Beverages,150,746,130,"BD Mall, Manjit Nagar (Near Thapar Uni)",Patiala,147004,20,1.05,10,12,In Stock
22/09/26 06:36,SKU_013,Product_Dairy_13,Dairy/Fresh,186,1397,168,"BD Mall, Manjit Nagar (Near Thapar Uni)",Patiala,147004,76,0.74,15,29,In Stock
22/09/26 06:36,SKU_014,Product_Personal Care_14,Personal Care,33,341,33,"BD Mall, Manjit Nagar (Near Thapar Uni)",Patiala,147004,68,1.31,34,54,In Stock
22/09/26 06:36,SKU_015,Product_Dairy_15,Dairy/Fresh,72,997,64,"BD Mall, Manjit Nagar (Near Thapar Uni)",Patiala,147004,102,0.61,20,81,In Stock
22/09/26 06:36,SKU_016,Product_Snacks & Beverages_16,Snacks & Beverages,283,134,268,"BD Mall, Manjit Nagar (Near Thapar Uni)",Patiala,147004,20,1.13,10,28,In Stock
22/09/26 06:36,SKU_017,Product_Personal Care_17,Personal Care,69,1125,59,"BD Mall, Manjit Nagar (Near Thapar Uni)",Patiala,147004,29,1.93,14,41,In Stock
22/09/26 06:36,SKU_018,Product_Snacks & Beverages_18,Snacks & Beverages,73,1229,66,"BD Mall, Manjit Nagar (Near Thapar Uni)",Patiala,147004,66,1.89,33,36,In Stock
22/09/26 06:36,SKU_019,Product_Snacks & Beverages_19,Snacks & Beverages,210,501,188,"BD Mall, Manjit Nagar (Near Thapar Uni)",Patiala,147004,78,1.19,39,83,In Stock
22/09/26 06:36,SKU_020,Product_Staples_20,Staples,181,301,158,"BD Mall, Manjit Nagar (Near Thapar Uni)",Patiala,147004,78,1.34,39,51,In Stock
22/09/26 06:36,SKU_021,Product_Staples_21,Staples,289,915,269,"BD Mall, Manjit Nagar (Near Thapar Uni)",Patiala,147004,51,1.61,25,39,In Stock
22/09/26 06:36,SKU_022,Product_Dairy_22,Dairy/Fresh,234,1375,216,"BD Mall, Manjit Nagar (Near Thapar Uni)",Patiala,147004,70,0.87,14,64,In Stock
22/09/26 06:36,SKU_023,Product_Dairy_23,Dairy/Fresh,232,819,221,"BD Mall, Manjit Nagar (Near Thapar Uni)",Patiala,147004,68,0.57,13,60,In Stock
22/09/26 06:36,SKU_024,Product_Staples_24,Staples,72,891,64,"BD Mall, Manjit Nagar (Near Thapar Uni)",Patiala,147004,41,1.25,20,58,In Stock
22/09/26 06:36,SKU_025,Product_Dairy_25,Dairy/Fresh,271,287,240,"BD Mall, Manjit Nagar (Near Thapar Uni)",Patiala,147004,68,0.91,13,79,In Stock
22/09/26 06:36,SKU_026,Product_Snacks & Beverages_26,Snacks & Beverages,60,1280,53,"BD Mall, Manjit Nagar (Near Thapar Uni)",Patiala,147004,67,1.85,33,62,In Stock
22/09/26 06:36,SKU_027,Product_Staples_27,Staples,84,620,74,"BD Mall, Manjit Nagar (Near Thapar Uni)",Patiala,147004,65,1.58,32,51,In Stock
22/09/26 06:36,SKU_028,Product_Staples_28,Staples,155,1186,145,"BD Mall, Manjit Nagar (Near Thapar Uni)",Patiala,147004,51,1.52,25,26,In Stock
22/09/26 06:36,SKU_029,Product_Staples_29,Staples,100,491,91,"BD Mall, Manjit Nagar (Near Thapar Uni)",Patiala,147004,46,1.93,23,47,In Stock
22/09/26 06:36,SKU_030,Product_Staples_30,Staples,280,330,241,"BD Mall, Manjit Nagar (Near Thapar Uni)",Patiala,147004,47,1.93,23,33,In Stock
22/09/26 06:36,SKU_031,Product_Snacks & Beverages_31,Snacks & Beverages,47,234,42,"BD Mall, Manjit Nagar (Near Thapar Uni)",Patiala,147004,37,1.97,18,18,In Stock
22/09/26 06:36,SKU_032,Product_Staples_32,Staples,287,1029,255,"BD Mall, Manjit Nagar (Near Thapar Uni)",Patiala,147004,78,1.13,39,86,In Stock
22/09/26 06:36,SKU_033,Product_Dairy_33,Dairy/Fresh,81,904,77,"BD Mall, Manjit Nagar (Near Thapar Uni)",Patiala,147004,81,0.87,16,63,In Stock
22/09/26 06:36,SKU_034,Product_Staples_34,Staples,233,1060,223,"BD Mall, Manjit Nagar (Near Thapar Uni)",Patiala,147004,68,1.68,34,43,In Stock
22/09/26 06:36,SKU_035,Product_Dairy_35,Dairy/Fresh,150,1128,131,"BD Mall, Manjit Nagar (Near Thapar Uni)",Patiala,147004,123,0.84,24,104,In Stock
22/09/26 06:36,SKU_036,Product_Snacks & Beverages_36,Snacks & Beverages,274,497,274,"BD Mall, Manjit Nagar (Near Thapar Uni)",Patiala,147004,37,1.02,18,0,Out of Stock
22/09/26 06:36,SKU_037,Product_Snacks & Beverages_37,Snacks & Beverages,226,1138,201,"BD Mall, Manjit Nagar (Near Thapar Uni)",Patiala,147004,63,1.06,31,65,In Stock
22/09/26 06:36,SKU_038,Product_Dairy_38,Dairy/Fresh,198,963,197,"BD Mall, Manjit Nagar (Near Thapar Uni)",Patiala,147004,121,0.82,24,137,In Stock
22/09/26 06:36,SKU_039,Product_Snacks & Beverages_39,Snacks & Beverages,71,1120,65,"BD Mall, Manjit Nagar (Near Thapar Uni)",Patiala,147004,73,1.87,36,54,In Stock
22/09/26 06:36,SKU_040,Product_Snacks & Beverages_40,Snacks & Beverages,241,584,206,"BD Mall, Manjit Nagar (Near Thapar Uni)",Patiala,147004,50,1.36,25,58,In Stock
22/09/26 06:36,SKU_041,Product_Dairy_41,Dairy/Fresh,256,1294,231,"BD Mall, Manjit Nagar (Near Thapar Uni)",Patiala,147004,69,0.93,13,44,In Stock
22/09/26 06:36,SKU_042,Product_Dairy_42,Dairy/Fresh,32,1283,30,"BD Mall, Manjit Nagar (Near Thapar Uni)",Patiala,147004,81,0.84,16,91,In Stock
22/09/26 07:28,SKU_001,Product_Dairy_1,Dairy/Fresh,290,1230,273,"BD Mall, Manjit Nagar (Near Thapar Uni)",Patiala,147004,63,0.63,12,17,In Stock
22/09/26 07:28,SKU_002,Product_Staples_2,Staples,40,221,38,"BD Mall, Manjit Nagar (Near Thapar Uni)",Patiala,147004,37,1.43,18,30,In Stock
22/09/26 07:28,SKU_003,Product_Dairy_3,Dairy/Fresh,107,1496,105,"BD Mall, Manjit Nagar (Near Thapar Uni)",Patiala,147004,77,0.9,15,0,Out of Stock
22/09/26 07:28,SKU_004,Product_Snacks & Beverages_4,Snacks & Beverages,171,230,161,"BD Mall, Manjit Nagar (Near Thapar Uni)",Patiala,147004,57,1.43,28,34,In Stock
22/09/26 07:28,SKU_005,Product_Dairy_5,Dairy/Fresh,277,443,248,"BD Mall, Manjit Nagar (Near Thapar Uni)",Patiala,147004,73,0.52,14,0,Out of Stock
22/09/26 07:28,SKU_006,Product_Staples_6,Staples,211,1055,183,"BD Mall, Manjit Nagar (Near Thapar Uni)",Patiala,147004,28,1.55,14,34,In Stock
22/09/26 07:28,SKU_007,Product_Dairy_7,Dairy/Fresh,41,352,38,"BD Mall, Manjit Nagar (Near Thapar Uni)",Patiala,147004,71,0.67,14,78,In Stock
22/09/26 07:28,SKU_008,Product_Snacks & Beverages_8,Snacks & Beverages,68,574,60,"BD Mall, Manjit Nagar (Near Thapar Uni)",Patiala,147004,28,1.99,14,43,In Stock
22/09/26 07:28,SKU_009,Product_Snacks & Beverages_9,Snacks & Beverages,189,799,172,"BD Mall, Manjit Nagar (Near Thapar Uni)",Patiala,147004,65,1.24,32,50,In Stock
22/09/26 07:28,SKU_010,Product_Dairy_10,Dairy/Fresh,209,1057,205,"BD Mall, Manjit Nagar (Near Thapar Uni)",Patiala,147004,53,0.88,10,60,In Stock
22/09/26 07:28,SKU_011,Product_Staples_11,Staples,70,1367,63,"BD Mall, Manjit Nagar (Near Thapar Uni)",Patiala,147004,70,1.53,35,89,In Stock
22/09/26 07:28,SKU_012,Product_Snacks & Beverages_12,Snacks & Beverages,150,746,130,"BD Mall, Manjit Nagar (Near Thapar Uni)",Patiala,147004,54,1.54,27,73,In Stock
22/09/26 07:28,SKU_013,Product_Dairy_13,Dairy/Fresh,186,1397,168,"BD Mall, Manjit Nagar (Near Thapar Uni)",Patiala,147004,136,0.62,27,72,In Stock
22/09/26 07:28,SKU_014,Product_Personal Care_14,Personal Care,33,341,33,"BD Mall, Manjit Nagar (Near Thapar Uni)",Patiala,147004,24,1.77,12,40,In Stock
22/09/26 07:28,SKU_015,Product_Dairy_15,Dairy/Fresh,72,997,64,"BD Mall, Manjit Nagar (Near Thapar Uni)",Patiala,147004,131,0.6,26,124,In Stock
22/09/26 07:28,SKU_016,Product_Snacks & Beverages_16,Snacks & Beverages,283,134,268,"BD Mall, Manjit Nagar (Near Thapar Uni)",Patiala,147004,47,1.61,23,42,In Stock
22/09/26 07:28,SKU_017,Product_Personal Care_17,Personal Care,69,1125,59,"BD Mall, Manjit Nagar (Near Thapar Uni)",Patiala,147004,49,1.72,24,59,In Stock
22/09/26 07:28,SKU_018,Product_Snacks & Beverages_18,Snacks & Beverages,73,1229,66,"BD Mall, Manjit Nagar (Near Thapar Uni)",Patiala,147004,23,1.03,11,39,In Stock
22/09/26 07:28,SKU_019,Product_Snacks & Beverages_19,Snacks & Beverages,210,501,188,"BD Mall, Manjit Nagar (Near Thapar Uni)",Patiala,147004,58,1.57,29,67,In Stock
22/09/26 07:28,SKU_020,Product_Staples_20,Staples,181,301,158,"BD Mall, Manjit Nagar (Near Thapar Uni)",Patiala,147004,39,1.88,19,19,In Stock
22/09/26 07:28,SKU_021,Product_Staples_21,Staples,289,915,269,"BD Mall, Manjit Nagar (Near Thapar Uni)",Patiala,147004,44,1.02,22,44,In Stock
22/09/26 07:28,SKU_022,Product_Dairy_22,Dairy/Fresh,234,1375,216,"BD Mall, Manjit Nagar (Near Thapar Uni)",Patiala,147004,124,0.61,24,118,In Stock
22/09/26 07:28,SKU_023,Product_Dairy_23,Dairy/Fresh,232,819,221,"BD Mall, Manjit Nagar (Near Thapar Uni)",Patiala,147004,125,0.82,25,144,In Stock
22/09/26 07:28,SKU_024,Product_Staples_24,Staples,72,891,64,"BD Mall, Manjit Nagar (Near Thapar Uni)",Patiala,147004,21,1.35,10,28,In Stock
22/09/26 07:28,SKU_025,Product_Dairy_25,Dairy/Fresh,271,287,240,"BD Mall, Manjit Nagar (Near Thapar Uni)",Patiala,147004,128,0.99,25,87,In Stock
22/09/26 07:28,SKU_026,Product_Snacks & Beverages_26,Snacks & Beverages,60,1280,53,"BD Mall, Manjit Nagar (Near Thapar Uni)",Patiala,147004,33,1.98,16,50,In Stock
22/09/26 07:28,SKU_027,Product_Staples_27,Staples,84,620,74,"BD Mall, Manjit Nagar (Near Thapar Uni)",Patiala,147004,41,1.2,20,41,In Stock
22/09/26 07:28,SKU_028,Product_Staples_28,Staples,155,1186,145,"BD Mall, Manjit Nagar (Near Thapar Uni)",Patiala,147004,50,1.07,25,31,In Stock
22/09/26 07:28,SKU_029,Product_Staples_29,Staples,100,491,91,"BD Mall, Manjit Nagar (Near Thapar Uni)",Patiala,147004,42,1.86,21,53,In Stock
22/09/26 07:28,SKU_030,Product_Staples_30,Staples,280,330,241,"BD Mall, Manjit Nagar (Near Thapar Uni)",Patiala,147004,67,1.87,33,0,Out of Stock
22/09/26 07:28,SKU_031,Product_Snacks & Beverages_31,Snacks & Beverages,47,234,42,"BD Mall, Manjit Nagar (Near Thapar Uni)",Patiala,147004,39,1.47,19,54,In Stock
22/09/26 07:28,SKU_032,Product_Staples_32,Staples,287,1029,255,"BD Mall, Manjit Nagar (Near Thapar Uni)",Patiala,147004,57,1.51,28,71,In Stock
22/09/26 07:28,SKU_033,Product_Dairy_33,Dairy/Fresh,81,904,77,"BD Mall, Manjit Nagar (Near Thapar Uni)",Patiala,147004,87,0.77,17,0,Out of Stock
22/09/26 07:28,SKU_034,Product_Staples_34,Staples,233,1060,223,"BD Mall, Manjit Nagar (Near Thapar Uni)",Patiala,147004,23,1.74,11,42,In Stock
22/09/26 07:28,SKU_035,Product_Dairy_35,Dairy/Fresh,150,1128,131,"BD Mall, Manjit Nagar (Near Thapar Uni)",Patiala,147004,136,0.7,27,117,In Stock
22/09/26 07:28,SKU_036,Product_Snacks & Beverages_36,Snacks & Beverages,274,497,274,"BD Mall, Manjit Nagar (Near Thapar Uni)",Patiala,147004,43,1.02,21,22,In Stock
22/09/26 07:28,SKU_037,Product_Snacks & Beverages_37,Snacks & Beverages,226,1138,201,"BD Mall, Manjit Nagar (Near Thapar Uni)",Patiala,147004,44,1.48,22,38,In Stock
22/09/26 07:28,SKU_038,Product_Dairy_38,Dairy/Fresh,198,963,197,"BD Mall, Manjit Nagar (Near Thapar Uni)",Patiala,147004,57,0.7,11,75,In Stock
22/09/26 07:28,SKU_039,Product_Snacks & Beverages_39,Snacks & Beverages,71,1120,65,"BD Mall, Manjit Nagar (Near Thapar Uni)",Patiala,147004,26,1.9,13,42,In Stock
22/09/26 07:28,SKU_040,Product_Snacks & Beverages_40,Snacks & Beverages,241,584,206,"BD Mall, Manjit Nagar (Near Thapar Uni)",Patiala,147004,76,1.96,38,59,In Stock
22/09/26 07:28,SKU_041,Product_Dairy_41,Dairy/Fresh,256,1294,231,"BD Mall, Manjit Nagar (Near Thapar Uni)",Patiala,147004,118,0.77,23,114,In Stock
22/09/26 07:28,SKU_042,Product_Dairy_42,Dairy/Fresh,32,1283,30,"BD Mall, Manjit Nagar (Near Thapar Uni)",Patiala,147004,93,0.88,18,43,In Stock
22/09/26 08:45,SKU_001,Product_Dairy_1,Dairy/Fresh,290,1230,273,"BD Mall, Manjit Nagar (Near Thapar Uni)",Patiala,147004,113,0.54,22,56,In Stock
22/09/26 08:45,SKU_002,Product_Staples_2,Staples,40,221,38,"BD Mall, Manjit Nagar (Near Thapar Uni)",Patiala,147004,24,1.77,12,42,In Stock
22/09/26 08:45,SKU_003,Product_Dairy_3,Dairy/Fresh,107,1496,105,"BD Mall, Manjit Nagar (Near Thapar Uni)",Patiala,147004,77,0.75,15,89,In Stock
22/09/26 08:45,SKU_004,Product_Snacks & Beverages_4,Snacks & Beverages,171,230,161,"BD Mall, Manjit Nagar (Near Thapar Uni)",Patiala,147004,69,1.54,34,40,In Stock
22/09/26 08:45,SKU_005,Product_Dairy_5,Dairy/Fresh,277,443,248,"BD Mall, Manjit Nagar (Near Thapar Uni)",Patiala,147004,114,0.63,22,0,Out of Stock
22/09/26 08:45,SKU_006,Product_Staples_6,Staples,211,1055,183,"BD Mall, Manjit Nagar (Near Thapar Uni)",Patiala,147004,57,1.93,28,52,In Stock
22/09/26 08:45,SKU_007,Product_Dairy_7,Dairy/Fresh,41,352,38,"BD Mall, Manjit Nagar (Near Thapar Uni)",Patiala,147004,58,0.51,11,71,In Stock
22/09/26 08:45,SKU_008,Product_Snacks & Beverages_8,Snacks & Beverages,68,574,60,"BD Mall, Manjit Nagar (Near Thapar Uni)",Patiala,147004,31,1.36,15,45,In Stock
22/09/26 08:45,SKU_009,Product_Snacks & Beverages_9,Snacks & Beverages,189,799,172,"BD Mall, Manjit Nagar (Near Thapar Uni)",Patiala,147004,58,1.63,29,0,Out of Stock
22/09/26 08:45,SKU_010,Product_Dairy_10,Dairy/Fresh,209,1057,205,"BD Mall, Manjit Nagar (Near Thapar Uni)",Patiala,147004,93,0.79,18,68,In Stock
22/09/26 08:45,SKU_011,Product_Staples_11,Staples,70,1367,63,"BD Mall, Manjit Nagar (Near Thapar Uni)",Patiala,147004,21,1.21,10,35,In Stock
22/09/26 08:45,SKU_012,Product_Snacks & Beverages_12,Snacks & Beverages,150,746,130,"BD Mall, Manjit Nagar (Near Thapar Uni)",Patiala,147004,29,1.84,14,47,In Stock
22/09/26 08:45,SKU_013,Product_Dairy_13,Dairy/Fresh,186,1397,168,"BD Mall, Manjit Nagar (Near Thapar Uni)",Patiala,147004,131,0.71,26,84,In Stock
22/09/26 08:45,SKU_014,Product_Personal Care_14,Personal Care,33,341,33,"BD Mall, Manjit Nagar (Near Thapar Uni)",Patiala,147004,49,1.19,24,44,In Stock
22/09/26 08:45,SKU_015,Product_Dairy_15,Dairy/Fresh,72,997,64,"BD Mall, Manjit Nagar (Near Thapar Uni)",Patiala,147004,100,0.89,20,75,In Stock
22/09/26 08:45,SKU_016,Product_Snacks & Beverages_16,Snacks & Beverages,283,134,268,"BD Mall, Manjit Nagar (Near Thapar Uni)",Patiala,147004,77,1.73,38,74,In Stock
22/09/26 08:45,SKU_017,Product_Personal Care_17,Personal Care,69,1125,59,"BD Mall, Manjit Nagar (Near Thapar Uni)",Patiala,147004,36,1.97,18,36,In Stock
22/09/26 08:45,SKU_018,Product_Snacks & Beverages_18,Snacks & Beverages,73,1229,66,"BD Mall, Manjit Nagar (Near Thapar Uni)",Patiala,147004,23,1.81,11,38,In Stock
22/09/26 08:45,SKU_019,Product_Snacks & Beverages_19,Snacks & Beverages,210,501,188,"BD Mall, Manjit Nagar (Near Thapar Uni)",Patiala,147004,26,1.94,13,33,In Stock
22/09/26 08:45,SKU_020,Product_Staples_20,Staples,181,301,158,"BD Mall, Manjit Nagar (Near Thapar Uni)",Patiala,147004,60,1.14,30,43,In Stock
22/09/26 08:45,SKU_021,Product_Staples_21,Staples,289,915,269,"BD Mall, Manjit Nagar (Near Thapar Uni)",Patiala,147004,50,1.07,25,34,In Stock
22/09/26 08:45,SKU_022,Product_Dairy_22,Dairy/Fresh,234,1375,216,"BD Mall, Manjit Nagar (Near Thapar Uni)",Patiala,147004,100,0.81,20,72,In Stock
22/09/26 08:45,SKU_023,Product_Dairy_23,Dairy/Fresh,232,819,221,"BD Mall, Manjit Nagar (Near Thapar Uni)",Patiala,147004,86,0.99,17,87,In Stock
22/09/26 08:45,SKU_024,Product_Staples_24,Staples,72,891,64,"BD Mall, Manjit Nagar (Near Thapar Uni)",Patiala,147004,78,1.83,39,67,In Stock
22/09/26 08:45,SKU_025,Product_Dairy_25,Dairy/Fresh,271,287,240,"BD Mall, Manjit Nagar (Near Thapar Uni)",Patiala,147004,107,0.56,21,83,In Stock
22/09/26 08:45,SKU_026,Product_Snacks & Beverages_26,Snacks & Beverages,60,1280,53,"BD Mall, Manjit Nagar (Near Thapar Uni)",Patiala,147004,58,1.97,29,68,In Stock
22/09/26 08:45,SKU_027,Product_Staples_27,Staples,84,620,74,"BD Mall, Manjit Nagar (Near Thapar Uni)",Patiala,147004,74,1.25,37,44,In Stock
22/09/26 08:45,SKU_028,Product_Staples_28,Staples,155,1186,145,"BD Mall, Manjit Nagar (Near Thapar Uni)",Patiala,147004,53,1.49,26,64,In Stock
22/09/26 08:45,SKU_029,Product_Staples_29,Staples,100,491,91,"BD Mall, Manjit Nagar (Near Thapar Uni)",Patiala,147004,25,1.5,12,24,In Stock
22/09/26 08:45,SKU_030,Product_Staples_30,Staples,280,330,241,"BD Mall, Manjit Nagar (Near Thapar Uni)",Patiala,147004,69,1.24,34,79,In Stock
22/09/26 08:45,SKU_031,Product_Snacks & Beverages_31,Snacks & Beverages,47,234,42,"BD Mall, Manjit Nagar (Near Thapar Uni)",Patiala,147004,57,1.59,28,0,Out of Stock
22/09/26 08:45,SKU_032,Product_Staples_32,Staples,287,1029,255,"BD Mall, Manjit Nagar (Near Thapar Uni)",Patiala,147004,64,1.44,32,42,In Stock
22/09/26 08:45,SKU_033,Product_Dairy_33,Dairy/Fresh,81,904,77,"BD Mall, Manjit Nagar (Near Thapar Uni)",Patiala,147004,104,0.68,20,21,In Stock
22/09/26 08:45,SKU_034,Product_Staples_34,Staples,233,1060,223,"BD Mall, Manjit Nagar (Near Thapar Uni)",Patiala,147004,70,1.36,35,83,In Stock
22/09/26 08:45,SKU_035,Product_Dairy_35,Dairy/Fresh,150,1128,131,"BD Mall, Manjit Nagar (Near Thapar Uni)",Patiala,147004,96,0.82,19,24,In Stock
22/09/26 08:45,SKU_036,Product_Snacks & Beverages_36,Snacks & Beverages,274,497,274,"BD Mall, Manjit Nagar (Near Thapar Uni)",Patiala,147004,63,1.52,31,59,In Stock
22/09/26 08:45,SKU_037,Product_Snacks & Beverages_37,Snacks & Beverages,226,1138,201,"BD Mall, Manjit Nagar (Near Thapar Uni)",Patiala,147004,34,1.34,17,21,In Stock
22/09/26 08:45,SKU_038,Product_Dairy_38,Dairy/Fresh,198,963,197,"BD Mall, Manjit Nagar (Near Thapar Uni)",Patiala,147004,70,0.6,14,54,In Stock
22/09/26 08:45,SKU_039,Product_Snacks & Beverages_39,Snacks & Beverages,71,1120,65,"BD Mall, Manjit Nagar (Near Thapar Uni)",Patiala,147004,25,1.31,12,41,In Stock
22/09/26 08:45,SKU_040,Product_Snacks & Beverages_40,Snacks & Beverages,241,584,206,"BD Mall, Manjit Nagar (Near Thapar Uni)",Patiala,147004,69,1.28,34,72,In Stock
22/09/26 08:45,SKU_041,Product_Dairy_41,Dairy/Fresh,256,1294,231,"BD Mall, Manjit Nagar (Near Thapar Uni)",Patiala,147004,73,0.74,14,75,In Stock
22/09/26 08:45,SKU_042,Product_Dairy_42,Dairy/Fresh,32,1283,30,"BD Mall, Manjit Nagar (Near Thapar Uni)",Patiala,147004,60,0.77,12,38,In Stock
22/09/26 09:30,SKU_001,Product_Dairy_1,Dairy/Fresh,290,1230,273,"BD Mall, Manjit Nagar (Near Thapar Uni)",Patiala,147004,66,0.89,13,62,In Stock
22/09/26 09:30,SKU_002,Product_Staples_2,Staples,40,221,38,"BD Mall, Manjit Nagar (Near Thapar Uni)",Patiala,147004,22,1.69,11,0,Out of Stock
22/09/26 09:30,SKU_003,Product_Dairy_3,Dairy/Fresh,107,1496,105,"BD Mall, Manjit Nagar (Near Thapar Uni)",Patiala,147004,96,0.7,19,70,In Stock
22/09/26 09:30,SKU_004,Product_Snacks & Beverages_4,Snacks & Beverages,171,230,161,"BD Mall, Manjit Nagar (Near Thapar Uni)",Patiala,147004,41,1.8,20,55,In Stock
22/09/26 09:30,SKU_005,Product_Dairy_5,Dairy/Fresh,277,443,248,"BD Mall, Manjit Nagar (Near Thapar Uni)",Patiala,147004,143,0.58,28,153,In Stock
22/09/26 09:30,SKU_006,Product_Staples_6,Staples,211,1055,183,"BD Mall, Manjit Nagar (Near Thapar Uni)",Patiala,147004,29,1.52,14,29,In Stock
22/09/26 09:30,SKU_007,Product_Dairy_7,Dairy/Fresh,41,352,38,"BD Mall, Manjit Nagar (Near Thapar Uni)",Patiala,147004,70,0.56,14,67,In Stock
22/09/26 09:30,SKU_008,Product_Snacks & Beverages_8,Snacks & Beverages,68,574,60,"BD Mall, Manjit Nagar (Near Thapar Uni)",Patiala,147004,22,1.43,11,33,In Stock
22/09/26 09:30,SKU_009,Product_Snacks & Beverages_9,Snacks & Beverages,189,799,172,"BD Mall, Manjit Nagar (Near Thapar Uni)",Patiala,147004,31,1.7,15,19,In Stock
22/09/26 09:30,SKU_010,Product_Dairy_10,Dairy/Fresh,209,1057,205,"BD Mall, Manjit Nagar (Near Thapar Uni)",Patiala,147004,132,0.62,26,34,In Stock
22/09/26 09:30,SKU_011,Product_Staples_11,Staples,70,1367,63,"BD Mall, Manjit Nagar (Near Thapar Uni)",Patiala,147004,67,1.42,33,66,In Stock
22/09/26 09:30,SKU_012,Product_Snacks & Beverages_12,Snacks & Beverages,150,746,130,"BD Mall, Manjit Nagar (Near Thapar Uni)",Patiala,147004,36,1.76,18,51,In Stock
22/09/26 09:30,SKU_013,Product_Dairy_13,Dairy/Fresh,186,1397,168,"BD Mall, Manjit Nagar (Near Thapar Uni)",Patiala,147004,91,0.93,18,53,In Stock
22/09/26 09:30,SKU_014,Product_Personal Care_14,Personal Care,33,341,33,"BD Mall, Manjit Nagar (Near Thapar Uni)",Patiala,147004,32,1.34,16,46,In Stock
22/09/26 09:30,SKU_015,Product_Dairy_15,Dairy/Fresh,72,997,64,"BD Mall, Manjit Nagar (Near Thapar Uni)",Patiala,147004,97,0.65,19,38,In Stock
22/09/26 09:30,SKU_016,Product_Snacks & Beverages_16,Snacks & Beverages,283,134,268,"BD Mall, Manjit Nagar (Near Thapar Uni)",Patiala,147004,21,1.36,10,26,In Stock
22/09/26 09:30,SKU_017,Product_Personal Care_17,Personal Care,69,1125,59,"BD Mall, Manjit Nagar (Near Thapar Uni)",Patiala,147004,23,1.23,11,30,In Stock
22/09/26 09:30,SKU_018,Product_Snacks & Beverages_18,Snacks & Beverages,73,1229,66,"BD Mall, Manjit Nagar (Near Thapar Uni)",Patiala,147004,29,1.58,14,41,In Stock
22/09/26 09:30,SKU_019,Product_Snacks & Beverages_19,Snacks & Beverages,210,501,188,"BD Mall, Manjit Nagar (Near Thapar Uni)",Patiala,147004,58,1.8,29,49,In Stock
22/09/26 09:30,SKU_020,Product_Staples_20,Staples,181,301,158,"BD Mall, Manjit Nagar (Near Thapar Uni)",Patiala,147004,43,1.79,21,39,In Stock
22/09/26 09:30,SKU_021,Product_Staples_21,Staples,289,915,269,"BD Mall, Manjit Nagar (Near Thapar Uni)",Patiala,147004,36,1.36,18,20,In Stock
22/09/26 09:30,SKU_022,Product_Dairy_22,Dairy/Fresh,234,1375,216,"BD Mall, Manjit Nagar (Near Thapar Uni)",Patiala,147004,148,0.75,29,31,In Stock
22/09/26 09:30,SKU_023,Product_Dairy_23,Dairy/Fresh,232,819,221,"BD Mall, Manjit Nagar (Near Thapar Uni)",Patiala,147004,120,0.82,24,72,In Stock
22/09/26 09:30,SKU_024,Product_Staples_24,Staples,72,891,64,"BD Mall, Manjit Nagar (Near Thapar Uni)",Patiala,147004,38,1.4,19,42,In Stock
22/09/26 09:30,SKU_025,Product_Dairy_25,Dairy/Fresh,271,287,240,"BD Mall, Manjit Nagar (Near Thapar Uni)",Patiala,147004,131,0.53,26,69,In Stock
22/09/26 09:30,SKU_026,Product_Snacks & Beverages_26,Snacks & Beverages,60,1280,53,"BD Mall, Manjit Nagar (Near Thapar Uni)",Patiala,147004,51,1.73,25,25,In Stock
22/09/26 09:30,SKU_027,Product_Staples_27,Staples,84,620,74,"BD Mall, Manjit Nagar (Near Thapar Uni)",Patiala,147004,29,1.75,14,28,In Stock
22/09/26 09:30,SKU_028,Product_Staples_28,Staples,155,1186,145,"BD Mall, Manjit Nagar (Near Thapar Uni)",Patiala,147004,28,1.2,14,31,In Stock
22/09/26 09:30,SKU_029,Product_Staples_29,Staples,100,491,91,"BD Mall, Manjit Nagar (Near Thapar Uni)",Patiala,147004,46,1.47,23,45,In Stock
22/09/26 09:30,SKU_030,Product_Staples_30,Staples,280,330,241,"BD Mall, Manjit Nagar (Near Thapar Uni)",Patiala,147004,32,1.86,16,44,In Stock
22/09/26 09:30,SKU_031,Product_Snacks & Beverages_31,Snacks & Beverages,47,234,42,"BD Mall, Manjit Nagar (Near Thapar Uni)",Patiala,147004,38,1.5,19,40,In Stock
22/09/26 09:30,SKU_032,Product_Staples_32,Staples,287,1029,255,"BD Mall, Manjit Nagar (Near Thapar Uni)",Patiala,147004,40,1.68,20,0,Out of Stock
22/09/26 09:30,SKU_033,Product_Dairy_33,Dairy/Fresh,81,904,77,"BD Mall, Manjit Nagar (Near Thapar Uni)",Patiala,147004,87,0.92,17,64,In Stock
22/09/26 09:30,SKU_034,Product_Staples_34,Staples,233,1060,223,"BD Mall, Manjit Nagar (Near Thapar Uni)",Patiala,147004,57,1.84,28,40,In Stock
22/09/26 09:30,SKU_035,Product_Dairy_35,Dairy/Fresh,150,1128,131,"BD Mall, Manjit Nagar (Near Thapar Uni)",Patiala,147004,103,0.97,20,116,In Stock
22/09/26 09:30,SKU_036,Product_Snacks & Beverages_36,Snacks & Beverages,274,497,274,"BD Mall, Manjit Nagar (Near Thapar Uni)",Patiala,147004,43,1.58,21,42,In Stock
22/09/26 09:30,SKU_037,Product_Snacks & Beverages_37,Snacks & Beverages,226,1138,201,"BD Mall, Manjit Nagar (Near Thapar Uni)",Patiala,147004,78,1.12,39,73,In Stock
22/09/26 09:30,SKU_038,Product_Dairy_38,Dairy/Fresh,198,963,197,"BD Mall, Manjit Nagar (Near Thapar Uni)",Patiala,147004,146,0.5,29,45,In Stock
22/09/26 09:30,SKU_039,Product_Snacks & Beverages_39,Snacks & Beverages,71,1120,65,"BD Mall, Manjit Nagar (Near Thapar Uni)",Patiala,147004,22,1.73,11,32,In Stock
22/09/26 09:30,SKU_040,Product_Snacks & Beverages_40,Snacks & Beverages,241,584,206,"BD Mall, Manjit Nagar (Near Thapar Uni)",Patiala,147004,23,1.04,11,15,In Stock
22/09/26 09:30,SKU_041,Product_Dairy_41,Dairy/Fresh,256,1294,231,"BD Mall, Manjit Nagar (Near Thapar Uni)",Patiala,147004,94,0.96,18,78,In Stock
22/09/26 09:30,SKU_042,Product_Dairy_42,Dairy/Fresh,32,1283,30,"BD Mall, Manjit Nagar (Near Thapar Uni)",Patiala,147004,83,0.59,16,21,In Stock
22/09/26 10:59,SKU_001,Product_Dairy_1,Dairy/Fresh,290,1230,273,"BD Mall, Manjit Nagar (Near Thapar Uni)",Patiala,147004,58,0.64,11,63,In Stock
22/09/26 10:59,SKU_002,Product_Staples_2,Staples,40,221,38,"BD Mall, Manjit Nagar (Near Thapar Uni)",Patiala,147004,67,1.42,33,49,In Stock
22/09/26 10:59,SKU_003,Product_Dairy_3,Dairy/Fresh,107,1496,105,"BD Mall, Manjit Nagar (Near Thapar Uni)",Patiala,147004,57,0.63,11,27,In Stock
22/09/26 10:59,SKU_004,Product_Snacks & Beverages_4,Snacks & Beverages,171,230,161,"BD Mall, Manjit Nagar (Near Thapar Uni)",Patiala,147004,54,1.42,27,59,In Stock
22/09/26 10:59,SKU_005,Product_Dairy_5,Dairy/Fresh,277,443,248,"BD Mall, Manjit Nagar (Near Thapar Uni)",Patiala,147004,85,0.8,17,55,In Stock
22/09/26 10:59,SKU_006,Product_Staples_6,Staples,211,1055,183,"BD Mall, Manjit Nagar (Near Thapar Uni)",Patiala,147004,75,1.74,37,0,Out of Stock
22/09/26 10:59,SKU_007,Product_Dairy_7,Dairy/Fresh,41,352,38,"BD Mall, Manjit Nagar (Near Thapar Uni)",Patiala,147004,52,0.53,10,0,Out of Stock
22/09/26 10:59,SKU_008,Product_Snacks & Beverages_8,Snacks & Beverages,68,574,60,"BD Mall, Manjit Nagar (Near Thapar Uni)",Patiala,147004,44,1.61,22,58,In Stock
22/09/26 10:59,SKU_009,Product_Snacks & Beverages_9,Snacks & Beverages,189,799,172,"BD Mall, Manjit Nagar (Near Thapar Uni)",Patiala,147004,59,1.02,29,76,In Stock
22/09/26 10:59,SKU_010,Product_Dairy_10,Dairy/Fresh,209,1057,205,"BD Mall, Manjit Nagar (Near Thapar Uni)",Patiala,147004,93,0.78,18,85,In Stock
22/09/26 10:59,SKU_011,Product_Staples_11,Staples,70,1367,63,"BD Mall, Manjit Nagar (Near Thapar Uni)",Patiala,147004,23,1.69,11,0,Out of Stock
22/09/26 10:59,SKU_012,Product_Snacks & Beverages_12,Snacks & Beverages,150,746,130,"BD Mall, Manjit Nagar (Near Thapar Uni)",Patiala,147004,65,1.03,32,45,In Stock
22/09/26 10:59,SKU_013,Product_Dairy_13,Dairy/Fresh,186,1397,168,"BD Mall, Manjit Nagar (Near Thapar Uni)",Patiala,147004,103,0.68,20,96,In Stock
22/09/26 10:59,SKU_014,Product_Personal Care_14,Personal Care,33,341,33,"BD Mall, Manjit Nagar (Near Thapar Uni)",Patiala,147004,32,1.2,16,42,In Stock
22/09/26 10:59,SKU_015,Product_Dairy_15,Dairy/Fresh,72,997,64,"BD Mall, Manjit Nagar (Near Thapar Uni)",Patiala,147004,114,0.53,22,109,In Stock
22/09/26 10:59,SKU_016,Product_Snacks & Beverages_16,Snacks & Beverages,283,134,268,"BD Mall, Manjit Nagar (Near Thapar Uni)",Patiala,147004,25,1.47,12,38,In Stock
22/09/26 10:59,SKU_017,Product_Personal Care_17,Personal Care,69,1125,59,"BD Mall, Manjit Nagar (Near Thapar Uni)",Patiala,147004,36,1.42,18,0,Out of Stock
22/09/26 10:59,SKU_018,Product_Snacks & Beverages_18,Snacks & Beverages,73,1229,66,"BD Mall, Manjit Nagar (Near Thapar Uni)",Patiala,147004,55,1.89,27,0,Out of Stock
22/09/26 10:59,SKU_019,Product_Snacks & Beverages_19,Snacks & Beverages,210,501,188,"BD Mall, Manjit Nagar (Near Thapar Uni)",Patiala,147004,59,1.44,29,78,In Stock
22/09/26 10:59,SKU_020,Product_Staples_20,Staples,181,301,158,"BD Mall, Manjit Nagar (Near Thapar Uni)",Patiala,147004,68,1.08,34,0,Out of Stock
22/09/26 10:59,SKU_021,Product_Staples_21,Staples,289,915,269,"BD Mall, Manjit Nagar (Near Thapar Uni)",Patiala,147004,54,1.95,27,47,In Stock
22/09/26 10:59,SKU_022,Product_Dairy_22,Dairy/Fresh,234,1375,216,"BD Mall, Manjit Nagar (Near Thapar Uni)",Patiala,147004,103,0.54,20,76,In Stock
22/09/26 10:59,SKU_023,Product_Dairy_23,Dairy/Fresh,232,819,221,"BD Mall, Manjit Nagar (Near Thapar Uni)",Patiala,147004,59,0.91,11,52,In Stock
22/09/26 10:59,SKU_024,Product_Staples_24,Staples,72,891,64,"BD Mall, Manjit Nagar (Near Thapar Uni)",Patiala,147004,21,1.47,10,23,In Stock
22/09/26 10:59,SKU_025,Product_Dairy_25,Dairy/Fresh,271,287,240,"BD Mall, Manjit Nagar (Near Thapar Uni)",Patiala,147004,93,0.86,18,65,In Stock
22/09/26 10:59,SKU_026,Product_Snacks & Beverages_26,Snacks & Beverages,60,1280,53,"BD Mall, Manjit Nagar (Near Thapar Uni)",Patiala,147004,32,1.79,16,42,In Stock
22/09/26 10:59,SKU_027,Product_Staples_27,Staples,84,620,74,"BD Mall, Manjit Nagar (Near Thapar Uni)",Patiala,147004,71,1.08,35,42,In Stock
22/09/26 10:59,SKU_028,Product_Staples_28,Staples,155,1186,145,"BD Mall, Manjit Nagar (Near Thapar Uni)",Patiala,147004,21,1.07,10,10,In Stock
22/09/26 10:59,SKU_029,Product_Staples_29,Staples,100,491,91,"BD Mall, Manjit Nagar (Near Thapar Uni)",Patiala,147004,71,1.54,35,46,In Stock
22/09/26 10:59,SKU_030,Product_Staples_30,Staples,280,330,241,"BD Mall, Manjit Nagar (Near Thapar Uni)",Patiala,147004,47,1.16,23,57,In Stock
22/09/26 10:59,SKU_031,Product_Snacks & Beverages_31,Snacks & Beverages,47,234,42,"BD Mall, Manjit Nagar (Near Thapar Uni)",Patiala,147004,62,1.01,31,64,In Stock
22/09/26 10:59,SKU_032,Product_Staples_32,Staples,287,1029,255,"BD Mall, Manjit Nagar (Near Thapar Uni)",Patiala,147004,78,1.42,39,54,In Stock
22/09/26 10:59,SKU_033,Product_Dairy_33,Dairy/Fresh,81,904,77,"BD Mall, Manjit Nagar (Near Thapar Uni)",Patiala,147004,51,0.57,10,45,In Stock
22/09/26 10:59,SKU_034,Product_Staples_34,Staples,233,1060,223,"BD Mall, Manjit Nagar (Near Thapar Uni)",Patiala,147004,41,1.16,20,21,In Stock
22/09/26 10:59,SKU_035,Product_Dairy_35,Dairy/Fresh,150,1128,131,"BD Mall, Manjit Nagar (Near Thapar Uni)",Patiala,147004,130,0.96,26,0,Out of Stock
22/09/26 10:59,SKU_036,Product_Snacks & Beverages_36,Snacks & Beverages,274,497,274,"BD Mall, Manjit Nagar (Near Thapar Uni)",Patiala,147004,62,1.21,31,57,In Stock
22/09/26 10:59,SKU_037,Product_Snacks & Beverages_37,Snacks & Beverages,226,1138,201,"BD Mall, Manjit Nagar (Near Thapar Uni)",Patiala,147004,74,1.72,37,92,In Stock
22/09/26 10:59,SKU_038,Product_Dairy_38,Dairy/Fresh,198,963,197,"BD Mall, Manjit Nagar (Near Thapar Uni)",Patiala,147004,59,0.5,11,27,In Stock
22/09/26 10:59,SKU_039,Product_Snacks & Beverages_39,Snacks & Beverages,71,1120,65,"BD Mall, Manjit Nagar (Near Thapar Uni)",Patiala,147004,54,1.45,27,46,In Stock
22/09/26 10:59,SKU_040,Product_Snacks & Beverages_40,Snacks & Beverages,241,584,206,"BD Mall, Manjit Nagar (Near Thapar Uni)",Patiala,147004,79,1.51,39,59,In Stock
22/09/26 10:59,SKU_041,Product_Dairy_41,Dairy/Fresh,256,1294,231,"BD Mall, Manjit Nagar (Near Thapar Uni)",Patiala,147004,52,0.66,10,39,In Stock
22/09/26 10:59,SKU_042,Product_Dairy_42,Dairy/Fresh,32,1283,30,"BD Mall, Manjit Nagar (Near Thapar Uni)",Patiala,147004,66,0.95,13,20,In Stock
22/09/26 11:51,SKU_001,Product_Dairy_1,Dairy/Fresh,290,1230,273,"BD Mall, Manjit Nagar (Near Thapar Uni)",Patiala,147004,61,0.55,12,29,In Stock
22/09/26 11:51,SKU_002,Product_Staples_2,Staples,40,221,38,"BD Mall, Manjit Nagar (Near Thapar Uni)",Patiala,147004,24,1.54,12,36,In Stock
22/09/26 11:51,SKU_003,Product_Dairy_3,Dairy/Fresh,107,1496,105,"BD Mall, Manjit Nagar (Near Thapar Uni)",Patiala,147004,73,0.73,14,31,In Stock
22/09/26 11:51,SKU_004,Product_Snacks & Beverages_4,Snacks & Beverages,171,230,161,"BD Mall, Manjit Nagar (Near Thapar Uni)",Patiala,147004,58,1.61,29,46,In Stock
22/09/26 11:51,SKU_005,Product_Dairy_5,Dairy/Fresh,277,443,248,"BD Mall, Manjit Nagar (Near Thapar Uni)",Patiala,147004,92,0.56,18,19,In Stock
22/09/26 11:51,SKU_006,Product_Staples_6,Staples,211,1055,183,"BD Mall, Manjit Nagar (Near Thapar Uni)",Patiala,147004,32,1.12,16,27,In Stock
22/09/26 11:51,SKU_007,Product_Dairy_7,Dairy/Fresh,41,352,38,"BD Mall, Manjit Nagar (Near Thapar Uni)",Patiala,147004,149,0.51,29,166,In Stock
22/09/26 11:51,SKU_008,Product_Snacks & Beverages_8,Snacks & Beverages,68,574,60,"BD Mall, Manjit Nagar (Near Thapar Uni)",Patiala,147004,76,1.36,38,48,In Stock
22/09/26 11:51,SKU_009,Product_Snacks & Beverages_9,Snacks & Beverages,189,799,172,"BD Mall, Manjit Nagar (Near Thapar Uni)",Patiala,147004,72,1.74,36,49,In Stock
22/09/26 11:51,SKU_010,Product_Dairy_10,Dairy/Fresh,209,1057,205,"BD Mall, Manjit Nagar (Near Thapar Uni)",Patiala,147004,114,0.93,22,47,In Stock
22/09/26 11:51,SKU_011,Product_Staples_11,Staples,70,1367,63,"BD Mall, Manjit Nagar (Near Thapar Uni)",Patiala,147004,31,1.74,15,44,In Stock
22/09/26 11:51,SKU_012,Product_Snacks & Beverages_12,Snacks & Beverages,150,746,130,"BD Mall, Manjit Nagar (Near Thapar Uni)",Patiala,147004,32,1.91,16,19,In Stock
22/09/26 11:51,SKU_013,Product_Dairy_13,Dairy/Fresh,186,1397,168,"BD Mall, Manjit Nagar (Near Thapar Uni)",Patiala,147004,65,0.77,13,23,In Stock
22/09/26 11:51,SKU_014,Product_Personal Care_14,Personal Care,33,341,33,"BD Mall, Manjit Nagar (Near Thapar Uni)",Patiala,147004,29,1.54,14,37,In Stock
22/09/26 11:51,SKU_015,Product_Dairy_15,Dairy/Fresh,72,997,64,"BD Mall, Manjit Nagar (Near Thapar Uni)",Patiala,147004,130,0.72,26,143,In Stock
22/09/26 11:51,SKU_016,Product_Snacks & Beverages_16,Snacks & Beverages,283,134,268,"BD Mall, Manjit Nagar (Near Thapar Uni)",Patiala,147004,76,1.27,38,59,In Stock
22/09/26 11:51,SKU_017,Product_Personal Care_17,Personal Care,69,1125,59,"BD Mall, Manjit Nagar (Near Thapar Uni)",Patiala,147004,59,1.94,29,31,In Stock
22/09/26 11:51,SKU_018,Product_Snacks & Beverages_18,Snacks & Beverages,73,1229,66,"BD Mall, Manjit Nagar (Near Thapar Uni)",Patiala,147004,73,1.46,36,72,In Stock
22/09/26 11:51,SKU_019,Product_Snacks & Beverages_19,Snacks & Beverages,210,501,188,"BD Mall, Manjit Nagar (Near Thapar Uni)",Patiala,147004,35,1.13,17,18,In Stock
22/09/26 11:51,SKU_020,Product_Staples_20,Staples,181,301,158,"BD Mall, Manjit Nagar (Near Thapar Uni)",Patiala,147004,64,1.43,32,43,In Stock
22/09/26 11:51,SKU_021,Product_Staples_21,Staples,289,915,269,"BD Mall, Manjit Nagar (Near Thapar Uni)",Patiala,147004,54,1.13,27,47,In Stock
22/09/26 11:51,SKU_022,Product_Dairy_22,Dairy/Fresh,234,1375,216,"BD Mall, Manjit Nagar (Near Thapar Uni)",Patiala,147004,108,0.5,21,89,In Stock
22/09/26 11:51,SKU_023,Product_Dairy_23,Dairy/Fresh,232,819,221,"BD Mall, Manjit Nagar (Near Thapar Uni)",Patiala,147004,96,0.65,19,89,In Stock
22/09/26 11:51,SKU_024,Product_Staples_24,Staples,72,891,64,"BD Mall, Manjit Nagar (Near Thapar Uni)",Patiala,147004,24,1.34,12,43,In Stock
22/09/26 11:51,SKU_025,Product_Dairy_25,Dairy/Fresh,271,287,240,"BD Mall, Manjit Nagar (Near Thapar Uni)",Patiala,147004,83,0.74,16,83,In Stock
22/09/26 11:51,SKU_026,Product_Snacks & Beverages_26,Snacks & Beverages,60,1280,53,"BD Mall, Manjit Nagar (Near Thapar Uni)",Patiala,147004,30,1.94,15,36,In Stock
22/09/26 11:51,SKU_027,Product_Staples_27,Staples,84,620,74,"BD Mall, Manjit Nagar (Near Thapar Uni)",Patiala,147004,26,1.77,13,41,In Stock
22/09/26 11:51,SKU_028,Product_Staples_28,Staples,155,1186,145,"BD Mall, Manjit Nagar (Near Thapar Uni)",Patiala,147004,72,1.84,36,44,In Stock
22/09/26 11:51,SKU_029,Product_Staples_29,Staples,100,491,91,"BD Mall, Manjit Nagar (Near Thapar Uni)",Patiala,147004,75,1.37,37,0,Out of Stock
22/09/26 11:51,SKU_030,Product_Staples_30,Staples,280,330,241,"BD Mall, Manjit Nagar (Near Thapar Uni)",Patiala,147004,29,1.76,14,25,In Stock
22/09/26 11:51,SKU_031,Product_Snacks & Beverages_31,Snacks & Beverages,47,234,42,"BD Mall, Manjit Nagar (Near Thapar Uni)",Patiala,147004,61,1.49,30,77,In Stock
22/09/26 11:51,SKU_032,Product_Staples_32,Staples,287,1029,255,"BD Mall, Manjit Nagar (Near Thapar Uni)",Patiala,147004,71,1.2,35,35,In Stock
22/09/26 11:51,SKU_033,Product_Dairy_33,Dairy/Fresh,81,904,77,"BD Mall, Manjit Nagar (Near Thapar Uni)",Patiala,147004,104,0.64,20,91,In Stock
22/09/26 11:51,SKU_034,Product_Staples_34,Staples,233,1060,223,"BD Mall, Manjit Nagar (Near Thapar Uni)",Patiala,147004,22,1.35,11,0,Out of Stock
22/09/26 11:51,SKU_035,Product_Dairy_35,Dairy/Fresh,150,1128,131,"BD Mall, Manjit Nagar (Near Thapar Uni)",Patiala,147004,56,0.67,11,74,In Stock
22/09/26 11:51,SKU_036,Product_Snacks & Beverages_36,Snacks & Beverages,274,497,274,"BD Mall, Manjit Nagar (Near Thapar Uni)",Patiala,147004,50,2,25,28,In Stock
22/09/26 11:51,SKU_037,Product_Snacks & Beverages_37,Snacks & Beverages,226,1138,201,"BD Mall, Manjit Nagar (Near Thapar Uni)",Patiala,147004,30,1.05,15,28,In Stock
22/09/26 11:51,SKU_038,Product_Dairy_38,Dairy/Fresh,198,963,197,"BD Mall, Manjit Nagar (Near Thapar Uni)",Patiala,147004,65,0.72,13,26,In Stock
22/09/26 11:51,SKU_039,Product_Snacks & Beverages_39,Snacks & Beverages,71,1120,65,"BD Mall, Manjit Nagar (Near Thapar Uni)",Patiala,147004,26,1.45,13,21,In Stock
22/09/26 11:51,SKU_040,Product_Snacks & Beverages_40,Snacks & Beverages,241,584,206,"BD Mall, Manjit Nagar (Near Thapar Uni)",Patiala,147004,64,1.3,32,40,In Stock
22/09/26 11:51,SKU_041,Product_Dairy_41,Dairy/Fresh,256,1294,231,"BD Mall, Manjit Nagar (Near Thapar Uni)",Patiala,147004,149,0.69,29,0,Out of Stock
22/09/26 11:51,SKU_042,Product_Dairy_42,Dairy/Fresh,32,1283,30,"BD Mall, Manjit Nagar (Near Thapar Uni)",Patiala,147004,126,0.63,25,73,In Stock
22/09/26 12:31,SKU_001,Product_Dairy_1,Dairy/Fresh,290,1230,273,"BD Mall, Manjit Nagar (Near Thapar Uni)",Patiala,147004,56,0.58,11,27,In Stock
22/09/26 12:31,SKU_002,Product_Staples_2,Staples,40,221,38,"BD Mall, Manjit Nagar (Near Thapar Uni)",Patiala,147004,51,1.33,25,65,In Stock
22/09/26 12:31,SKU_003,Product_Dairy_3,Dairy/Fresh,107,1496,105,"BD Mall, Manjit Nagar (Near Thapar Uni)",Patiala,147004,100,0.87,20,87,In Stock
22/09/26 12:31,SKU_004,Product_Snacks & Beverages_4,Snacks & Beverages,171,230,161,"BD Mall, Manjit Nagar (Near Thapar Uni)",Patiala,147004,76,1.72,38,0,Out of Stock
22/09/26 12:31,SKU_005,Product_Dairy_5,Dairy/Fresh,277,443,248,"BD Mall, Manjit Nagar (Near Thapar Uni)",Patiala,147004,81,0.83,16,18,In Stock
22/09/26 12:31,SKU_006,Product_Staples_6,Staples,211,1055,183,"BD Mall, Manjit Nagar (Near Thapar Uni)",Patiala,147004,69,1.84,34,62,In Stock
22/09/26 12:31,SKU_007,Product_Dairy_7,Dairy/Fresh,41,352,38,"BD Mall, Manjit Nagar (Near Thapar Uni)",Patiala,147004,57,0.79,11,35,In Stock
22/09/26 12:31,SKU_008,Product_Snacks & Beverages_8,Snacks & Beverages,68,574,60,"BD Mall, Manjit Nagar (Near Thapar Uni)",Patiala,147004,44,1.39,22,42,In Stock
22/09/26 12:31,SKU_009,Product_Snacks & Beverages_9,Snacks & Beverages,189,799,172,"BD Mall, Manjit Nagar (Near Thapar Uni)",Patiala,147004,31,1.5,15,26,In Stock
22/09/26 12:31,SKU_010,Product_Dairy_10,Dairy/Fresh,209,1057,205,"BD Mall, Manjit Nagar (Near Thapar Uni)",Patiala,147004,138,0.77,27,80,In Stock
22/09/26 12:31,SKU_011,Product_Staples_11,Staples,70,1367,63,"BD Mall, Manjit Nagar (Near Thapar Uni)",Patiala,147004,58,1.88,29,29,In Stock
22/09/26 12:31,SKU_012,Product_Snacks & Beverages_12,Snacks & Beverages,150,746,130,"BD Mall, Manjit Nagar (Near Thapar Uni)",Patiala,147004,36,1.1,18,18,In Stock
22/09/26 12:31,SKU_013,Product_Dairy_13,Dairy/Fresh,186,1397,168,"BD Mall, Manjit Nagar (Near Thapar Uni)",Patiala,147004,135,0.86,27,71,In Stock
22/09/26 12:31,SKU_014,Product_Personal Care_14,Personal Care,33,341,33,"BD Mall, Manjit Nagar (Near Thapar Uni)",Patiala,147004,30,1.78,15,21,In Stock
22/09/26 12:31,SKU_015,Product_Dairy_15,Dairy/Fresh,72,997,64,"BD Mall, Manjit Nagar (Near Thapar Uni)",Patiala,147004,53,0.87,10,19,In Stock
22/09/26 12:31,SKU_016,Product_Snacks & Beverages_16,Snacks & Beverages,283,134,268,"BD Mall, Manjit Nagar (Near Thapar Uni)",Patiala,147004,42,1.33,21,0,Out of Stock
22/09/26 12:31,SKU_017,Product_Personal Care_17,Personal Care,69,1125,59,"BD Mall, Manjit Nagar (Near Thapar Uni)",Patiala,147004,46,1.41,23,62,In Stock
22/09/26 12:31,SKU_018,Product_Snacks & Beverages_18,Snacks & Beverages,73,1229,66,"BD Mall, Manjit Nagar (Near Thapar Uni)",Patiala,147004,65,1.6,32,0,Out of Stock
22/09/26 12:31,SKU_019,Product_Snacks & Beverages_19,Snacks & Beverages,210,501,188,"BD Mall, Manjit Nagar (Near Thapar Uni)",Patiala,147004,25,2,12,34,In Stock
22/09/26 12:31,SKU_020,Product_Staples_20,Staples,181,301,158,"BD Mall, Manjit Nagar (Near Thapar Uni)",Patiala,147004,57,1.49,28,40,In Stock
22/09/26 12:31,SKU_021,Product_Staples_21,Staples,289,915,269,"BD Mall, Manjit Nagar (Near Thapar Uni)",Patiala,147004,21,1.21,10,36,In Stock
22/09/26 12:31,SKU_022,Product_Dairy_22,Dairy/Fresh,234,1375,216,"BD Mall, Manjit Nagar (Near Thapar Uni)",Patiala,147004,126,0.59,25,129,In Stock
22/09/26 12:31,SKU_023,Product_Dairy_23,Dairy/Fresh,232,819,221,"BD Mall, Manjit Nagar (Near Thapar Uni)",Patiala,147004,128,0.74,25,105,In Stock
22/09/26 12:31,SKU_024,Product_Staples_24,Staples,72,891,64,"BD Mall, Manjit Nagar (Near Thapar Uni)",Patiala,147004,44,1.56,22,34,In Stock
22/09/26 12:31,SKU_025,Product_Dairy_25,Dairy/Fresh,271,287,240,"BD Mall, Manjit Nagar (Near Thapar Uni)",Patiala,147004,93,0.98,18,29,In Stock
22/09/26 12:31,SKU_026,Product_Snacks & Beverages_26,Snacks & Beverages,60,1280,53,"BD Mall, Manjit Nagar (Near Thapar Uni)",Patiala,147004,79,1.21,39,67,In Stock
22/09/26 12:31,SKU_027,Product_Staples_27,Staples,84,620,74,"BD Mall, Manjit Nagar (Near Thapar Uni)",Patiala,147004,68,1.7,34,54,In Stock
22/09/26 12:31,SKU_028,Product_Staples_28,Staples,155,1186,145,"BD Mall, Manjit Nagar (Near Thapar Uni)",Patiala,147004,48,1.74,24,0,Out of Stock
22/09/26 12:31,SKU_029,Product_Staples_29,Staples,100,491,91,"BD Mall, Manjit Nagar (Near Thapar Uni)",Patiala,147004,27,1.26,13,32,In Stock
22/09/26 12:31,SKU_030,Product_Staples_30,Staples,280,330,241,"BD Mall, Manjit Nagar (Near Thapar Uni)",Patiala,147004,56,1.34,28,58,In Stock
22/09/26 12:31,SKU_031,Product_Snacks & Beverages_31,Snacks & Beverages,47,234,42,"BD Mall, Manjit Nagar (Near Thapar Uni)",Patiala,147004,68,1.99,34,0,Out of Stock
22/09/26 12:31,SKU_032,Product_Staples_32,Staples,287,1029,255,"BD Mall, Manjit Nagar (Near Thapar Uni)",Patiala,147004,71,1.37,35,58,In Stock
22/09/26 12:31,SKU_033,Product_Dairy_33,Dairy/Fresh,81,904,77,"BD Mall, Manjit Nagar (Near Thapar Uni)",Patiala,147004,133,0.66,26,100,In Stock
22/09/26 12:31,SKU_034,Product_Staples_34,Staples,233,1060,223,"BD Mall, Manjit Nagar (Near Thapar Uni)",Patiala,147004,41,1.45,20,58,In Stock
22/09/26 12:31,SKU_035,Product_Dairy_35,Dairy/Fresh,150,1128,131,"BD Mall, Manjit Nagar (Near Thapar Uni)",Patiala,147004,124,0.52,24,56,In Stock
22/09/26 12:31,SKU_036,Product_Snacks & Beverages_36,Snacks & Beverages,274,497,274,"BD Mall, Manjit Nagar (Near Thapar Uni)",Patiala,147004,66,1.77,33,74,In Stock
22/09/26 12:31,SKU_037,Product_Snacks & Beverages_37,Snacks & Beverages,226,1138,201,"BD Mall, Manjit Nagar (Near Thapar Uni)",Patiala,147004,24,1.67,12,26,In Stock
22/09/26 12:31,SKU_038,Product_Dairy_38,Dairy/Fresh,198,963,197,"BD Mall, Manjit Nagar (Near Thapar Uni)",Patiala,147004,77,0.66,15,82,In Stock
22/09/26 12:31,SKU_039,Product_Snacks & Beverages_39,Snacks & Beverages,71,1120,65,"BD Mall, Manjit Nagar (Near Thapar Uni)",Patiala,147004,37,1.94,18,18,In Stock
22/09/26 12:31,SKU_040,Product_Snacks & Beverages_40,Snacks & Beverages,241,584,206,"BD Mall, Manjit Nagar (Near Thapar Uni)",Patiala,147004,57,1.58,28,59,In Stock
22/09/26 12:31,SKU_041,Product_Dairy_41,Dairy/Fresh,256,1294,231,"BD Mall, Manjit Nagar (Near Thapar Uni)",Patiala,147004,108,0.56,21,31,In Stock
22/09/26 12:31,SKU_042,Product_Dairy_42,Dairy/Fresh,32,1283,30,"BD Mall, Manjit Nagar (Near Thapar Uni)",Patiala,147004,139,0.93,27,120,In Stock
22/09/26 13:32,SKU_001,Product_Dairy_1,Dairy/Fresh,290,1230,273,"BD Mall, Manjit Nagar (Near Thapar Uni)",Patiala,147004,120,0.95,24,0,Out of Stock
22/09/26 13:32,SKU_002,Product_Staples_2,Staples,40,221,38,"BD Mall, Manjit Nagar (Near Thapar Uni)",Patiala,147004,49,1.65,24,42,In Stock
22/09/26 13:32,SKU_003,Product_Dairy_3,Dairy/Fresh,107,1496,105,"BD Mall, Manjit Nagar (Near Thapar Uni)",Patiala,147004,75,0.7,15,65,In Stock
22/09/26 13:32,SKU_004,Product_Snacks & Beverages_4,Snacks & Beverages,171,230,161,"BD Mall, Manjit Nagar (Near Thapar Uni)",Patiala,147004,50,1.05,25,0,Out of Stock
22/09/26 13:32,SKU_005,Product_Dairy_5,Dairy/Fresh,277,443,248,"BD Mall, Manjit Nagar (Near Thapar Uni)",Patiala,147004,59,0.69,11,44,In Stock
22/09/26 13:32,SKU_006,Product_Staples_6,Staples,211,1055,183,"BD Mall, Manjit Nagar (Near Thapar Uni)",Patiala,147004,34,1.25,17,23,In Stock
22/09/26 13:32,SKU_007,Product_Dairy_7,Dairy/Fresh,41,352,38,"BD Mall, Manjit Nagar (Near Thapar Uni)",Patiala,147004,132,0.59,26,85,In Stock
22/09/26 13:32,SKU_008,Product_Snacks & Beverages_8,Snacks & Beverages,68,574,60,"BD Mall, Manjit Nagar (Near Thapar Uni)",Patiala,147004,78,1.75,39,83,In Stock
22/09/26 13:32,SKU_009,Product_Snacks & Beverages_9,Snacks & Beverages,189,799,172,"BD Mall, Manjit Nagar (Near Thapar Uni)",Patiala,147004,67,1.56,33,52,In Stock
22/09/26 13:32,SKU_010,Product_Dairy_10,Dairy/Fresh,209,1057,205,"BD Mall, Manjit Nagar (Near Thapar Uni)",Patiala,147004,102,0.93,20,72,In Stock
22/09/26 13:32,SKU_011,Product_Staples_11,Staples,70,1367,63,"BD Mall, Manjit Nagar (Near Thapar Uni)",Patiala,147004,37,1.19,18,29,In Stock
22/09/26 13:32,SKU_012,Product_Snacks & Beverages_12,Snacks & Beverages,150,746,130,"BD Mall, Manjit Nagar (Near Thapar Uni)",Patiala,147004,42,1.22,21,52,In Stock
22/09/26 13:32,SKU_013,Product_Dairy_13,Dairy/Fresh,186,1397,168,"BD Mall, Manjit Nagar (Near Thapar Uni)",Patiala,147004,144,0.88,28,132,In Stock
22/09/26 13:32,SKU_014,Product_Personal Care_14,Personal Care,33,341,33,"BD Mall, Manjit Nagar (Near Thapar Uni)",Patiala,147004,35,1.57,17,40,In Stock
22/09/26 13:32,SKU_015,Product_Dairy_15,Dairy/Fresh,72,997,64,"BD Mall, Manjit Nagar (Near Thapar Uni)",Patiala,147004,124,0.94,24,73,In Stock
22/09/26 13:32,SKU_016,Product_Snacks & Beverages_16,Snacks & Beverages,283,134,268,"BD Mall, Manjit Nagar (Near Thapar Uni)",Patiala,147004,57,1.2,28,58,In Stock
22/09/26 13:32,SKU_017,Product_Personal Care_17,Personal Care,69,1125,59,"BD Mall, Manjit Nagar (Near Thapar Uni)",Patiala,147004,54,1.07,27,30,In Stock
22/09/26 13:32,SKU_018,Product_Snacks & Beverages_18,Snacks & Beverages,73,1229,66,"BD Mall, Manjit Nagar (Near Thapar Uni)",Patiala,147004,53,1.17,26,49,In Stock
22/09/26 13:32,SKU_019,Product_Snacks & Beverages_19,Snacks & Beverages,210,501,188,"BD Mall, Manjit Nagar (Near Thapar Uni)",Patiala,147004,47,1.98,23,65,In Stock
22/09/26 13:32,SKU_020,Product_Staples_20,Staples,181,301,158,"BD Mall, Manjit Nagar (Near Thapar Uni)",Patiala,147004,21,1.47,10,26,In Stock
22/09/26 13:32,SKU_021,Product_Staples_21,Staples,289,915,269,"BD Mall, Manjit Nagar (Near Thapar Uni)",Patiala,147004,49,1.87,24,63,In Stock
22/09/26 13:32,SKU_022,Product_Dairy_22,Dairy/Fresh,234,1375,216,"BD Mall, Manjit Nagar (Near Thapar Uni)",Patiala,147004,109,0.62,21,103,In Stock
22/09/26 13:32,SKU_023,Product_Dairy_23,Dairy/Fresh,232,819,221,"BD Mall, Manjit Nagar (Near Thapar Uni)",Patiala,147004,106,0.55,21,124,In Stock
22/09/26 13:32,SKU_024,Product_Staples_24,Staples,72,891,64,"BD Mall, Manjit Nagar (Near Thapar Uni)",Patiala,147004,35,1.71,17,54,In Stock
22/09/26 13:32,SKU_025,Product_Dairy_25,Dairy/Fresh,271,287,240,"BD Mall, Manjit Nagar (Near Thapar Uni)",Patiala,147004,80,0.59,16,70,In Stock
22/09/26 13:32,SKU_026,Product_Snacks & Beverages_26,Snacks & Beverages,60,1280,53,"BD Mall, Manjit Nagar (Near Thapar Uni)",Patiala,147004,24,1.69,12,13,In Stock
22/09/26 13:32,SKU_027,Product_Staples_27,Staples,84,620,74,"BD Mall, Manjit Nagar (Near Thapar Uni)",Patiala,147004,74,1.27,37,83,In Stock
22/09/26 13:32,SKU_028,Product_Staples_28,Staples,155,1186,145,"BD Mall, Manjit Nagar (Near Thapar Uni)",Patiala,147004,47,1.83,23,0,Out of Stock
22/09/26 13:32,SKU_029,Product_Staples_29,Staples,100,491,91,"BD Mall, Manjit Nagar (Near Thapar Uni)",Patiala,147004,72,1.08,36,41,In Stock
22/09/26 13:32,SKU_030,Product_Staples_30,Staples,280,330,241,"BD Mall, Manjit Nagar (Near Thapar Uni)",Patiala,147004,58,1.77,29,64,In Stock
22/09/26 13:32,SKU_031,Product_Snacks & Beverages_31,Snacks & Beverages,47,234,42,"BD Mall, Manjit Nagar (Near Thapar Uni)",Patiala,147004,64,1.1,32,44,In Stock
22/09/26 13:32,SKU_032,Product_Staples_32,Staples,287,1029,255,"BD Mall, Manjit Nagar (Near Thapar Uni)",Patiala,147004,39,1.88,19,27,In Stock
22/09/26 13:32,SKU_033,Product_Dairy_33,Dairy/Fresh,81,904,77,"BD Mall, Manjit Nagar (Near Thapar Uni)",Patiala,147004,82,0.83,16,50,In Stock
22/09/26 13:32,SKU_034,Product_Staples_34,Staples,233,1060,223,"BD Mall, Manjit Nagar (Near Thapar Uni)",Patiala,147004,46,1.65,23,0,Out of Stock
22/09/26 13:32,SKU_035,Product_Dairy_35,Dairy/Fresh,150,1128,131,"BD Mall, Manjit Nagar (Near Thapar Uni)",Patiala,147004,87,0.5,17,32,In Stock
22/09/26 13:32,SKU_036,Product_Snacks & Beverages_36,Snacks & Beverages,274,497,274,"BD Mall, Manjit Nagar (Near Thapar Uni)",Patiala,147004,77,1.37,38,55,In Stock
22/09/26 13:32,SKU_037,Product_Snacks & Beverages_37,Snacks & Beverages,226,1138,201,"BD Mall, Manjit Nagar (Near Thapar Uni)",Patiala,147004,64,1.65,32,49,In Stock
22/09/26 13:32,SKU_038,Product_Dairy_38,Dairy/Fresh,198,963,197,"BD Mall, Manjit Nagar (Near Thapar Uni)",Patiala,147004,64,0.95,12,49,In Stock
22/09/26 13:32,SKU_039,Product_Snacks & Beverages_39,Snacks & Beverages,71,1120,65,"BD Mall, Manjit Nagar (Near Thapar Uni)",Patiala,147004,45,1.04,22,64,In Stock
22/09/26 13:32,SKU_040,Product_Snacks & Beverages_40,Snacks & Beverages,241,584,206,"BD Mall, Manjit Nagar (Near Thapar Uni)",Patiala,147004,26,1.92,13,44,In Stock
22/09/26 13:32,SKU_041,Product_Dairy_41,Dairy/Fresh,256,1294,231,"BD Mall, Manjit Nagar (Near Thapar Uni)",Patiala,147004,70,0.95,14,20,In Stock
22/09/26 13:32,SKU_042,Product_Dairy_42,Dairy/Fresh,32,1283,30,"BD Mall, Manjit Nagar (Near Thapar Uni)",Patiala,147004,95,0.65,19,105,In Stock
22/09/26 14:17,SKU_001,Product_Dairy_1,Dairy/Fresh,290,1230,273,"BD Mall, Manjit Nagar (Near Thapar Uni)",Patiala,147004,118,0.78,23,109,In Stock
22/09/26 14:17,SKU_002,Product_Staples_2,Staples,40,221,38,"BD Mall, Manjit Nagar (Near Thapar Uni)",Patiala,147004,78,1.47,39,84,In Stock
22/09/26 14:17,SKU_003,Product_Dairy_3,Dairy/Fresh,107,1496,105,"BD Mall, Manjit Nagar (Near Thapar Uni)",Patiala,147004,87,0.96,17,77,In Stock
22/09/26 14:17,SKU_004,Product_Snacks & Beverages_4,Snacks & Beverages,171,230,161,"BD Mall, Manjit Nagar (Near Thapar Uni)",Patiala,147004,24,1.41,12,29,In Stock
22/09/26 14:17,SKU_005,Product_Dairy_5,Dairy/Fresh,277,443,248,"BD Mall, Manjit Nagar (Near Thapar Uni)",Patiala,147004,135,0.61,27,97,In Stock
22/09/26 14:17,SKU_006,Product_Staples_6,Staples,211,1055,183,"BD Mall, Manjit Nagar (Near Thapar Uni)",Patiala,147004,47,1.02,23,64,In Stock
22/09/26 14:17,SKU_007,Product_Dairy_7,Dairy/Fresh,41,352,38,"BD Mall, Manjit Nagar (Near Thapar Uni)",Patiala,147004,131,0.88,26,65,In Stock
22/09/26 14:17,SKU_008,Product_Snacks & Beverages_8,Snacks & Beverages,68,574,60,"BD Mall, Manjit Nagar (Near Thapar Uni)",Patiala,147004,72,1.64,36,59,In Stock
22/09/26 14:17,SKU_009,Product_Snacks & Beverages_9,Snacks & Beverages,189,799,172,"BD Mall, Manjit Nagar (Near Thapar Uni)",Patiala,147004,34,1.72,17,30,In Stock
22/09/26 14:17,SKU_010,Product_Dairy_10,Dairy/Fresh,209,1057,205,"BD Mall, Manjit Nagar (Near Thapar Uni)",Patiala,147004,95,0.5,19,68,In Stock
22/09/26 14:17,SKU_011,Product_Staples_11,Staples,70,1367,63,"BD Mall, Manjit Nagar (Near Thapar Uni)",Patiala,147004,45,1.14,22,26,In Stock
22/09/26 14:17,SKU_012,Product_Snacks & Beverages_12,Snacks & Beverages,150,746,130,"BD Mall, Manjit Nagar (Near Thapar Uni)",Patiala,147004,67,1.45,33,0,Out of Stock
22/09/26 14:17,SKU_013,Product_Dairy_13,Dairy/Fresh,186,1397,168,"BD Mall, Manjit Nagar (Near Thapar Uni)",Patiala,147004,143,0.9,28,113,In Stock
22/09/26 14:17,SKU_014,Product_Personal Care_14,Personal Care,33,341,33,"BD Mall, Manjit Nagar (Near Thapar Uni)",Patiala,147004,38,1.5,19,40,In Stock
22/09/26 14:17,SKU_015,Product_Dairy_15,Dairy/Fresh,72,997,64,"BD Mall, Manjit Nagar (Near Thapar Uni)",Patiala,147004,143,0.95,28,101,In Stock
22/09/26 14:17,SKU_016,Product_Snacks & Beverages_16,Snacks & Beverages,283,134,268,"BD Mall, Manjit Nagar (Near Thapar Uni)",Patiala,147004,48,1.78,24,49,In Stock
22/09/26 14:17,SKU_017,Product_Personal Care_17,Personal Care,69,1125,59,"BD Mall, Manjit Nagar (Near Thapar Uni)",Patiala,147004,73,1.08,36,50,In Stock
22/09/26 14:17,SKU_018,Product_Snacks & Beverages_18,Snacks & Beverages,73,1229,66,"BD Mall, Manjit Nagar (Near Thapar Uni)",Patiala,147004,77,1.89,38,75,In Stock
22/09/26 14:17,SKU_019,Product_Snacks & Beverages_19,Snacks & Beverages,210,501,188,"BD Mall, Manjit Nagar (Near Thapar Uni)",Patiala,147004,70,1.47,35,75,In Stock
22/09/26 14:17,SKU_020,Product_Staples_20,Staples,181,301,158,"BD Mall, Manjit Nagar (Near Thapar Uni)",Patiala,147004,58,1.74,29,0,Out of Stock
22/09/26 14:17,SKU_021,Product_Staples_21,Staples,289,915,269,"BD Mall, Manjit Nagar (Near Thapar Uni)",Patiala,147004,23,1.14,11,33,In Stock
22/09/26 14:17,SKU_022,Product_Dairy_22,Dairy/Fresh,234,1375,216,"BD Mall, Manjit Nagar (Near Thapar Uni)",Patiala,147004,124,0.66,24,72,In Stock
22/09/26 14:17,SKU_023,Product_Dairy_23,Dairy/Fresh,232,819,221,"BD Mall, Manjit Nagar (Near Thapar Uni)",Patiala,147004,126,0.63,25,25,In Stock
22/09/26 14:17,SKU_024,Product_Staples_24,Staples,72,891,64,"BD Mall, Manjit Nagar (Near Thapar Uni)",Patiala,147004,48,1.44,24,37,In Stock
22/09/26 14:17,SKU_025,Product_Dairy_25,Dairy/Fresh,271,287,240,"BD Mall, Manjit Nagar (Near Thapar Uni)",Patiala,147004,60,0.79,12,47,In Stock
22/09/26 14:17,SKU_026,Product_Snacks & Beverages_26,Snacks & Beverages,60,1280,53,"BD Mall, Manjit Nagar (Near Thapar Uni)",Patiala,147004,30,1.15,15,45,In Stock
22/09/26 14:17,SKU_027,Product_Staples_27,Staples,84,620,74,"BD Mall, Manjit Nagar (Near Thapar Uni)",Patiala,147004,52,1.09,26,53,In Stock
22/09/26 14:17,SKU_028,Product_Staples_28,Staples,155,1186,145,"BD Mall, Manjit Nagar (Near Thapar Uni)",Patiala,147004,57,1.24,28,61,In Stock
22/09/26 14:17,SKU_029,Product_Staples_29,Staples,100,491,91,"BD Mall, Manjit Nagar (Near Thapar Uni)",Patiala,147004,77,1.1,38,72,In Stock
22/09/26 14:17,SKU_030,Product_Staples_30,Staples,280,330,241,"BD Mall, Manjit Nagar (Near Thapar Uni)",Patiala,147004,30,1.69,15,37,In Stock
22/09/26 14:17,SKU_031,Product_Snacks & Beverages_31,Snacks & Beverages,47,234,42,"BD Mall, Manjit Nagar (Near Thapar Uni)",Patiala,147004,46,1.03,23,41,In Stock
22/09/26 14:17,SKU_032,Product_Staples_32,Staples,287,1029,255,"BD Mall, Manjit Nagar (Near Thapar Uni)",Patiala,147004,52,1.62,26,43,In Stock
22/09/26 14:17,SKU_033,Product_Dairy_33,Dairy/Fresh,81,904,77,"BD Mall, Manjit Nagar (Near Thapar Uni)",Patiala,147004,97,0.97,19,97,In Stock
22/09/26 14:17,SKU_034,Product_Staples_34,Staples,233,1060,223,"BD Mall, Manjit Nagar (Near Thapar Uni)",Patiala,147004,58,1.95,29,29,In Stock
22/09/26 14:17,SKU_035,Product_Dairy_35,Dairy/Fresh,150,1128,131,"BD Mall, Manjit Nagar (Near Thapar Uni)",Patiala,147004,113,0.82,22,110,In Stock
22/09/26 14:17,SKU_036,Product_Snacks & Beverages_36,Snacks & Beverages,274,497,274,"BD Mall, Manjit Nagar (Near Thapar Uni)",Patiala,147004,57,1.23,28,53,In Stock
22/09/26 14:17,SKU_037,Product_Snacks & Beverages_37,Snacks & Beverages,226,1138,201,"BD Mall, Manjit Nagar (Near Thapar Uni)",Patiala,147004,65,1.61,32,66,In Stock
22/09/26 14:17,SKU_038,Product_Dairy_38,Dairy/Fresh,198,963,197,"BD Mall, Manjit Nagar (Near Thapar Uni)",Patiala,147004,111,0.64,22,78,In Stock
22/09/26 14:17,SKU_039,Product_Snacks & Beverages_39,Snacks & Beverages,71,1120,65,"BD Mall, Manjit Nagar (Near Thapar Uni)",Patiala,147004,46,1.93,23,37,In Stock
22/09/26 14:17,SKU_040,Product_Snacks & Beverages_40,Snacks & Beverages,241,584,206,"BD Mall, Manjit Nagar (Near Thapar Uni)",Patiala,147004,55,1.52,27,30,In Stock
22/09/26 14:17,SKU_041,Product_Dairy_41,Dairy/Fresh,256,1294,231,"BD Mall, Manjit Nagar (Near Thapar Uni)",Patiala,147004,138,0.53,27,68,In Stock
22/09/26 14:17,SKU_042,Product_Dairy_42,Dairy/Fresh,32,1283,30,"BD Mall, Manjit Nagar (Near Thapar Uni)",Patiala,147004,67,0.99,13,57,In Stock
22/09/26 15:41,SKU_001,Product_Dairy_1,Dairy/Fresh,290,1230,273,"BD Mall, Manjit Nagar (Near Thapar Uni)",Patiala,147004,68,0.79,13,51,In Stock
22/09/26 15:41,SKU_002,Product_Staples_2,Staples,40,221,38,"BD Mall, Manjit Nagar (Near Thapar Uni)",Patiala,147004,78,1.39,39,96,In Stock
22/09/26 15:41,SKU_003,Product_Dairy_3,Dairy/Fresh,107,1496,105,"BD Mall, Manjit Nagar (Near Thapar Uni)",Patiala,147004,104,0.83,20,84,In Stock
22/09/26 15:41,SKU_004,Product_Snacks & Beverages_4,Snacks & Beverages,171,230,161,"BD Mall, Manjit Nagar (Near Thapar Uni)",Patiala,147004,54,1.47,27,48,In Stock
22/09/26 15:41,SKU_005,Product_Dairy_5,Dairy/Fresh,277,443,248,"BD Mall, Manjit Nagar (Near Thapar Uni)",Patiala,147004,75,0.52,15,25,In Stock
22/09/26 15:41,SKU_006,Product_Staples_6,Staples,211,1055,183,"BD Mall, Manjit Nagar (Near Thapar Uni)",Patiala,147004,50,1.12,25,62,In Stock
22/09/26 15:41,SKU_007,Product_Dairy_7,Dairy/Fresh,41,352,38,"BD Mall, Manjit Nagar (Near Thapar Uni)",Patiala,147004,53,0.86,10,46,In Stock
22/09/26 15:41,SKU_008,Product_Snacks & Beverages_8,Snacks & Beverages,68,574,60,"BD Mall, Manjit Nagar (Near Thapar Uni)",Patiala,147004,58,1.1,29,54,In Stock
22/09/26 15:41,SKU_009,Product_Snacks & Beverages_9,Snacks & Beverages,189,799,172,"BD Mall, Manjit Nagar (Near Thapar Uni)",Patiala,147004,20,1.81,10,28,In Stock
22/09/26 15:41,SKU_010,Product_Dairy_10,Dairy/Fresh,209,1057,205,"BD Mall, Manjit Nagar (Near Thapar Uni)",Patiala,147004,147,0.61,29,86,In Stock
22/09/26 15:41,SKU_011,Product_Staples_11,Staples,70,1367,63,"BD Mall, Manjit Nagar (Near Thapar Uni)",Patiala,147004,62,1.6,31,43,In Stock
22/09/26 15:41,SKU_012,Product_Snacks & Beverages_12,Snacks & Beverages,150,746,130,"BD Mall, Manjit Nagar (Near Thapar Uni)",Patiala,147004,57,1.34,28,34,In Stock
22/09/26 15:41,SKU_013,Product_Dairy_13,Dairy/Fresh,186,1397,168,"BD Mall, Manjit Nagar (Near Thapar Uni)",Patiala,147004,129,0.69,25,32,In Stock
22/09/26 15:41,SKU_014,Product_Personal Care_14,Personal Care,33,341,33,"BD Mall, Manjit Nagar (Near Thapar Uni)",Patiala,147004,22,1.64,11,24,In Stock
22/09/26 15:41,SKU_015,Product_Dairy_15,Dairy/Fresh,72,997,64,"BD Mall, Manjit Nagar (Near Thapar Uni)",Patiala,147004,83,0.91,16,66,In Stock
22/09/26 15:41,SKU_016,Product_Snacks & Beverages_16,Snacks & Beverages,283,134,268,"BD Mall, Manjit Nagar (Near Thapar Uni)",Patiala,147004,21,1.4,10,28,In Stock
22/09/26 15:41,SKU_017,Product_Personal Care_17,Personal Care,69,1125,59,"BD Mall, Manjit Nagar (Near Thapar Uni)",Patiala,147004,37,1.59,18,40,In Stock
22/09/26 15:41,SKU_018,Product_Snacks & Beverages_18,Snacks & Beverages,73,1229,66,"BD Mall, Manjit Nagar (Near Thapar Uni)",Patiala,147004,63,1.49,31,56,In Stock
22/09/26 15:41,SKU_019,Product_Snacks & Beverages_19,Snacks & Beverages,210,501,188,"BD Mall, Manjit Nagar (Near Thapar Uni)",Patiala,147004,29,1.3,14,40,In Stock
22/09/26 15:41,SKU_020,Product_Staples_20,Staples,181,301,158,"BD Mall, Manjit Nagar (Near Thapar Uni)",Patiala,147004,24,1.56,12,20,In Stock
22/09/26 15:41,SKU_021,Product_Staples_21,Staples,289,915,269,"BD Mall, Manjit Nagar (Near Thapar Uni)",Patiala,147004,28,1.67,14,26,In Stock
22/09/26 15:41,SKU_022,Product_Dairy_22,Dairy/Fresh,234,1375,216,"BD Mall, Manjit Nagar (Near Thapar Uni)",Patiala,147004,143,0.81,28,34,In Stock
22/09/26 15:41,SKU_023,Product_Dairy_23,Dairy/Fresh,232,819,221,"BD Mall, Manjit Nagar (Near Thapar Uni)",Patiala,147004,114,0.99,22,32,In Stock
22/09/26 15:41,SKU_024,Product_Staples_24,Staples,72,891,64,"BD Mall, Manjit Nagar (Near Thapar Uni)",Patiala,147004,79,1.06,39,48,In Stock
22/09/26 15:41,SKU_025,Product_Dairy_25,Dairy/Fresh,271,287,240,"BD Mall, Manjit Nagar (Near Thapar Uni)",Patiala,147004,88,0.85,17,66,In Stock
22/09/26 15:41,SKU_026,Product_Snacks & Beverages_26,Snacks & Beverages,60,1280,53,"BD Mall, Manjit Nagar (Near Thapar Uni)",Patiala,147004,50,1.56,25,27,In Stock
22/09/26 15:41,SKU_027,Product_Staples_27,Staples,84,620,74,"BD Mall, Manjit Nagar (Near Thapar Uni)",Patiala,147004,29,1.87,14,42,In Stock
22/09/26 15:41,SKU_028,Product_Staples_28,Staples,155,1186,145,"BD Mall, Manjit Nagar (Near Thapar Uni)",Patiala,147004,69,1.88,34,70,In Stock
22/09/26 15:41,SKU_029,Product_Staples_29,Staples,100,491,91,"BD Mall, Manjit Nagar (Near Thapar Uni)",Patiala,147004,31,1.07,15,30,In Stock
22/09/26 15:41,SKU_030,Product_Staples_30,Staples,280,330,241,"BD Mall, Manjit Nagar (Near Thapar Uni)",Patiala,147004,55,1.42,27,42,In Stock
22/09/26 15:41,SKU_031,Product_Snacks & Beverages_31,Snacks & Beverages,47,234,42,"BD Mall, Manjit Nagar (Near Thapar Uni)",Patiala,147004,73,1.58,36,79,In Stock
22/09/26 15:41,SKU_032,Product_Staples_32,Staples,287,1029,255,"BD Mall, Manjit Nagar (Near Thapar Uni)",Patiala,147004,40,1.15,20,26,In Stock
22/09/26 15:41,SKU_033,Product_Dairy_33,Dairy/Fresh,81,904,77,"BD Mall, Manjit Nagar (Near Thapar Uni)",Patiala,147004,93,0.85,18,0,Out of Stock
22/09/26 15:41,SKU_034,Product_Staples_34,Staples,233,1060,223,"BD Mall, Manjit Nagar (Near Thapar Uni)",Patiala,147004,66,1.74,33,70,In Stock
22/09/26 15:41,SKU_035,Product_Dairy_35,Dairy/Fresh,150,1128,131,"BD Mall, Manjit Nagar (Near Thapar Uni)",Patiala,147004,86,0.55,17,22,In Stock
22/09/26 15:41,SKU_036,Product_Snacks & Beverages_36,Snacks & Beverages,274,497,274,"BD Mall, Manjit Nagar (Near Thapar Uni)",Patiala,147004,67,1.01,33,0,Out of Stock
22/09/26 15:41,SKU_037,Product_Snacks & Beverages_37,Snacks & Beverages,226,1138,201,"BD Mall, Manjit Nagar (Near Thapar Uni)",Patiala,147004,68,1.22,34,52,In Stock
22/09/26 15:41,SKU_038,Product_Dairy_38,Dairy/Fresh,198,963,197,"BD Mall, Manjit Nagar (Near Thapar Uni)",Patiala,147004,141,0.81,28,78,In Stock
22/09/26 15:41,SKU_039,Product_Snacks & Beverages_39,Snacks & Beverages,71,1120,65,"BD Mall, Manjit Nagar (Near Thapar Uni)",Patiala,147004,29,1.67,14,15,In Stock
22/09/26 15:41,SKU_040,Product_Snacks & Beverages_40,Snacks & Beverages,241,584,206,"BD Mall, Manjit Nagar (Near Thapar Uni)",Patiala,147004,24,1.89,12,14,In Stock
22/09/26 15:41,SKU_041,Product_Dairy_41,Dairy/Fresh,256,1294,231,"BD Mall, Manjit Nagar (Near Thapar Uni)",Patiala,147004,92,0.51,18,106,In Stock
22/09/26 15:41,SKU_042,Product_Dairy_42,Dairy/Fresh,32,1283,30,"BD Mall, Manjit Nagar (Near Thapar Uni)",Patiala,147004,134,0.62,26,125,In Stock
22/09/26 16:53,SKU_001,Product_Dairy_1,Dairy/Fresh,290,1230,273,"BD Mall, Manjit Nagar (Near Thapar Uni)",Patiala,147004,137,0.95,27,80,In Stock
22/09/26 16:53,SKU_002,Product_Staples_2,Staples,40,221,38,"BD Mall, Manjit Nagar (Near Thapar Uni)",Patiala,147004,64,1.04,32,80,In Stock
22/09/26 16:53,SKU_003,Product_Dairy_3,Dairy/Fresh,107,1496,105,"BD Mall, Manjit Nagar (Near Thapar Uni)",Patiala,147004,115,0.54,23,50,In Stock
22/09/26 16:53,SKU_004,Product_Snacks & Beverages_4,Snacks & Beverages,171,230,161,"BD Mall, Manjit Nagar (Near Thapar Uni)",Patiala,147004,57,1.61,28,65,In Stock
22/09/26 16:53,SKU_005,Product_Dairy_5,Dairy/Fresh,277,443,248,"BD Mall, Manjit Nagar (Near Thapar Uni)",Patiala,147004,121,0.75,24,51,In Stock
22/09/26 16:53,SKU_006,Product_Staples_6,Staples,211,1055,183,"BD Mall, Manjit Nagar (Near Thapar Uni)",Patiala,147004,45,1.27,22,53,In Stock
22/09/26 16:53,SKU_007,Product_Dairy_7,Dairy/Fresh,41,352,38,"BD Mall, Manjit Nagar (Near Thapar Uni)",Patiala,147004,140,0.8,28,68,In Stock
22/09/26 16:53,SKU_008,Product_Snacks & Beverages_8,Snacks & Beverages,68,574,60,"BD Mall, Manjit Nagar (Near Thapar Uni)",Patiala,147004,24,1.47,12,0,Out of Stock
22/09/26 16:53,SKU_009,Product_Snacks & Beverages_9,Snacks & Beverages,189,799,172,"BD Mall, Manjit Nagar (Near Thapar Uni)",Patiala,147004,34,1.86,17,52,In Stock
22/09/26 16:53,SKU_010,Product_Dairy_10,Dairy/Fresh,209,1057,205,"BD Mall, Manjit Nagar (Near Thapar Uni)",Patiala,147004,142,0.62,28,134,In Stock
22/09/26 16:53,SKU_011,Product_Staples_11,Staples,70,1367,63,"BD Mall, Manjit Nagar (Near Thapar Uni)",Patiala,147004,35,1.27,17,39,In Stock
22/09/26 16:53,SKU_012,Product_Snacks & Beverages_12,Snacks & Beverages,150,746,130,"BD Mall, Manjit Nagar (Near Thapar Uni)",Patiala,147004,20,1.98,10,11,In Stock
22/09/26 16:53,SKU_013,Product_Dairy_13,Dairy/Fresh,186,1397,168,"BD Mall, Manjit Nagar (Near Thapar Uni)",Patiala,147004,94,0.52,18,27,In Stock
22/09/26 16:53,SKU_014,Product_Personal Care_14,Personal Care,33,341,33,"BD Mall, Manjit Nagar (Near Thapar Uni)",Patiala,147004,56,1.03,28,33,In Stock
22/09/26 16:53,SKU_015,Product_Dairy_15,Dairy/Fresh,72,997,64,"BD Mall, Manjit Nagar (Near Thapar Uni)",Patiala,147004,149,0.56,29,107,In Stock
22/09/26 16:53,SKU_016,Product_Snacks & Beverages_16,Snacks & Beverages,283,134,268,"BD Mall, Manjit Nagar (Near Thapar Uni)",Patiala,147004,71,1.11,35,79,In Stock
22/09/26 16:53,SKU_017,Product_Personal Care_17,Personal Care,69,1125,59,"BD Mall, Manjit Nagar (Near Thapar Uni)",Patiala,147004,66,1.03,33,61,In Stock
22/09/26 16:53,SKU_018,Product_Snacks & Beverages_18,Snacks & Beverages,73,1229,66,"BD Mall, Manjit Nagar (Near Thapar Uni)",Patiala,147004,50,1.27,25,52,In Stock
22/09/26 16:53,SKU_019,Product_Snacks & Beverages_19,Snacks & Beverages,210,501,188,"BD Mall, Manjit Nagar (Near Thapar Uni)",Patiala,147004,32,1.27,16,37,In Stock
22/09/26 16:53,SKU_020,Product_Staples_20,Staples,181,301,158,"BD Mall, Manjit Nagar (Near Thapar Uni)",Patiala,147004,75,1.82,37,70,In Stock
22/09/26 16:53,SKU_021,Product_Staples_21,Staples,289,915,269,"BD Mall, Manjit Nagar (Near Thapar Uni)",Patiala,147004,35,1.71,17,0,Out of Stock
22/09/26 16:53,SKU_022,Product_Dairy_22,Dairy/Fresh,234,1375,216,"BD Mall, Manjit Nagar (Near Thapar Uni)",Patiala,147004,138,0.7,27,59,In Stock
22/09/26 16:53,SKU_023,Product_Dairy_23,Dairy/Fresh,232,819,221,"BD Mall, Manjit Nagar (Near Thapar Uni)",Patiala,147004,142,0.81,28,117,In Stock
22/09/26 16:53,SKU_024,Product_Staples_24,Staples,72,891,64,"BD Mall, Manjit Nagar (Near Thapar Uni)",Patiala,147004,40,1.42,20,29,In Stock
22/09/26 16:53,SKU_025,Product_Dairy_25,Dairy/Fresh,271,287,240,"BD Mall, Manjit Nagar (Near Thapar Uni)",Patiala,147004,116,0.89,23,101,In Stock
22/09/26 16:53,SKU_026,Product_Snacks & Beverages_26,Snacks & Beverages,60,1280,53,"BD Mall, Manjit Nagar (Near Thapar Uni)",Patiala,147004,73,2,36,72,In Stock
22/09/26 16:53,SKU_027,Product_Staples_27,Staples,84,620,74,"BD Mall, Manjit Nagar (Near Thapar Uni)",Patiala,147004,46,1.71,23,46,In Stock
22/09/26 16:53,SKU_028,Product_Staples_28,Staples,155,1186,145,"BD Mall, Manjit Nagar (Near Thapar Uni)",Patiala,147004,57,1.76,28,38,In Stock
22/09/26 16:53,SKU_029,Product_Staples_29,Staples,100,491,91,"BD Mall, Manjit Nagar (Near Thapar Uni)",Patiala,147004,45,1.94,22,61,In Stock
22/09/26 16:53,SKU_030,Product_Staples_30,Staples,280,330,241,"BD Mall, Manjit Nagar (Near Thapar Uni)",Patiala,147004,77,1.11,38,58,In Stock
22/09/26 16:53,SKU_031,Product_Snacks & Beverages_31,Snacks & Beverages,47,234,42,"BD Mall, Manjit Nagar (Near Thapar Uni)",Patiala,147004,78,1.7,39,78,In Stock
22/09/26 16:53,SKU_032,Product_Staples_32,Staples,287,1029,255,"BD Mall, Manjit Nagar (Near Thapar Uni)",Patiala,147004,57,1.85,28,65,In Stock
22/09/26 16:53,SKU_033,Product_Dairy_33,Dairy/Fresh,81,904,77,"BD Mall, Manjit Nagar (Near Thapar Uni)",Patiala,147004,127,0.9,25,103,In Stock
22/09/26 16:53,SKU_034,Product_Staples_34,Staples,233,1060,223,"BD Mall, Manjit Nagar (Near Thapar Uni)",Patiala,147004,44,1.21,22,36,In Stock
22/09/26 16:53,SKU_035,Product_Dairy_35,Dairy/Fresh,150,1128,131,"BD Mall, Manjit Nagar (Near Thapar Uni)",Patiala,147004,67,0.61,13,49,In Stock
22/09/26 16:53,SKU_036,Product_Snacks & Beverages_36,Snacks & Beverages,274,497,274,"BD Mall, Manjit Nagar (Near Thapar Uni)",Patiala,147004,27,1.68,13,26,In Stock
22/09/26 16:53,SKU_037,Product_Snacks & Beverages_37,Snacks & Beverages,226,1138,201,"BD Mall, Manjit Nagar (Near Thapar Uni)",Patiala,147004,27,1.25,13,33,In Stock
22/09/26 16:53,SKU_038,Product_Dairy_38,Dairy/Fresh,198,963,197,"BD Mall, Manjit Nagar (Near Thapar Uni)",Patiala,147004,133,0.92,26,133,In Stock
22/09/26 16:53,SKU_039,Product_Snacks & Beverages_39,Snacks & Beverages,71,1120,65,"BD Mall, Manjit Nagar (Near Thapar Uni)",Patiala,147004,72,1.26,36,55,In Stock
22/09/26 16:53,SKU_040,Product_Snacks & Beverages_40,Snacks & Beverages,241,584,206,"BD Mall, Manjit Nagar (Near Thapar Uni)",Patiala,147004,26,1.33,13,0,Out of Stock
22/09/26 16:53,SKU_041,Product_Dairy_41,Dairy/Fresh,256,1294,231,"BD Mall, Manjit Nagar (Near Thapar Uni)",Patiala,147004,131,0.74,26,28,In Stock
22/09/26 16:53,SKU_042,Product_Dairy_42,Dairy/Fresh,32,1283,30,"BD Mall, Manjit Nagar (Near Thapar Uni)",Patiala,147004,117,0.7,23,126,In Stock
22/09/26 17:02,SKU_001,Product_Dairy_1,Dairy/Fresh,290,1230,273,"BD Mall, Manjit Nagar (Near Thapar Uni)",Patiala,147004,114,0.96,22,108,In Stock
22/09/26 17:02,SKU_002,Product_Staples_2,Staples,40,221,38,"BD Mall, Manjit Nagar (Near Thapar Uni)",Patiala,147004,70,1.49,35,78,In Stock
22/09/26 17:02,SKU_003,Product_Dairy_3,Dairy/Fresh,107,1496,105,"BD Mall, Manjit Nagar (Near Thapar Uni)",Patiala,147004,107,0.71,21,107,In Stock
22/09/26 17:02,SKU_004,Product_Snacks & Beverages_4,Snacks & Beverages,171,230,161,"BD Mall, Manjit Nagar (Near Thapar Uni)",Patiala,147004,40,1.16,20,46,In Stock
22/09/26 17:02,SKU_005,Product_Dairy_5,Dairy/Fresh,277,443,248,"BD Mall, Manjit Nagar (Near Thapar Uni)",Patiala,147004,69,0.75,13,47,In Stock
22/09/26 17:02,SKU_006,Product_Staples_6,Staples,211,1055,183,"BD Mall, Manjit Nagar (Near Thapar Uni)",Patiala,147004,39,1.2,19,43,In Stock
22/09/26 17:02,SKU_007,Product_Dairy_7,Dairy/Fresh,41,352,38,"BD Mall, Manjit Nagar (Near Thapar Uni)",Patiala,147004,59,0.76,11,18,In Stock
22/09/26 17:02,SKU_008,Product_Snacks & Beverages_8,Snacks & Beverages,68,574,60,"BD Mall, Manjit Nagar (Near Thapar Uni)",Patiala,147004,77,1.79,38,93,In Stock
22/09/26 17:02,SKU_009,Product_Snacks & Beverages_9,Snacks & Beverages,189,799,172,"BD Mall, Manjit Nagar (Near Thapar Uni)",Patiala,147004,65,1.17,32,82,In Stock
22/09/26 17:02,SKU_010,Product_Dairy_10,Dairy/Fresh,209,1057,205,"BD Mall, Manjit Nagar (Near Thapar Uni)",Patiala,147004,90,0.62,18,79,In Stock
22/09/26 17:02,SKU_011,Product_Staples_11,Staples,70,1367,63,"BD Mall, Manjit Nagar (Near Thapar Uni)",Patiala,147004,69,1.75,34,71,In Stock
22/09/26 17:02,SKU_012,Product_Snacks & Beverages_12,Snacks & Beverages,150,746,130,"BD Mall, Manjit Nagar (Near Thapar Uni)",Patiala,147004,76,1.31,38,55,In Stock
22/09/26 17:02,SKU_013,Product_Dairy_13,Dairy/Fresh,186,1397,168,"BD Mall, Manjit Nagar (Near Thapar Uni)",Patiala,147004,66,0.88,13,40,In Stock
22/09/26 17:02,SKU_014,Product_Personal Care_14,Personal Care,33,341,33,"BD Mall, Manjit Nagar (Near Thapar Uni)",Patiala,147004,67,1.71,33,43,In Stock
22/09/26 17:02,SKU_015,Product_Dairy_15,Dairy/Fresh,72,997,64,"BD Mall, Manjit Nagar (Near Thapar Uni)",Patiala,147004,147,0.81,29,30,In Stock
22/09/26 17:02,SKU_016,Product_Snacks & Beverages_16,Snacks & Beverages,283,134,268,"BD Mall, Manjit Nagar (Near Thapar Uni)",Patiala,147004,34,1.29,17,53,In Stock
22/09/26 17:02,SKU_017,Product_Personal Care_17,Personal Care,69,1125,59,"BD Mall, Manjit Nagar (Near Thapar Uni)",Patiala,147004,49,1.52,24,0,Out of Stock
22/09/26 17:02,SKU_018,Product_Snacks & Beverages_18,Snacks & Beverages,73,1229,66,"BD Mall, Manjit Nagar (Near Thapar Uni)",Patiala,147004,45,1.08,22,62,In Stock
22/09/26 17:02,SKU_019,Product_Snacks & Beverages_19,Snacks & Beverages,210,501,188,"BD Mall, Manjit Nagar (Near Thapar Uni)",Patiala,147004,29,1.12,14,47,In Stock
22/09/26 17:02,SKU_020,Product_Staples_20,Staples,181,301,158,"BD Mall, Manjit Nagar (Near Thapar Uni)",Patiala,147004,48,1.18,24,46,In Stock
22/09/26 17:02,SKU_021,Product_Staples_21,Staples,289,915,269,"BD Mall, Manjit Nagar (Near Thapar Uni)",Patiala,147004,73,1.77,36,48,In Stock
22/09/26 17:02,SKU_022,Product_Dairy_22,Dairy/Fresh,234,1375,216,"BD Mall, Manjit Nagar (Near Thapar Uni)",Patiala,147004,100,0.75,20,26,In Stock
22/09/26 17:02,SKU_023,Product_Dairy_23,Dairy/Fresh,232,819,221,"BD Mall, Manjit Nagar (Near Thapar Uni)",Patiala,147004,70,0.92,14,45,In Stock
22/09/26 17:02,SKU_024,Product_Staples_24,Staples,72,891,64,"BD Mall, Manjit Nagar (Near Thapar Uni)",Patiala,147004,39,1.67,19,0,Out of Stock
22/09/26 17:02,SKU_025,Product_Dairy_25,Dairy/Fresh,271,287,240,"BD Mall, Manjit Nagar (Near Thapar Uni)",Patiala,147004,125,0.59,25,73,In Stock
22/09/26 17:02,SKU_026,Product_Snacks & Beverages_26,Snacks & Beverages,60,1280,53,"BD Mall, Manjit Nagar (Near Thapar Uni)",Patiala,147004,73,1.51,36,43,In Stock
22/09/26 17:02,SKU_027,Product_Staples_27,Staples,84,620,74,"BD Mall, Manjit Nagar (Near Thapar Uni)",Patiala,147004,56,1.21,28,74,In Stock
22/09/26 17:02,SKU_028,Product_Staples_28,Staples,155,1186,145,"BD Mall, Manjit Nagar (Near Thapar Uni)",Patiala,147004,41,1.55,20,56,In Stock
22/09/26 17:02,SKU_029,Product_Staples_29,Staples,100,491,91,"BD Mall, Manjit Nagar (Near Thapar Uni)",Patiala,147004,26,1.98,13,41,In Stock
22/09/26 17:02,SKU_030,Product_Staples_30,Staples,280,330,241,"BD Mall, Manjit Nagar (Near Thapar Uni)",Patiala,147004,42,1.07,21,57,In Stock
22/09/26 17:02,SKU_031,Product_Snacks & Beverages_31,Snacks & Beverages,47,234,42,"BD Mall, Manjit Nagar (Near Thapar Uni)",Patiala,147004,60,1.28,30,52,In Stock
22/09/26 17:02,SKU_032,Product_Staples_32,Staples,287,1029,255,"BD Mall, Manjit Nagar (Near Thapar Uni)",Patiala,147004,59,1.24,29,66,In Stock
22/09/26 17:02,SKU_033,Product_Dairy_33,Dairy/Fresh,81,904,77,"BD Mall, Manjit Nagar (Near Thapar Uni)",Patiala,147004,89,0.86,17,60,In Stock
22/09/26 17:02,SKU_034,Product_Staples_34,Staples,233,1060,223,"BD Mall, Manjit Nagar (Near Thapar Uni)",Patiala,147004,35,1.38,17,21,In Stock
22/09/26 17:02,SKU_035,Product_Dairy_35,Dairy/Fresh,150,1128,131,"BD Mall, Manjit Nagar (Near Thapar Uni)",Patiala,147004,70,0.6,14,0,Out of Stock
22/09/26 17:02,SKU_036,Product_Snacks & Beverages_36,Snacks & Beverages,274,497,274,"BD Mall, Manjit Nagar (Near Thapar Uni)",Patiala,147004,47,1.91,23,62,In Stock
22/09/26 17:02,SKU_037,Product_Snacks & Beverages_37,Snacks & Beverages,226,1138,201,"BD Mall, Manjit Nagar (Near Thapar Uni)",Patiala,147004,67,1.2,33,43,In Stock
22/09/26 17:02,SKU_038,Product_Dairy_38,Dairy/Fresh,198,963,197,"BD Mall, Manjit Nagar (Near Thapar Uni)",Patiala,147004,72,0.59,14,91,In Stock
22/09/26 17:02,SKU_039,Product_Snacks & Beverages_39,Snacks & Beverages,71,1120,65,"BD Mall, Manjit Nagar (Near Thapar Uni)",Patiala,147004,50,1.64,25,66,In Stock
22/09/26 17:02,SKU_040,Product_Snacks & Beverages_40,Snacks & Beverages,241,584,206,"BD Mall, Manjit Nagar (Near Thapar Uni)",Patiala,147004,33,1.52,16,17,In Stock
22/09/26 17:02,SKU_041,Product_Dairy_41,Dairy/Fresh,256,1294,231,"BD Mall, Manjit Nagar (Near Thapar Uni)",Patiala,147004,142,0.58,28,76,In Stock
22/09/26 17:02,SKU_042,Product_Dairy_42,Dairy/Fresh,32,1283,30,"BD Mall, Manjit Nagar (Near Thapar Uni)",Patiala,147004,57,0.6,11,0,Out of Stock
22/09/26 18:45,SKU_001,Product_Dairy_1,Dairy/Fresh,290,1230,273,"BD Mall, Manjit Nagar (Near Thapar Uni)",Patiala,147004,90,0.89,18,109,In Stock
22/09/26 18:45,SKU_002,Product_Staples_2,Staples,40,221,38,"BD Mall, Manjit Nagar (Near Thapar Uni)",Patiala,147004,28,1.4,14,0,Out of Stock
22/09/26 18:45,SKU_003,Product_Dairy_3,Dairy/Fresh,107,1496,105,"BD Mall, Manjit Nagar (Near Thapar Uni)",Patiala,147004,95,0.51,19,50,In Stock
22/09/26 18:45,SKU_004,Product_Snacks & Beverages_4,Snacks & Beverages,171,230,161,"BD Mall, Manjit Nagar (Near Thapar Uni)",Patiala,147004,46,1.76,23,26,In Stock
22/09/26 18:45,SKU_005,Product_Dairy_5,Dairy/Fresh,277,443,248,"BD Mall, Manjit Nagar (Near Thapar Uni)",Patiala,147004,140,0.99,28,0,Out of Stock
22/09/26 18:45,SKU_006,Product_Staples_6,Staples,211,1055,183,"BD Mall, Manjit Nagar (Near Thapar Uni)",Patiala,147004,32,1.09,16,22,In Stock
22/09/26 18:45,SKU_007,Product_Dairy_7,Dairy/Fresh,41,352,38,"BD Mall, Manjit Nagar (Near Thapar Uni)",Patiala,147004,64,0.56,12,50,In Stock
22/09/26 18:45,SKU_008,Product_Snacks & Beverages_8,Snacks & Beverages,68,574,60,"BD Mall, Manjit Nagar (Near Thapar Uni)",Patiala,147004,48,1.54,24,50,In Stock
22/09/26 18:45,SKU_009,Product_Snacks & Beverages_9,Snacks & Beverages,189,799,172,"BD Mall, Manjit Nagar (Near Thapar Uni)",Patiala,147004,70,1.86,35,71,In Stock
22/09/26 18:45,SKU_010,Product_Dairy_10,Dairy/Fresh,209,1057,205,"BD Mall, Manjit Nagar (Near Thapar Uni)",Patiala,147004,50,0.89,10,69,In Stock
22/09/26 18:45,SKU_011,Product_Staples_11,Staples,70,1367,63,"BD Mall, Manjit Nagar (Near Thapar Uni)",Patiala,147004,62,1.53,31,47,In Stock
22/09/26 18:45,SKU_012,Product_Snacks & Beverages_12,Snacks & Beverages,150,746,130,"BD Mall, Manjit Nagar (Near Thapar Uni)",Patiala,147004,47,1.54,23,32,In Stock
22/09/26 18:45,SKU_013,Product_Dairy_13,Dairy/Fresh,186,1397,168,"BD Mall, Manjit Nagar (Near Thapar Uni)",Patiala,147004,76,0.77,15,0,Out of Stock
22/09/26 18:45,SKU_014,Product_Personal Care_14,Personal Care,33,341,33,"BD Mall, Manjit Nagar (Near Thapar Uni)",Patiala,147004,27,1.1,13,35,In Stock
22/09/26 18:45,SKU_015,Product_Dairy_15,Dairy/Fresh,72,997,64,"BD Mall, Manjit Nagar (Near Thapar Uni)",Patiala,147004,112,0.84,22,0,Out of Stock
22/09/26 18:45,SKU_016,Product_Snacks & Beverages_16,Snacks & Beverages,283,134,268,"BD Mall, Manjit Nagar (Near Thapar Uni)",Patiala,147004,48,1.41,24,28,In Stock
22/09/26 18:45,SKU_017,Product_Personal Care_17,Personal Care,69,1125,59,"BD Mall, Manjit Nagar (Near Thapar Uni)",Patiala,147004,24,1.87,12,0,Out of Stock
22/09/26 18:45,SKU_018,Product_Snacks & Beverages_18,Snacks & Beverages,73,1229,66,"BD Mall, Manjit Nagar (Near Thapar Uni)",Patiala,147004,61,1.94,30,75,In Stock
22/09/26 18:45,SKU_019,Product_Snacks & Beverages_19,Snacks & Beverages,210,501,188,"BD Mall, Manjit Nagar (Near Thapar Uni)",Patiala,147004,26,1.99,13,36,In Stock
22/09/26 18:45,SKU_020,Product_Staples_20,Staples,181,301,158,"BD Mall, Manjit Nagar (Near Thapar Uni)",Patiala,147004,61,1.96,30,0,Out of Stock
22/09/26 18:45,SKU_021,Product_Staples_21,Staples,289,915,269,"BD Mall, Manjit Nagar (Near Thapar Uni)",Patiala,147004,55,1.01,27,53,In Stock
22/09/26 18:45,SKU_022,Product_Dairy_22,Dairy/Fresh,234,1375,216,"BD Mall, Manjit Nagar (Near Thapar Uni)",Patiala,147004,53,0.9,10,0,Out of Stock
22/09/26 18:45,SKU_023,Product_Dairy_23,Dairy/Fresh,232,819,221,"BD Mall, Manjit Nagar (Near Thapar Uni)",Patiala,147004,116,0.6,23,0,Out of Stock
22/09/26 18:45,SKU_024,Product_Staples_24,Staples,72,891,64,"BD Mall, Manjit Nagar (Near Thapar Uni)",Patiala,147004,77,1.35,38,48,In Stock
22/09/26 18:45,SKU_025,Product_Dairy_25,Dairy/Fresh,271,287,240,"BD Mall, Manjit Nagar (Near Thapar Uni)",Patiala,147004,106,0.76,21,38,In Stock
22/09/26 18:45,SKU_026,Product_Snacks & Beverages_26,Snacks & Beverages,60,1280,53,"BD Mall, Manjit Nagar (Near Thapar Uni)",Patiala,147004,21,1.89,10,36,In Stock
22/09/26 18:45,SKU_027,Product_Staples_27,Staples,84,620,74,"BD Mall, Manjit Nagar (Near Thapar Uni)",Patiala,147004,44,1.19,22,25,In Stock
22/09/26 18:45,SKU_028,Product_Staples_28,Staples,155,1186,145,"BD Mall, Manjit Nagar (Near Thapar Uni)",Patiala,147004,28,1.62,14,46,In Stock
22/09/26 18:45,SKU_029,Product_Staples_29,Staples,100,491,91,"BD Mall, Manjit Nagar (Near Thapar Uni)",Patiala,147004,72,1.92,36,49,In Stock
22/09/26 18:45,SKU_030,Product_Staples_30,Staples,280,330,241,"BD Mall, Manjit Nagar (Near Thapar Uni)",Patiala,147004,46,1.46,23,64,In Stock
22/09/26 18:45,SKU_031,Product_Snacks & Beverages_31,Snacks & Beverages,47,234,42,"BD Mall, Manjit Nagar (Near Thapar Uni)",Patiala,147004,20,1.1,10,0,Out of Stock
22/09/26 18:45,SKU_032,Product_Staples_32,Staples,287,1029,255,"BD Mall, Manjit Nagar (Near Thapar Uni)",Patiala,147004,42,1.46,21,0,Out of Stock
22/09/26 18:45,SKU_033,Product_Dairy_33,Dairy/Fresh,81,904,77,"BD Mall, Manjit Nagar (Near Thapar Uni)",Patiala,147004,111,0.92,22,0,Out of Stock
22/09/26 18:45,SKU_034,Product_Staples_34,Staples,233,1060,223,"BD Mall, Manjit Nagar (Near Thapar Uni)",Patiala,147004,61,1.58,30,50,In Stock
22/09/26 18:45,SKU_035,Product_Dairy_35,Dairy/Fresh,150,1128,131,"BD Mall, Manjit Nagar (Near Thapar Uni)",Patiala,147004,106,0.77,21,0,Out of Stock
22/09/26 18:45,SKU_036,Product_Snacks & Beverages_36,Snacks & Beverages,274,497,274,"BD Mall, Manjit Nagar (Near Thapar Uni)",Patiala,147004,44,1.02,22,0,Out of Stock
22/09/26 18:45,SKU_037,Product_Snacks & Beverages_37,Snacks & Beverages,226,1138,201,"BD Mall, Manjit Nagar (Near Thapar Uni)",Patiala,147004,73,1.99,36,39,In Stock
22/09/26 18:45,SKU_038,Product_Dairy_38,Dairy/Fresh,198,963,197,"BD Mall, Manjit Nagar (Near Thapar Uni)",Patiala,147004,119,0.66,23,0,Out of Stock
22/09/26 18:45,SKU_039,Product_Snacks & Beverages_39,Snacks & Beverages,71,1120,65,"BD Mall, Manjit Nagar (Near Thapar Uni)",Patiala,147004,25,1.47,12,22,In Stock
22/09/26 18:45,SKU_040,Product_Snacks & Beverages_40,Snacks & Beverages,241,584,206,"BD Mall, Manjit Nagar (Near Thapar Uni)",Patiala,147004,77,1.95,38,53,In Stock
22/09/26 18:45,SKU_041,Product_Dairy_41,Dairy/Fresh,256,1294,231,"BD Mall, Manjit Nagar (Near Thapar Uni)",Patiala,147004,89,0.58,17,0,Out of Stock
22/09/26 18:45,SKU_042,Product_Dairy_42,Dairy/Fresh,32,1283,30,"BD Mall, Manjit Nagar (Near Thapar Uni)",Patiala,147004,56,0.89,11,16,In Stock
22/09/26 19:49,SKU_001,Product_Dairy_1,Dairy/Fresh,290,1230,273,"BD Mall, Manjit Nagar (Near Thapar Uni)",Patiala,147004,87,0.99,17,56,In Stock
22/09/26 19:49,SKU_002,Product_Staples_2,Staples,40,221,38,"BD Mall, Manjit Nagar (Near Thapar Uni)",Patiala,147004,77,1.26,38,50,In Stock
22/09/26 19:49,SKU_003,Product_Dairy_3,Dairy/Fresh,107,1496,105,"BD Mall, Manjit Nagar (Near Thapar Uni)",Patiala,147004,110,0.85,22,0,Out of Stock
22/09/26 19:49,SKU_004,Product_Snacks & Beverages_4,Snacks & Beverages,171,230,161,"BD Mall, Manjit Nagar (Near Thapar Uni)",Patiala,147004,37,1.27,18,21,In Stock
22/09/26 19:49,SKU_005,Product_Dairy_5,Dairy/Fresh,277,443,248,"BD Mall, Manjit Nagar (Near Thapar Uni)",Patiala,147004,52,0.52,10,46,In Stock
22/09/26 19:49,SKU_006,Product_Staples_6,Staples,211,1055,183,"BD Mall, Manjit Nagar (Near Thapar Uni)",Patiala,147004,21,1.52,10,19,In Stock
22/09/26 19:49,SKU_007,Product_Dairy_7,Dairy/Fresh,41,352,38,"BD Mall, Manjit Nagar (Near Thapar Uni)",Patiala,147004,135,0.97,27,127,In Stock
22/09/26 19:49,SKU_008,Product_Snacks & Beverages_8,Snacks & Beverages,68,574,60,"BD Mall, Manjit Nagar (Near Thapar Uni)",Patiala,147004,41,1.76,20,52,In Stock
22/09/26 19:49,SKU_009,Product_Snacks & Beverages_9,Snacks & Beverages,189,799,172,"BD Mall, Manjit Nagar (Near Thapar Uni)",Patiala,147004,56,1.64,28,69,In Stock
22/09/26 19:49,SKU_010,Product_Dairy_10,Dairy/Fresh,209,1057,205,"BD Mall, Manjit Nagar (Near Thapar Uni)",Patiala,147004,141,0.75,28,56,In Stock
22/09/26 19:49,SKU_011,Product_Staples_11,Staples,70,1367,63,"BD Mall, Manjit Nagar (Near Thapar Uni)",Patiala,147004,58,1.78,29,65,In Stock
22/09/26 19:49,SKU_012,Product_Snacks & Beverages_12,Snacks & Beverages,150,746,130,"BD Mall, Manjit Nagar (Near Thapar Uni)",Patiala,147004,43,1.18,21,39,In Stock
22/09/26 19:49,SKU_013,Product_Dairy_13,Dairy/Fresh,186,1397,168,"BD Mall, Manjit Nagar (Near Thapar Uni)",Patiala,147004,85,0.84,17,0,Out of Stock
22/09/26 19:49,SKU_014,Product_Personal Care_14,Personal Care,33,341,33,"BD Mall, Manjit Nagar (Near Thapar Uni)",Patiala,147004,39,1.64,19,0,Out of Stock
22/09/26 19:49,SKU_015,Product_Dairy_15,Dairy/Fresh,72,997,64,"BD Mall, Manjit Nagar (Near Thapar Uni)",Patiala,147004,118,0.83,23,0,Out of Stock
22/09/26 19:49,SKU_016,Product_Snacks & Beverages_16,Snacks & Beverages,283,134,268,"BD Mall, Manjit Nagar (Near Thapar Uni)",Patiala,147004,20,1.83,10,0,Out of Stock
22/09/26 19:49,SKU_017,Product_Personal Care_17,Personal Care,69,1125,59,"BD Mall, Manjit Nagar (Near Thapar Uni)",Patiala,147004,36,1.57,18,0,Out of Stock
22/09/26 19:49,SKU_018,Product_Snacks & Beverages_18,Snacks & Beverages,73,1229,66,"BD Mall, Manjit Nagar (Near Thapar Uni)",Patiala,147004,78,1.47,39,0,Out of Stock
22/09/26 19:49,SKU_019,Product_Snacks & Beverages_19,Snacks & Beverages,210,501,188,"BD Mall, Manjit Nagar (Near Thapar Uni)",Patiala,147004,20,1.64,10,26,In Stock
22/09/26 19:49,SKU_020,Product_Staples_20,Staples,181,301,158,"BD Mall, Manjit Nagar (Near Thapar Uni)",Patiala,147004,72,1.3,36,81,In Stock
22/09/26 19:49,SKU_021,Product_Staples_21,Staples,289,915,269,"BD Mall, Manjit Nagar (Near Thapar Uni)",Patiala,147004,71,1.18,35,46,In Stock
22/09/26 19:49,SKU_022,Product_Dairy_22,Dairy/Fresh,234,1375,216,"BD Mall, Manjit Nagar (Near Thapar Uni)",Patiala,147004,74,0.73,14,58,In Stock
22/09/26 19:49,SKU_023,Product_Dairy_23,Dairy/Fresh,232,819,221,"BD Mall, Manjit Nagar (Near Thapar Uni)",Patiala,147004,76,0.69,15,0,Out of Stock
22/09/26 19:49,SKU_024,Product_Staples_24,Staples,72,891,64,"BD Mall, Manjit Nagar (Near Thapar Uni)",Patiala,147004,60,1.08,30,43,In Stock
22/09/26 19:49,SKU_025,Product_Dairy_25,Dairy/Fresh,271,287,240,"BD Mall, Manjit Nagar (Near Thapar Uni)",Patiala,147004,127,0.99,25,125,In Stock
22/09/26 19:49,SKU_026,Product_Snacks & Beverages_26,Snacks & Beverages,60,1280,53,"BD Mall, Manjit Nagar (Near Thapar Uni)",Patiala,147004,22,1.61,11,0,Out of Stock
22/09/26 19:49,SKU_027,Product_Staples_27,Staples,84,620,74,"BD Mall, Manjit Nagar (Near Thapar Uni)",Patiala,147004,65,1.36,32,0,Out of Stock
22/09/26 19:49,SKU_028,Product_Staples_28,Staples,155,1186,145,"BD Mall, Manjit Nagar (Near Thapar Uni)",Patiala,147004,74,1.75,37,0,Out of Stock
22/09/26 19:49,SKU_029,Product_Staples_29,Staples,100,491,91,"BD Mall, Manjit Nagar (Near Thapar Uni)",Patiala,147004,30,1.38,15,0,Out of Stock
22/09/26 19:49,SKU_030,Product_Staples_30,Staples,280,330,241,"BD Mall, Manjit Nagar (Near Thapar Uni)",Patiala,147004,43,1.49,21,0,Out of Stock
22/09/26 19:49,SKU_031,Product_Snacks & Beverages_31,Snacks & Beverages,47,234,42,"BD Mall, Manjit Nagar (Near Thapar Uni)",Patiala,147004,41,1.41,20,0,Out of Stock
22/09/26 19:49,SKU_032,Product_Staples_32,Staples,287,1029,255,"BD Mall, Manjit Nagar (Near Thapar Uni)",Patiala,147004,63,1.65,31,0,Out of Stock
22/09/26 19:49,SKU_033,Product_Dairy_33,Dairy/Fresh,81,904,77,"BD Mall, Manjit Nagar (Near Thapar Uni)",Patiala,147004,103,0.7,20,0,Out of Stock
22/09/26 19:49,SKU_034,Product_Staples_34,Staples,233,1060,223,"BD Mall, Manjit Nagar (Near Thapar Uni)",Patiala,147004,45,1.96,22,22,In Stock
22/09/26 19:49,SKU_035,Product_Dairy_35,Dairy/Fresh,150,1128,131,"BD Mall, Manjit Nagar (Near Thapar Uni)",Patiala,147004,121,0.96,24,0,Out of Stock
22/09/26 19:49,SKU_036,Product_Snacks & Beverages_36,Snacks & Beverages,274,497,274,"BD Mall, Manjit Nagar (Near Thapar Uni)",Patiala,147004,20,1.85,10,0,Out of Stock
22/09/26 19:49,SKU_037,Product_Snacks & Beverages_37,Snacks & Beverages,226,1138,201,"BD Mall, Manjit Nagar (Near Thapar Uni)",Patiala,147004,43,1.92,21,37,In Stock
22/09/26 19:49,SKU_038,Product_Dairy_38,Dairy/Fresh,198,963,197,"BD Mall, Manjit Nagar (Near Thapar Uni)",Patiala,147004,80,0.55,16,18,In Stock
22/09/26 19:49,SKU_039,Product_Snacks & Beverages_39,Snacks & Beverages,71,1120,65,"BD Mall, Manjit Nagar (Near Thapar Uni)",Patiala,147004,54,1.54,27,68,In Stock
22/09/26 19:49,SKU_040,Product_Snacks & Beverages_40,Snacks & Beverages,241,584,206,"BD Mall, Manjit Nagar (Near Thapar Uni)",Patiala,147004,43,1.74,21,27,In Stock
22/09/26 19:49,SKU_041,Product_Dairy_41,Dairy/Fresh,256,1294,231,"BD Mall, Manjit Nagar (Near Thapar Uni)",Patiala,147004,81,0.81,16,0,Out of Stock
22/09/26 19:49,SKU_042,Product_Dairy_42,Dairy/Fresh,32,1283,30,"BD Mall, Manjit Nagar (Near Thapar Uni)",Patiala,147004,108,0.57,21,0,Out of Stock
22/09/26 20:46,SKU_001,Product_Dairy_1,Dairy/Fresh,290,1230,273,"BD Mall, Manjit Nagar (Near Thapar Uni)",Patiala,147004,83,0.76,16,0,Out of Stock
22/09/26 20:46,SKU_002,Product_Staples_2,Staples,40,221,38,"BD Mall, Manjit Nagar (Near Thapar Uni)",Patiala,147004,59,2,29,59,In Stock
22/09/26 20:46,SKU_003,Product_Dairy_3,Dairy/Fresh,107,1496,105,"BD Mall, Manjit Nagar (Near Thapar Uni)",Patiala,147004,130,0.66,26,40,In Stock
22/09/26 20:46,SKU_004,Product_Snacks & Beverages_4,Snacks & Beverages,171,230,161,"BD Mall, Manjit Nagar (Near Thapar Uni)",Patiala,147004,78,1.83,39,93,In Stock
22/09/26 20:46,SKU_005,Product_Dairy_5,Dairy/Fresh,277,443,248,"BD Mall, Manjit Nagar (Near Thapar Uni)",Patiala,147004,145,0.74,29,0,Out of Stock
22/09/26 20:46,SKU_006,Product_Staples_6,Staples,211,1055,183,"BD Mall, Manjit Nagar (Near Thapar Uni)",Patiala,147004,70,1.69,35,40,In Stock
22/09/26 20:46,SKU_007,Product_Dairy_7,Dairy/Fresh,41,352,38,"BD Mall, Manjit Nagar (Near Thapar Uni)",Patiala,147004,135,0.94,27,0,Out of Stock
22/09/26 20:46,SKU_008,Product_Snacks & Beverages_8,Snacks & Beverages,68,574,60,"BD Mall, Manjit Nagar (Near Thapar Uni)",Patiala,147004,34,1.79,17,20,In Stock
22/09/26 20:46,SKU_009,Product_Snacks & Beverages_9,Snacks & Beverages,189,799,172,"BD Mall, Manjit Nagar (Near Thapar Uni)",Patiala,147004,35,1.9,17,46,In Stock
22/09/26 20:46,SKU_010,Product_Dairy_10,Dairy/Fresh,209,1057,205,"BD Mall, Manjit Nagar (Near Thapar Uni)",Patiala,147004,97,0.92,19,35,In Stock
22/09/26 20:46,SKU_011,Product_Staples_11,Staples,70,1367,63,"BD Mall, Manjit Nagar (Near Thapar Uni)",Patiala,147004,76,1.63,38,0,Out of Stock
22/09/26 20:46,SKU_012,Product_Snacks & Beverages_12,Snacks & Beverages,150,746,130,"BD Mall, Manjit Nagar (Near Thapar Uni)",Patiala,147004,53,1.39,26,31,In Stock
22/09/26 20:46,SKU_013,Product_Dairy_13,Dairy/Fresh,186,1397,168,"BD Mall, Manjit Nagar (Near Thapar Uni)",Patiala,147004,70,0.56,14,49,In Stock
22/09/26 20:46,SKU_014,Product_Personal Care_14,Personal Care,33,341,33,"BD Mall, Manjit Nagar (Near Thapar Uni)",Patiala,147004,20,1.48,10,0,Out of Stock
22/09/26 20:46,SKU_015,Product_Dairy_15,Dairy/Fresh,72,997,64,"BD Mall, Manjit Nagar (Near Thapar Uni)",Patiala,147004,112,0.63,22,124,In Stock
22/09/26 20:46,SKU_016,Product_Snacks & Beverages_16,Snacks & Beverages,283,134,268,"BD Mall, Manjit Nagar (Near Thapar Uni)",Patiala,147004,45,1.38,22,60,In Stock
22/09/26 20:46,SKU_017,Product_Personal Care_17,Personal Care,69,1125,59,"BD Mall, Manjit Nagar (Near Thapar Uni)",Patiala,147004,70,1.65,35,50,In Stock
22/09/26 20:46,SKU_018,Product_Snacks & Beverages_18,Snacks & Beverages,73,1229,66,"BD Mall, Manjit Nagar (Near Thapar Uni)",Patiala,147004,23,1.08,11,0,Out of Stock
22/09/26 20:46,SKU_019,Product_Snacks & Beverages_19,Snacks & Beverages,210,501,188,"BD Mall, Manjit Nagar (Near Thapar Uni)",Patiala,147004,62,1.6,31,38,In Stock
22/09/26 20:46,SKU_020,Product_Staples_20,Staples,181,301,158,"BD Mall, Manjit Nagar (Near Thapar Uni)",Patiala,147004,24,1.93,12,0,Out of Stock
22/09/26 20:46,SKU_021,Product_Staples_21,Staples,289,915,269,"BD Mall, Manjit Nagar (Near Thapar Uni)",Patiala,147004,54,1.85,27,53,In Stock
22/09/26 20:46,SKU_022,Product_Dairy_22,Dairy/Fresh,234,1375,216,"BD Mall, Manjit Nagar (Near Thapar Uni)",Patiala,147004,64,0.64,12,76,In Stock
22/09/26 20:46,SKU_023,Product_Dairy_23,Dairy/Fresh,232,819,221,"BD Mall, Manjit Nagar (Near Thapar Uni)",Patiala,147004,145,0.98,29,87,In Stock
22/09/26 20:46,SKU_024,Product_Staples_24,Staples,72,891,64,"BD Mall, Manjit Nagar (Near Thapar Uni)",Patiala,147004,30,1.7,15,0,Out of Stock
22/09/26 20:46,SKU_025,Product_Dairy_25,Dairy/Fresh,271,287,240,"BD Mall, Manjit Nagar (Near Thapar Uni)",Patiala,147004,119,0.85,23,29,In Stock
22/09/26 20:46,SKU_026,Product_Snacks & Beverages_26,Snacks & Beverages,60,1280,53,"BD Mall, Manjit Nagar (Near Thapar Uni)",Patiala,147004,53,1.01,26,0,Out of Stock
22/09/26 20:46,SKU_027,Product_Staples_27,Staples,84,620,74,"BD Mall, Manjit Nagar (Near Thapar Uni)",Patiala,147004,58,1.17,29,40,In Stock
22/09/26 20:46,SKU_028,Product_Staples_28,Staples,155,1186,145,"BD Mall, Manjit Nagar (Near Thapar Uni)",Patiala,147004,60,1.84,30,46,In Stock
22/09/26 20:46,SKU_029,Product_Staples_29,Staples,100,491,91,"BD Mall, Manjit Nagar (Near Thapar Uni)",Patiala,147004,61,1.02,30,74,In Stock
22/09/26 20:46,SKU_030,Product_Staples_30,Staples,280,330,241,"BD Mall, Manjit Nagar (Near Thapar Uni)",Patiala,147004,69,1.23,34,0,Out of Stock
22/09/26 20:46,SKU_031,Product_Snacks & Beverages_31,Snacks & Beverages,47,234,42,"BD Mall, Manjit Nagar (Near Thapar Uni)",Patiala,147004,42,1.76,21,35,In Stock
22/09/26 20:46,SKU_032,Product_Staples_32,Staples,287,1029,255,"BD Mall, Manjit Nagar (Near Thapar Uni)",Patiala,147004,26,1.59,13,0,Out of Stock
22/09/26 20:46,SKU_033,Product_Dairy_33,Dairy/Fresh,81,904,77,"BD Mall, Manjit Nagar (Near Thapar Uni)",Patiala,147004,142,0.98,28,142,In Stock
22/09/26 20:46,SKU_034,Product_Staples_34,Staples,233,1060,223,"BD Mall, Manjit Nagar (Near Thapar Uni)",Patiala,147004,58,1.75,29,0,Out of Stock
22/09/26 20:46,SKU_035,Product_Dairy_35,Dairy/Fresh,150,1128,131,"BD Mall, Manjit Nagar (Near Thapar Uni)",Patiala,147004,62,0.6,12,72,In Stock
22/09/26 20:46,SKU_036,Product_Snacks & Beverages_36,Snacks & Beverages,274,497,274,"BD Mall, Manjit Nagar (Near Thapar Uni)",Patiala,147004,31,1.89,15,19,In Stock
22/09/26 20:46,SKU_037,Product_Snacks & Beverages_37,Snacks & Beverages,226,1138,201,"BD Mall, Manjit Nagar (Near Thapar Uni)",Patiala,147004,26,1.23,13,0,Out of Stock
22/09/26 20:46,SKU_038,Product_Dairy_38,Dairy/Fresh,198,963,197,"BD Mall, Manjit Nagar (Near Thapar Uni)",Patiala,147004,133,0.62,26,0,Out of Stock
22/09/26 20:46,SKU_039,Product_Snacks & Beverages_39,Snacks & Beverages,71,1120,65,"BD Mall, Manjit Nagar (Near Thapar Uni)",Patiala,147004,45,1.64,22,0,Out of Stock
22/09/26 20:46,SKU_040,Product_Snacks & Beverages_40,Snacks & Beverages,241,584,206,"BD Mall, Manjit Nagar (Near Thapar Uni)",Patiala,147004,52,1.17,26,38,In Stock
22/09/26 20:46,SKU_041,Product_Dairy_41,Dairy/Fresh,256,1294,231,"BD Mall, Manjit Nagar (Near Thapar Uni)",Patiala,147004,130,0.86,26,132,In Stock
22/09/26 20:46,SKU_042,Product_Dairy_42,Dairy/Fresh,32,1283,30,"BD Mall, Manjit Nagar (Near Thapar Uni)",Patiala,147004,112,0.79,22,88,In Stock
22/09/26 21:22,SKU_001,Product_Dairy_1,Dairy/Fresh,290,1230,273,"BD Mall, Manjit Nagar (Near Thapar Uni)",Patiala,147004,98,0.54,19,67,In Stock
22/09/26 21:22,SKU_002,Product_Staples_2,Staples,40,221,38,"BD Mall, Manjit Nagar (Near Thapar Uni)",Patiala,147004,21,1.94,10,0,Out of Stock
22/09/26 21:22,SKU_003,Product_Dairy_3,Dairy/Fresh,107,1496,105,"BD Mall, Manjit Nagar (Near Thapar Uni)",Patiala,147004,96,0.58,19,43,In Stock
22/09/26 21:22,SKU_004,Product_Snacks & Beverages_4,Snacks & Beverages,171,230,161,"BD Mall, Manjit Nagar (Near Thapar Uni)",Patiala,147004,26,1.7,13,0,Out of Stock
22/09/26 21:22,SKU_005,Product_Dairy_5,Dairy/Fresh,277,443,248,"BD Mall, Manjit Nagar (Near Thapar Uni)",Patiala,147004,113,0.63,22,0,Out of Stock
22/09/26 21:22,SKU_006,Product_Staples_6,Staples,211,1055,183,"BD Mall, Manjit Nagar (Near Thapar Uni)",Patiala,147004,23,1.83,11,23,In Stock
22/09/26 21:22,SKU_007,Product_Dairy_7,Dairy/Fresh,41,352,38,"BD Mall, Manjit Nagar (Near Thapar Uni)",Patiala,147004,130,0.68,26,77,In Stock
22/09/26 21:22,SKU_008,Product_Snacks & Beverages_8,Snacks & Beverages,68,574,60,"BD Mall, Manjit Nagar (Near Thapar Uni)",Patiala,147004,69,1.27,34,77,In Stock
22/09/26 21:22,SKU_009,Product_Snacks & Beverages_9,Snacks & Beverages,189,799,172,"BD Mall, Manjit Nagar (Near Thapar Uni)",Patiala,147004,72,1.47,36,71,In Stock
22/09/26 21:22,SKU_010,Product_Dairy_10,Dairy/Fresh,209,1057,205,"BD Mall, Manjit Nagar (Near Thapar Uni)",Patiala,147004,64,0.78,12,83,In Stock
22/09/26 21:22,SKU_011,Product_Staples_11,Staples,70,1367,63,"BD Mall, Manjit Nagar (Near Thapar Uni)",Patiala,147004,51,1.71,25,68,In Stock
22/09/26 21:22,SKU_012,Product_Snacks & Beverages_12,Snacks & Beverages,150,746,130,"BD Mall, Manjit Nagar (Near Thapar Uni)",Patiala,147004,47,1.39,23,0,Out of Stock
22/09/26 21:22,SKU_013,Product_Dairy_13,Dairy/Fresh,186,1397,168,"BD Mall, Manjit Nagar (Near Thapar Uni)",Patiala,147004,145,0.95,29,75,In Stock
22/09/26 21:22,SKU_014,Product_Personal Care_14,Personal Care,33,341,33,"BD Mall, Manjit Nagar (Near Thapar Uni)",Patiala,147004,20,1,10,37,In Stock
22/09/26 21:22,SKU_015,Product_Dairy_15,Dairy/Fresh,72,997,64,"BD Mall, Manjit Nagar (Near Thapar Uni)",Patiala,147004,67,0.74,13,32,In Stock
22/09/26 21:22,SKU_016,Product_Snacks & Beverages_16,Snacks & Beverages,283,134,268,"BD Mall, Manjit Nagar (Near Thapar Uni)",Patiala,147004,75,1.83,37,54,In Stock
22/09/26 21:22,SKU_017,Product_Personal Care_17,Personal Care,69,1125,59,"BD Mall, Manjit Nagar (Near Thapar Uni)",Patiala,147004,54,1.4,27,38,In Stock
22/09/26 21:22,SKU_018,Product_Snacks & Beverages_18,Snacks & Beverages,73,1229,66,"BD Mall, Manjit Nagar (Near Thapar Uni)",Patiala,147004,67,1.56,33,80,In Stock
22/09/26 21:22,SKU_019,Product_Snacks & Beverages_19,Snacks & Beverages,210,501,188,"BD Mall, Manjit Nagar (Near Thapar Uni)",Patiala,147004,49,1.23,24,0,Out of Stock
22/09/26 21:22,SKU_020,Product_Staples_20,Staples,181,301,158,"BD Mall, Manjit Nagar (Near Thapar Uni)",Patiala,147004,73,1.62,36,87,In Stock
22/09/26 21:22,SKU_021,Product_Staples_21,Staples,289,915,269,"BD Mall, Manjit Nagar (Near Thapar Uni)",Patiala,147004,55,1.01,27,0,Out of Stock
22/09/26 21:22,SKU_022,Product_Dairy_22,Dairy/Fresh,234,1375,216,"BD Mall, Manjit Nagar (Near Thapar Uni)",Patiala,147004,63,0.91,12,0,Out of Stock
22/09/26 21:22,SKU_023,Product_Dairy_23,Dairy/Fresh,232,819,221,"BD Mall, Manjit Nagar (Near Thapar Uni)",Patiala,147004,83,0.72,16,28,In Stock
22/09/26 21:22,SKU_024,Product_Staples_24,Staples,72,891,64,"BD Mall, Manjit Nagar (Near Thapar Uni)",Patiala,147004,44,1.92,22,0,Out of Stock
22/09/26 21:22,SKU_025,Product_Dairy_25,Dairy/Fresh,271,287,240,"BD Mall, Manjit Nagar (Near Thapar Uni)",Patiala,147004,53,0.89,10,21,In Stock
22/09/26 21:22,SKU_026,Product_Snacks & Beverages_26,Snacks & Beverages,60,1280,53,"BD Mall, Manjit Nagar (Near Thapar Uni)",Patiala,147004,77,1.77,38,76,In Stock
22/09/26 21:22,SKU_027,Product_Staples_27,Staples,84,620,74,"BD Mall, Manjit Nagar (Near Thapar Uni)",Patiala,147004,38,1.6,19,54,In Stock
22/09/26 21:22,SKU_028,Product_Staples_28,Staples,155,1186,145,"BD Mall, Manjit Nagar (Near Thapar Uni)",Patiala,147004,20,1.93,10,37,In Stock
22/09/26 21:22,SKU_029,Product_Staples_29,Staples,100,491,91,"BD Mall, Manjit Nagar (Near Thapar Uni)",Patiala,147004,24,1.4,12,0,Out of Stock
22/09/26 21:22,SKU_030,Product_Staples_30,Staples,280,330,241,"BD Mall, Manjit Nagar (Near Thapar Uni)",Patiala,147004,70,1.32,35,73,In Stock
22/09/26 21:22,SKU_031,Product_Snacks & Beverages_31,Snacks & Beverages,47,234,42,"BD Mall, Manjit Nagar (Near Thapar Uni)",Patiala,147004,41,1.89,20,32,In Stock
22/09/26 21:22,SKU_032,Product_Staples_32,Staples,287,1029,255,"BD Mall, Manjit Nagar (Near Thapar Uni)",Patiala,147004,43,1.05,21,0,Out of Stock
22/09/26 21:22,SKU_033,Product_Dairy_33,Dairy/Fresh,81,904,77,"BD Mall, Manjit Nagar (Near Thapar Uni)",Patiala,147004,89,0.5,17,0,Out of Stock
22/09/26 21:22,SKU_034,Product_Staples_34,Staples,233,1060,223,"BD Mall, Manjit Nagar (Near Thapar Uni)",Patiala,147004,64,1.08,32,0,Out of Stock
22/09/26 21:22,SKU_035,Product_Dairy_35,Dairy/Fresh,150,1128,131,"BD Mall, Manjit Nagar (Near Thapar Uni)",Patiala,147004,114,0.91,22,52,In Stock
22/09/26 21:22,SKU_036,Product_Snacks & Beverages_36,Snacks & Beverages,274,497,274,"BD Mall, Manjit Nagar (Near Thapar Uni)",Patiala,147004,56,1.01,28,29,In Stock
22/09/26 21:22,SKU_037,Product_Snacks & Beverages_37,Snacks & Beverages,226,1138,201,"BD Mall, Manjit Nagar (Near Thapar Uni)",Patiala,147004,72,1.86,36,0,Out of Stock
22/09/26 21:22,SKU_038,Product_Dairy_38,Dairy/Fresh,198,963,197,"BD Mall, Manjit Nagar (Near Thapar Uni)",Patiala,147004,129,0.8,25,106,In Stock
22/09/26 21:22,SKU_039,Product_Snacks & Beverages_39,Snacks & Beverages,71,1120,65,"BD Mall, Manjit Nagar (Near Thapar Uni)",Patiala,147004,55,1,27,0,Out of Stock
22/09/26 21:22,SKU_040,Product_Snacks & Beverages_40,Snacks & Beverages,241,584,206,"BD Mall, Manjit Nagar (Near Thapar Uni)",Patiala,147004,23,1.4,11,31,In Stock
22/09/26 21:22,SKU_041,Product_Dairy_41,Dairy/Fresh,256,1294,231,"BD Mall, Manjit Nagar (Near Thapar Uni)",Patiala,147004,113,0.75,22,63,In Stock
22/09/26 21:22,SKU_042,Product_Dairy_42,Dairy/Fresh,32,1283,30,"BD Mall, Manjit Nagar (Near Thapar Uni)",Patiala,147004,111,0.73,22,0,Out of Stock
22/09/26 22:26,SKU_001,Product_Dairy_1,Dairy/Fresh,290,1230,273,"BD Mall, Manjit Nagar (Near Thapar Uni)",Patiala,147004,148,1,29,89,In Stock
22/09/26 22:26,SKU_002,Product_Staples_2,Staples,40,221,38,"BD Mall, Manjit Nagar (Near Thapar Uni)",Patiala,147004,37,1.49,18,55,In Stock
22/09/26 22:26,SKU_003,Product_Dairy_3,Dairy/Fresh,107,1496,105,"BD Mall, Manjit Nagar (Near Thapar Uni)",Patiala,147004,125,0.59,25,80,In Stock
22/09/26 22:26,SKU_004,Product_Snacks & Beverages_4,Snacks & Beverages,171,230,161,"BD Mall, Manjit Nagar (Near Thapar Uni)",Patiala,147004,35,1.66,17,38,In Stock
22/09/26 22:26,SKU_005,Product_Dairy_5,Dairy/Fresh,277,443,248,"BD Mall, Manjit Nagar (Near Thapar Uni)",Patiala,147004,92,0.91,18,100,In Stock
22/09/26 22:26,SKU_006,Product_Staples_6,Staples,211,1055,183,"BD Mall, Manjit Nagar (Near Thapar Uni)",Patiala,147004,37,1.72,18,0,Out of Stock
22/09/26 22:26,SKU_007,Product_Dairy_7,Dairy/Fresh,41,352,38,"BD Mall, Manjit Nagar (Near Thapar Uni)",Patiala,147004,138,0.89,27,40,In Stock
22/09/26 22:26,SKU_008,Product_Snacks & Beverages_8,Snacks & Beverages,68,574,60,"BD Mall, Manjit Nagar (Near Thapar Uni)",Patiala,147004,21,1.2,10,27,In Stock
22/09/26 22:26,SKU_009,Product_Snacks & Beverages_9,Snacks & Beverages,189,799,172,"BD Mall, Manjit Nagar (Near Thapar Uni)",Patiala,147004,40,1.89,20,48,In Stock
22/09/26 22:26,SKU_010,Product_Dairy_10,Dairy/Fresh,209,1057,205,"BD Mall, Manjit Nagar (Near Thapar Uni)",Patiala,147004,117,0.93,23,103,In Stock
22/09/26 22:26,SKU_011,Product_Staples_11,Staples,70,1367,63,"BD Mall, Manjit Nagar (Near Thapar Uni)",Patiala,147004,63,1.01,31,80,In Stock
22/09/26 22:26,SKU_012,Product_Snacks & Beverages_12,Snacks & Beverages,150,746,130,"BD Mall, Manjit Nagar (Near Thapar Uni)",Patiala,147004,58,1.84,29,65,In Stock
22/09/26 22:26,SKU_013,Product_Dairy_13,Dairy/Fresh,186,1397,168,"BD Mall, Manjit Nagar (Near Thapar Uni)",Patiala,147004,51,0.57,10,18,In Stock
22/09/26 22:26,SKU_014,Product_Personal Care_14,Personal Care,33,341,33,"BD Mall, Manjit Nagar (Near Thapar Uni)",Patiala,147004,58,1.66,29,29,In Stock
22/09/26 22:26,SKU_015,Product_Dairy_15,Dairy/Fresh,72,997,64,"BD Mall, Manjit Nagar (Near Thapar Uni)",Patiala,147004,106,0.93,21,88,In Stock
22/09/26 22:26,SKU_016,Product_Snacks & Beverages_16,Snacks & Beverages,283,134,268,"BD Mall, Manjit Nagar (Near Thapar Uni)",Patiala,147004,73,1.25,36,42,In Stock
22/09/26 22:26,SKU_017,Product_Personal Care_17,Personal Care,69,1125,59,"BD Mall, Manjit Nagar (Near Thapar Uni)",Patiala,147004,45,1.47,22,32,In Stock
22/09/26 22:26,SKU_018,Product_Snacks & Beverages_18,Snacks & Beverages,73,1229,66,"BD Mall, Manjit Nagar (Near Thapar Uni)",Patiala,147004,40,1.9,20,33,In Stock
22/09/26 22:26,SKU_019,Product_Snacks & Beverages_19,Snacks & Beverages,210,501,188,"BD Mall, Manjit Nagar (Near Thapar Uni)",Patiala,147004,36,1.15,18,36,In Stock
22/09/26 22:26,SKU_020,Product_Staples_20,Staples,181,301,158,"BD Mall, Manjit Nagar (Near Thapar Uni)",Patiala,147004,35,1.83,17,19,In Stock
22/09/26 22:26,SKU_021,Product_Staples_21,Staples,289,915,269,"BD Mall, Manjit Nagar (Near Thapar Uni)",Patiala,147004,79,1.29,39,46,In Stock
22/09/26 22:26,SKU_022,Product_Dairy_22,Dairy/Fresh,234,1375,216,"BD Mall, Manjit Nagar (Near Thapar Uni)",Patiala,147004,132,0.87,26,118,In Stock
22/09/26 22:26,SKU_023,Product_Dairy_23,Dairy/Fresh,232,819,221,"BD Mall, Manjit Nagar (Near Thapar Uni)",Patiala,147004,100,0.75,20,62,In Stock
22/09/26 22:26,SKU_024,Product_Staples_24,Staples,72,891,64,"BD Mall, Manjit Nagar (Near Thapar Uni)",Patiala,147004,28,1.43,14,22,In Stock
22/09/26 22:26,SKU_025,Product_Dairy_25,Dairy/Fresh,271,287,240,"BD Mall, Manjit Nagar (Near Thapar Uni)",Patiala,147004,129,0.75,25,43,In Stock
22/09/26 22:26,SKU_026,Product_Snacks & Beverages_26,Snacks & Beverages,60,1280,53,"BD Mall, Manjit Nagar (Near Thapar Uni)",Patiala,147004,33,1.8,16,27,In Stock
22/09/26 22:26,SKU_027,Product_Staples_27,Staples,84,620,74,"BD Mall, Manjit Nagar (Near Thapar Uni)",Patiala,147004,68,1.53,34,60,In Stock
22/09/26 22:26,SKU_028,Product_Staples_28,Staples,155,1186,145,"BD Mall, Manjit Nagar (Near Thapar Uni)",Patiala,147004,56,1.68,28,64,In Stock
22/09/26 22:26,SKU_029,Product_Staples_29,Staples,100,491,91,"BD Mall, Manjit Nagar (Near Thapar Uni)",Patiala,147004,21,1.62,10,25,In Stock
22/09/26 22:26,SKU_030,Product_Staples_30,Staples,280,330,241,"BD Mall, Manjit Nagar (Near Thapar Uni)",Patiala,147004,71,1.15,35,59,In Stock
22/09/26 22:26,SKU_031,Product_Snacks & Beverages_31,Snacks & Beverages,47,234,42,"BD Mall, Manjit Nagar (Near Thapar Uni)",Patiala,147004,67,1.84,33,77,In Stock
22/09/26 22:26,SKU_032,Product_Staples_32,Staples,287,1029,255,"BD Mall, Manjit Nagar (Near Thapar Uni)",Patiala,147004,65,1.2,32,69,In Stock
22/09/26 22:26,SKU_033,Product_Dairy_33,Dairy/Fresh,81,904,77,"BD Mall, Manjit Nagar (Near Thapar Uni)",Patiala,147004,61,0.63,12,59,In Stock
22/09/26 22:26,SKU_034,Product_Staples_34,Staples,233,1060,223,"BD Mall, Manjit Nagar (Near Thapar Uni)",Patiala,147004,78,1.25,39,88,In Stock
22/09/26 22:26,SKU_035,Product_Dairy_35,Dairy/Fresh,150,1128,131,"BD Mall, Manjit Nagar (Near Thapar Uni)",Patiala,147004,55,0.81,11,27,In Stock
22/09/26 22:26,SKU_036,Product_Snacks & Beverages_36,Snacks & Beverages,274,497,274,"BD Mall, Manjit Nagar (Near Thapar Uni)",Patiala,147004,54,1.28,27,70,In Stock
22/09/26 22:26,SKU_037,Product_Snacks & Beverages_37,Snacks & Beverages,226,1138,201,"BD Mall, Manjit Nagar (Near Thapar Uni)",Patiala,147004,77,1.32,38,96,In Stock
22/09/26 22:26,SKU_038,Product_Dairy_38,Dairy/Fresh,198,963,197,"BD Mall, Manjit Nagar (Near Thapar Uni)",Patiala,147004,106,0.89,21,53,In Stock
22/09/26 22:26,SKU_039,Product_Snacks & Beverages_39,Snacks & Beverages,71,1120,65,"BD Mall, Manjit Nagar (Near Thapar Uni)",Patiala,147004,77,1.75,38,76,In Stock
22/09/26 22:26,SKU_040,Product_Snacks & Beverages_40,Snacks & Beverages,241,584,206,"BD Mall, Manjit Nagar (Near Thapar Uni)",Patiala,147004,66,1.56,33,46,In Stock
22/09/26 22:26,SKU_041,Product_Dairy_41,Dairy/Fresh,256,1294,231,"BD Mall, Manjit Nagar (Near Thapar Uni)",Patiala,147004,118,0.97,23,50,In Stock
22/09/26 22:26,SKU_042,Product_Dairy_42,Dairy/Fresh,32,1283,30,"BD Mall, Manjit Nagar (Near Thapar Uni)",Patiala,147004,108,0.91,21,38,In Stock
23/09/26 06:01,SKU_001,Product_Dairy_1,Dairy/Fresh,290,1230,273,"BD Mall, Manjit Nagar (Near Thapar Uni)",Patiala,147004,82,0.85,16,70,In Stock
23/09/26 06:01,SKU_002,Product_Staples_2,Staples,40,221,38,"BD Mall, Manjit Nagar (Near Thapar Uni)",Patiala,147004,70,1.75,35,67,In Stock
23/09/26 06:01,SKU_003,Product_Dairy_3,Dairy/Fresh,107,1496,105,"BD Mall, Manjit Nagar (Near Thapar Uni)",Patiala,147004,99,0.71,19,33,In Stock
23/09/26 06:01,SKU_004,Product_Snacks & Beverages_4,Snacks & Beverages,171,230,161,"BD Mall, Manjit Nagar (Near Thapar Uni)",Patiala,147004,38,1.4,19,29,In Stock
23/09/26 06:01,SKU_005,Product_Dairy_5,Dairy/Fresh,277,443,248,"BD Mall, Manjit Nagar (Near Thapar Uni)",Patiala,147004,135,0.59,27,62,In Stock
23/09/26 06:01,SKU_006,Product_Staples_6,Staples,211,1055,183,"BD Mall, Manjit Nagar (Near Thapar Uni)",Patiala,147004,56,1.36,28,42,In Stock
23/09/26 06:01,SKU_007,Product_Dairy_7,Dairy/Fresh,41,352,38,"BD Mall, Manjit Nagar (Near Thapar Uni)",Patiala,147004,115,0.8,23,0,Out of Stock
23/09/26 06:01,SKU_008,Product_Snacks & Beverages_8,Snacks & Beverages,68,574,60,"BD Mall, Manjit Nagar (Near Thapar Uni)",Patiala,147004,35,1.69,17,46,In Stock
23/09/26 06:01,SKU_009,Product_Snacks & Beverages_9,Snacks & Beverages,189,799,172,"BD Mall, Manjit Nagar (Near Thapar Uni)",Patiala,147004,23,1.22,11,36,In Stock
23/09/26 06:01,SKU_010,Product_Dairy_10,Dairy/Fresh,209,1057,205,"BD Mall, Manjit Nagar (Near Thapar Uni)",Patiala,147004,88,0.92,17,31,In Stock
23/09/26 06:01,SKU_011,Product_Staples_11,Staples,70,1367,63,"BD Mall, Manjit Nagar (Near Thapar Uni)",Patiala,147004,48,1.94,24,46,In Stock
23/09/26 06:01,SKU_012,Product_Snacks & Beverages_12,Snacks & Beverages,150,746,130,"BD Mall, Manjit Nagar (Near Thapar Uni)",Patiala,147004,26,1.57,13,27,In Stock
23/09/26 06:01,SKU_013,Product_Dairy_13,Dairy/Fresh,186,1397,168,"BD Mall, Manjit Nagar (Near Thapar Uni)",Patiala,147004,62,0.55,12,40,In Stock
23/09/26 06:01,SKU_014,Product_Personal Care_14,Personal Care,33,341,33,"BD Mall, Manjit Nagar (Near Thapar Uni)",Patiala,147004,74,1.07,37,47,In Stock
23/09/26 06:01,SKU_015,Product_Dairy_15,Dairy/Fresh,72,997,64,"BD Mall, Manjit Nagar (Near Thapar Uni)",Patiala,147004,103,0.58,20,101,In Stock
23/09/26 06:01,SKU_016,Product_Snacks & Beverages_16,Snacks & Beverages,283,134,268,"BD Mall, Manjit Nagar (Near Thapar Uni)",Patiala,147004,54,1.29,27,66,In Stock
23/09/26 06:01,SKU_017,Product_Personal Care_17,Personal Care,69,1125,59,"BD Mall, Manjit Nagar (Near Thapar Uni)",Patiala,147004,24,1.62,12,42,In Stock
23/09/26 06:01,SKU_018,Product_Snacks & Beverages_18,Snacks & Beverages,73,1229,66,"BD Mall, Manjit Nagar (Near Thapar Uni)",Patiala,147004,36,1.98,18,26,In Stock
23/09/26 06:01,SKU_019,Product_Snacks & Beverages_19,Snacks & Beverages,210,501,188,"BD Mall, Manjit Nagar (Near Thapar Uni)",Patiala,147004,77,1.6,38,59,In Stock
23/09/26 06:01,SKU_020,Product_Staples_20,Staples,181,301,158,"BD Mall, Manjit Nagar (Near Thapar Uni)",Patiala,147004,61,1.72,30,40,In Stock
23/09/26 06:01,SKU_021,Product_Staples_21,Staples,289,915,269,"BD Mall, Manjit Nagar (Near Thapar Uni)",Patiala,147004,51,1.45,25,41,In Stock
23/09/26 06:01,SKU_022,Product_Dairy_22,Dairy/Fresh,234,1375,216,"BD Mall, Manjit Nagar (Near Thapar Uni)",Patiala,147004,103,0.75,20,116,In Stock
23/09/26 06:01,SKU_023,Product_Dairy_23,Dairy/Fresh,232,819,221,"BD Mall, Manjit Nagar (Near Thapar Uni)",Patiala,147004,142,0.73,28,89,In Stock
23/09/26 06:01,SKU_024,Product_Staples_24,Staples,72,891,64,"BD Mall, Manjit Nagar (Near Thapar Uni)",Patiala,147004,36,1.03,18,28,In Stock
23/09/26 06:01,SKU_025,Product_Dairy_25,Dairy/Fresh,271,287,240,"BD Mall, Manjit Nagar (Near Thapar Uni)",Patiala,147004,78,0.85,15,0,Out of Stock
23/09/26 06:01,SKU_026,Product_Snacks & Beverages_26,Snacks & Beverages,60,1280,53,"BD Mall, Manjit Nagar (Near Thapar Uni)",Patiala,147004,64,1.02,32,82,In Stock
23/09/26 06:01,SKU_027,Product_Staples_27,Staples,84,620,74,"BD Mall, Manjit Nagar (Near Thapar Uni)",Patiala,147004,61,1.86,30,33,In Stock
23/09/26 06:01,SKU_028,Product_Staples_28,Staples,155,1186,145,"BD Mall, Manjit Nagar (Near Thapar Uni)",Patiala,147004,28,1.16,14,32,In Stock
23/09/26 06:01,SKU_029,Product_Staples_29,Staples,100,491,91,"BD Mall, Manjit Nagar (Near Thapar Uni)",Patiala,147004,68,1.51,34,57,In Stock
23/09/26 06:01,SKU_030,Product_Staples_30,Staples,280,330,241,"BD Mall, Manjit Nagar (Near Thapar Uni)",Patiala,147004,52,1.6,26,66,In Stock
23/09/26 06:01,SKU_031,Product_Snacks & Beverages_31,Snacks & Beverages,47,234,42,"BD Mall, Manjit Nagar (Near Thapar Uni)",Patiala,147004,55,1.46,27,44,In Stock
23/09/26 06:01,SKU_032,Product_Staples_32,Staples,287,1029,255,"BD Mall, Manjit Nagar (Near Thapar Uni)",Patiala,147004,55,1.34,27,59,In Stock
23/09/26 06:01,SKU_033,Product_Dairy_33,Dairy/Fresh,81,904,77,"BD Mall, Manjit Nagar (Near Thapar Uni)",Patiala,147004,111,0.74,22,67,In Stock
23/09/26 06:01,SKU_034,Product_Staples_34,Staples,233,1060,223,"BD Mall, Manjit Nagar (Near Thapar Uni)",Patiala,147004,28,1.31,14,23,In Stock
23/09/26 06:01,SKU_035,Product_Dairy_35,Dairy/Fresh,150,1128,131,"BD Mall, Manjit Nagar (Near Thapar Uni)",Patiala,147004,123,0.86,24,142,In Stock
23/09/26 06:01,SKU_036,Product_Snacks & Beverages_36,Snacks & Beverages,274,497,274,"BD Mall, Manjit Nagar (Near Thapar Uni)",Patiala,147004,48,1.36,24,0,Out of Stock
23/09/26 06:01,SKU_037,Product_Snacks & Beverages_37,Snacks & Beverages,226,1138,201,"BD Mall, Manjit Nagar (Near Thapar Uni)",Patiala,147004,69,1.57,34,40,In Stock
23/09/26 06:01,SKU_038,Product_Dairy_38,Dairy/Fresh,198,963,197,"BD Mall, Manjit Nagar (Near Thapar Uni)",Patiala,147004,55,0.95,11,0,Out of Stock
23/09/26 06:01,SKU_039,Product_Snacks & Beverages_39,Snacks & Beverages,71,1120,65,"BD Mall, Manjit Nagar (Near Thapar Uni)",Patiala,147004,44,1.99,22,43,In Stock
23/09/26 06:01,SKU_040,Product_Snacks & Beverages_40,Snacks & Beverages,241,584,206,"BD Mall, Manjit Nagar (Near Thapar Uni)",Patiala,147004,34,1.5,17,43,In Stock
23/09/26 06:01,SKU_041,Product_Dairy_41,Dairy/Fresh,256,1294,231,"BD Mall, Manjit Nagar (Near Thapar Uni)",Patiala,147004,77,0.63,15,62,In Stock
23/09/26 06:01,SKU_042,Product_Dairy_42,Dairy/Fresh,32,1283,30,"BD Mall, Manjit Nagar (Near Thapar Uni)",Patiala,147004,111,0.69,22,58,In Stock
23/09/26 07:16,SKU_001,Product_Dairy_1,Dairy/Fresh,290,1230,273,"BD Mall, Manjit Nagar (Near Thapar Uni)",Patiala,147004,90,0.51,18,92,In Stock
23/09/26 07:16,SKU_002,Product_Staples_2,Staples,40,221,38,"BD Mall, Manjit Nagar (Near Thapar Uni)",Patiala,147004,48,1.02,24,59,In Stock
23/09/26 07:16,SKU_003,Product_Dairy_3,Dairy/Fresh,107,1496,105,"BD Mall, Manjit Nagar (Near Thapar Uni)",Patiala,147004,131,0.75,26,85,In Stock
23/09/26 07:16,SKU_004,Product_Snacks & Beverages_4,Snacks & Beverages,171,230,161,"BD Mall, Manjit Nagar (Near Thapar Uni)",Patiala,147004,48,1.55,24,36,In Stock
23/09/26 07:16,SKU_005,Product_Dairy_5,Dairy/Fresh,277,443,248,"BD Mall, Manjit Nagar (Near Thapar Uni)",Patiala,147004,133,0.99,26,0,Out of Stock
23/09/26 07:16,SKU_006,Product_Staples_6,Staples,211,1055,183,"BD Mall, Manjit Nagar (Near Thapar Uni)",Patiala,147004,37,1.82,18,0,Out of Stock
23/09/26 07:16,SKU_007,Product_Dairy_7,Dairy/Fresh,41,352,38,"BD Mall, Manjit Nagar (Near Thapar Uni)",Patiala,147004,98,0.58,19,25,In Stock
23/09/26 07:16,SKU_008,Product_Snacks & Beverages_8,Snacks & Beverages,68,574,60,"BD Mall, Manjit Nagar (Near Thapar Uni)",Patiala,147004,76,1.29,38,80,In Stock
23/09/26 07:16,SKU_009,Product_Snacks & Beverages_9,Snacks & Beverages,189,799,172,"BD Mall, Manjit Nagar (Near Thapar Uni)",Patiala,147004,68,1.83,34,76,In Stock
23/09/26 07:16,SKU_010,Product_Dairy_10,Dairy/Fresh,209,1057,205,"BD Mall, Manjit Nagar (Near Thapar Uni)",Patiala,147004,125,0.68,25,82,In Stock
23/09/26 07:16,SKU_011,Product_Staples_11,Staples,70,1367,63,"BD Mall, Manjit Nagar (Near Thapar Uni)",Patiala,147004,58,1.9,29,45,In Stock
23/09/26 07:16,SKU_012,Product_Snacks & Beverages_12,Snacks & Beverages,150,746,130,"BD Mall, Manjit Nagar (Near Thapar Uni)",Patiala,147004,35,1.63,17,38,In Stock
23/09/26 07:16,SKU_013,Product_Dairy_13,Dairy/Fresh,186,1397,168,"BD Mall, Manjit Nagar (Near Thapar Uni)",Patiala,147004,59,0.79,11,56,In Stock
23/09/26 07:16,SKU_014,Product_Personal Care_14,Personal Care,33,341,33,"BD Mall, Manjit Nagar (Near Thapar Uni)",Patiala,147004,33,1.84,16,49,In Stock
23/09/26 07:16,SKU_015,Product_Dairy_15,Dairy/Fresh,72,997,64,"BD Mall, Manjit Nagar (Near Thapar Uni)",Patiala,147004,138,0.9,27,110,In Stock
23/09/26 07:16,SKU_016,Product_Snacks & Beverages_16,Snacks & Beverages,283,134,268,"BD Mall, Manjit Nagar (Near Thapar Uni)",Patiala,147004,70,1.78,35,87,In Stock
23/09/26 07:16,SKU_017,Product_Personal Care_17,Personal Care,69,1125,59,"BD Mall, Manjit Nagar (Near Thapar Uni)",Patiala,147004,69,1.61,34,41,In Stock
23/09/26 07:16,SKU_018,Product_Snacks & Beverages_18,Snacks & Beverages,73,1229,66,"BD Mall, Manjit Nagar (Near Thapar Uni)",Patiala,147004,61,1.07,30,51,In Stock
23/09/26 07:16,SKU_019,Product_Snacks & Beverages_19,Snacks & Beverages,210,501,188,"BD Mall, Manjit Nagar (Near Thapar Uni)",Patiala,147004,57,1.51,28,54,In Stock
23/09/26 07:16,SKU_020,Product_Staples_20,Staples,181,301,158,"BD Mall, Manjit Nagar (Near Thapar Uni)",Patiala,147004,64,1.08,32,65,In Stock
23/09/26 07:16,SKU_021,Product_Staples_21,Staples,289,915,269,"BD Mall, Manjit Nagar (Near Thapar Uni)",Patiala,147004,61,1.74,30,50,In Stock
23/09/26 07:16,SKU_022,Product_Dairy_22,Dairy/Fresh,234,1375,216,"BD Mall, Manjit Nagar (Near Thapar Uni)",Patiala,147004,71,0.68,14,28,In Stock
23/09/26 07:16,SKU_023,Product_Dairy_23,Dairy/Fresh,232,819,221,"BD Mall, Manjit Nagar (Near Thapar Uni)",Patiala,147004,75,0.63,15,19,In Stock
23/09/26 07:16,SKU_024,Product_Staples_24,Staples,72,891,64,"BD Mall, Manjit Nagar (Near Thapar Uni)",Patiala,147004,39,1.18,19,56,In Stock
23/09/26 07:16,SKU_025,Product_Dairy_25,Dairy/Fresh,271,287,240,"BD Mall, Manjit Nagar (Near Thapar Uni)",Patiala,147004,104,0.88,20,36,In Stock
23/09/26 07:16,SKU_026,Product_Snacks & Beverages_26,Snacks & Beverages,60,1280,53,"BD Mall, Manjit Nagar (Near Thapar Uni)",Patiala,147004,67,1.21,33,40,In Stock
23/09/26 07:16,SKU_027,Product_Staples_27,Staples,84,620,74,"BD Mall, Manjit Nagar (Near Thapar Uni)",Patiala,147004,44,1.61,22,40,In Stock
23/09/26 07:16,SKU_028,Product_Staples_28,Staples,155,1186,145,"BD Mall, Manjit Nagar (Near Thapar Uni)",Patiala,147004,76,1.72,38,42,In Stock
23/09/26 07:16,SKU_029,Product_Staples_29,Staples,100,491,91,"BD Mall, Manjit Nagar (Near Thapar Uni)",Patiala,147004,57,1.72,28,0,Out of Stock
23/09/26 07:16,SKU_030,Product_Staples_30,Staples,280,330,241,"BD Mall, Manjit Nagar (Near Thapar Uni)",Patiala,147004,32,1.82,16,34,In Stock
23/09/26 07:16,SKU_031,Product_Snacks & Beverages_31,Snacks & Beverages,47,234,42,"BD Mall, Manjit Nagar (Near Thapar Uni)",Patiala,147004,23,1.85,11,24,In Stock
23/09/26 07:16,SKU_032,Product_Staples_32,Staples,287,1029,255,"BD Mall, Manjit Nagar (Near Thapar Uni)",Patiala,147004,74,1.08,37,46,In Stock
23/09/26 07:16,SKU_033,Product_Dairy_33,Dairy/Fresh,81,904,77,"BD Mall, Manjit Nagar (Near Thapar Uni)",Patiala,147004,69,0.62,13,43,In Stock
23/09/26 07:16,SKU_034,Product_Staples_34,Staples,233,1060,223,"BD Mall, Manjit Nagar (Near Thapar Uni)",Patiala,147004,52,1.69,26,38,In Stock
23/09/26 07:16,SKU_035,Product_Dairy_35,Dairy/Fresh,150,1128,131,"BD Mall, Manjit Nagar (Near Thapar Uni)",Patiala,147004,133,0.62,26,152,In Stock
23/09/26 07:16,SKU_036,Product_Snacks & Beverages_36,Snacks & Beverages,274,497,274,"BD Mall, Manjit Nagar (Near Thapar Uni)",Patiala,147004,71,1.19,35,56,In Stock
23/09/26 07:16,SKU_037,Product_Snacks & Beverages_37,Snacks & Beverages,226,1138,201,"BD Mall, Manjit Nagar (Near Thapar Uni)",Patiala,147004,56,1.55,28,64,In Stock
23/09/26 07:16,SKU_038,Product_Dairy_38,Dairy/Fresh,198,963,197,"BD Mall, Manjit Nagar (Near Thapar Uni)",Patiala,147004,79,0.58,15,53,In Stock
23/09/26 07:16,SKU_039,Product_Snacks & Beverages_39,Snacks & Beverages,71,1120,65,"BD Mall, Manjit Nagar (Near Thapar Uni)",Patiala,147004,63,1.39,31,40,In Stock
23/09/26 07:16,SKU_040,Product_Snacks & Beverages_40,Snacks & Beverages,241,584,206,"BD Mall, Manjit Nagar (Near Thapar Uni)",Patiala,147004,53,1.81,26,56,In Stock
23/09/26 07:16,SKU_041,Product_Dairy_41,Dairy/Fresh,256,1294,231,"BD Mall, Manjit Nagar (Near Thapar Uni)",Patiala,147004,71,0.65,14,56,In Stock
23/09/26 07:16,SKU_042,Product_Dairy_42,Dairy/Fresh,32,1283,30,"BD Mall, Manjit Nagar (Near Thapar Uni)",Patiala,147004,116,0.52,23,0,Out of Stock
23/09/26 08:32,SKU_001,Product_Dairy_1,Dairy/Fresh,290,1230,273,"BD Mall, Manjit Nagar (Near Thapar Uni)",Patiala,147004,55,0.52,11,23,In Stock
23/09/26 08:32,SKU_002,Product_Staples_2,Staples,40,221,38,"BD Mall, Manjit Nagar (Near Thapar Uni)",Patiala,147004,24,1.86,12,41,In Stock
23/09/26 08:32,SKU_003,Product_Dairy_3,Dairy/Fresh,107,1496,105,"BD Mall, Manjit Nagar (Near Thapar Uni)",Patiala,147004,76,0.87,15,50,In Stock
23/09/26 08:32,SKU_004,Product_Snacks & Beverages_4,Snacks & Beverages,171,230,161,"BD Mall, Manjit Nagar (Near Thapar Uni)",Patiala,147004,64,1.69,32,66,In Stock
23/09/26 08:32,SKU_005,Product_Dairy_5,Dairy/Fresh,277,443,248,"BD Mall, Manjit Nagar (Near Thapar Uni)",Patiala,147004,122,0.9,24,134,In Stock
23/09/26 08:32,SKU_006,Product_Staples_6,Staples,211,1055,183,"BD Mall, Manjit Nagar (Near Thapar Uni)",Patiala,147004,61,1.94,30,33,In Stock
23/09/26 08:32,SKU_007,Product_Dairy_7,Dairy/Fresh,41,352,38,"BD Mall, Manjit Nagar (Near Thapar Uni)",Patiala,147004,145,0.73,29,145,In Stock
23/09/26 08:32,SKU_008,Product_Snacks & Beverages_8,Snacks & Beverages,68,574,60,"BD Mall, Manjit Nagar (Near Thapar Uni)",Patiala,147004,52,1.84,26,29,In Stock
23/09/26 08:32,SKU_009,Product_Snacks & Beverages_9,Snacks & Beverages,189,799,172,"BD Mall, Manjit Nagar (Near Thapar Uni)",Patiala,147004,22,1.77,11,40,In Stock
23/09/26 08:32,SKU_010,Product_Dairy_10,Dairy/Fresh,209,1057,205,"BD Mall, Manjit Nagar (Near Thapar Uni)",Patiala,147004,108,0.64,21,67,In Stock
23/09/26 08:32,SKU_011,Product_Staples_11,Staples,70,1367,63,"BD Mall, Manjit Nagar (Near Thapar Uni)",Patiala,147004,69,1.48,34,39,In Stock
23/09/26 08:32,SKU_012,Product_Snacks & Beverages_12,Snacks & Beverages,150,746,130,"BD Mall, Manjit Nagar (Near Thapar Uni)",Patiala,147004,31,1.19,15,42,In Stock
23/09/26 08:32,SKU_013,Product_Dairy_13,Dairy/Fresh,186,1397,168,"BD Mall, Manjit Nagar (Near Thapar Uni)",Patiala,147004,51,0.66,10,39,In Stock
23/09/26 08:32,SKU_014,Product_Personal Care_14,Personal Care,33,341,33,"BD Mall, Manjit Nagar (Near Thapar Uni)",Patiala,147004,22,1.78,11,37,In Stock
23/09/26 08:32,SKU_015,Product_Dairy_15,Dairy/Fresh,72,997,64,"BD Mall, Manjit Nagar (Near Thapar Uni)",Patiala,147004,117,0.82,23,91,In Stock
23/09/26 08:32,SKU_016,Product_Snacks & Beverages_16,Snacks & Beverages,283,134,268,"BD Mall, Manjit Nagar (Near Thapar Uni)",Patiala,147004,76,1.72,38,81,In Stock
23/09/26 08:32,SKU_017,Product_Personal Care_17,Personal Care,69,1125,59,"BD Mall, Manjit Nagar (Near Thapar Uni)",Patiala,147004,49,1.47,24,62,In Stock
23/09/26 08:32,SKU_018,Product_Snacks & Beverages_18,Snacks & Beverages,73,1229,66,"BD Mall, Manjit Nagar (Near Thapar Uni)",Patiala,147004,28,1.09,14,28,In Stock
23/09/26 08:32,SKU_019,Product_Snacks & Beverages_19,Snacks & Beverages,210,501,188,"BD Mall, Manjit Nagar (Near Thapar Uni)",Patiala,147004,45,1.06,22,40,In Stock
23/09/26 08:32,SKU_020,Product_Staples_20,Staples,181,301,158,"BD Mall, Manjit Nagar (Near Thapar Uni)",Patiala,147004,21,1.37,10,39,In Stock
23/09/26 08:32,SKU_021,Product_Staples_21,Staples,289,915,269,"BD Mall, Manjit Nagar (Near Thapar Uni)",Patiala,147004,22,1.46,11,16,In Stock
23/09/26 08:32,SKU_022,Product_Dairy_22,Dairy/Fresh,234,1375,216,"BD Mall, Manjit Nagar (Near Thapar Uni)",Patiala,147004,128,0.84,25,0,Out of Stock
23/09/26 08:32,SKU_023,Product_Dairy_23,Dairy/Fresh,232,819,221,"BD Mall, Manjit Nagar (Near Thapar Uni)",Patiala,147004,108,0.94,21,124,In Stock
23/09/26 08:32,SKU_024,Product_Staples_24,Staples,72,891,64,"BD Mall, Manjit Nagar (Near Thapar Uni)",Patiala,147004,44,1.99,22,50,In Stock
23/09/26 08:32,SKU_025,Product_Dairy_25,Dairy/Fresh,271,287,240,"BD Mall, Manjit Nagar (Near Thapar Uni)",Patiala,147004,100,0.71,20,82,In Stock
23/09/26 08:32,SKU_026,Product_Snacks & Beverages_26,Snacks & Beverages,60,1280,53,"BD Mall, Manjit Nagar (Near Thapar Uni)",Patiala,147004,32,1.85,16,21,In Stock
23/09/26 08:32,SKU_027,Product_Staples_27,Staples,84,620,74,"BD Mall, Manjit Nagar (Near Thapar Uni)",Patiala,147004,58,1.53,29,54,In Stock
23/09/26 08:32,SKU_028,Product_Staples_28,Staples,155,1186,145,"BD Mall, Manjit Nagar (Near Thapar Uni)",Patiala,147004,63,1.13,31,57,In Stock
23/09/26 08:32,SKU_029,Product_Staples_29,Staples,100,491,91,"BD Mall, Manjit Nagar (Near Thapar Uni)",Patiala,147004,54,1.8,27,0,Out of Stock
23/09/26 08:32,SKU_030,Product_Staples_30,Staples,280,330,241,"BD Mall, Manjit Nagar (Near Thapar Uni)",Patiala,147004,74,1.71,37,64,In Stock
23/09/26 08:32,SKU_031,Product_Snacks & Beverages_31,Snacks & Beverages,47,234,42,"BD Mall, Manjit Nagar (Near Thapar Uni)",Patiala,147004,42,1.53,21,25,In Stock
23/09/26 08:32,SKU_032,Product_Staples_32,Staples,287,1029,255,"BD Mall, Manjit Nagar (Near Thapar Uni)",Patiala,147004,28,1.51,14,0,Out of Stock
23/09/26 08:32,SKU_033,Product_Dairy_33,Dairy/Fresh,81,904,77,"BD Mall, Manjit Nagar (Near Thapar Uni)",Patiala,147004,77,0.98,15,32,In Stock
23/09/26 08:32,SKU_034,Product_Staples_34,Staples,233,1060,223,"BD Mall, Manjit Nagar (Near Thapar Uni)",Patiala,147004,73,1.66,36,48,In Stock
23/09/26 08:32,SKU_035,Product_Dairy_35,Dairy/Fresh,150,1128,131,"BD Mall, Manjit Nagar (Near Thapar Uni)",Patiala,147004,94,0.8,18,60,In Stock
23/09/26 08:32,SKU_036,Product_Snacks & Beverages_36,Snacks & Beverages,274,497,274,"BD Mall, Manjit Nagar (Near Thapar Uni)",Patiala,147004,63,1.09,31,55,In Stock
23/09/26 08:32,SKU_037,Product_Snacks & Beverages_37,Snacks & Beverages,226,1138,201,"BD Mall, Manjit Nagar (Near Thapar Uni)",Patiala,147004,50,1.26,25,34,In Stock
23/09/26 08:32,SKU_038,Product_Dairy_38,Dairy/Fresh,198,963,197,"BD Mall, Manjit Nagar (Near Thapar Uni)",Patiala,147004,98,0.55,19,47,In Stock
23/09/26 08:32,SKU_039,Product_Snacks & Beverages_39,Snacks & Beverages,71,1120,65,"BD Mall, Manjit Nagar (Near Thapar Uni)",Patiala,147004,66,1.28,33,42,In Stock
23/09/26 08:32,SKU_040,Product_Snacks & Beverages_40,Snacks & Beverages,241,584,206,"BD Mall, Manjit Nagar (Near Thapar Uni)",Patiala,147004,21,1.65,10,15,In Stock
23/09/26 08:32,SKU_041,Product_Dairy_41,Dairy/Fresh,256,1294,231,"BD Mall, Manjit Nagar (Near Thapar Uni)",Patiala,147004,132,0.55,26,105,In Stock
23/09/26 08:32,SKU_042,Product_Dairy_42,Dairy/Fresh,32,1283,30,"BD Mall, Manjit Nagar (Near Thapar Uni)",Patiala,147004,50,0.81,10,34,In Stock
23/09/26 09:42,SKU_001,Product_Dairy_1,Dairy/Fresh,290,1230,273,"BD Mall, Manjit Nagar (Near Thapar Uni)",Patiala,147004,59,0.87,11,14,In Stock
23/09/26 09:42,SKU_002,Product_Staples_2,Staples,40,221,38,"BD Mall, Manjit Nagar (Near Thapar Uni)",Patiala,147004,65,1.3,32,68,In Stock
23/09/26 09:42,SKU_003,Product_Dairy_3,Dairy/Fresh,107,1496,105,"BD Mall, Manjit Nagar (Near Thapar Uni)",Patiala,147004,122,0.95,24,57,In Stock
23/09/26 09:42,SKU_004,Product_Snacks & Beverages_4,Snacks & Beverages,171,230,161,"BD Mall, Manjit Nagar (Near Thapar Uni)",Patiala,147004,77,1.74,38,56,In Stock
23/09/26 09:42,SKU_005,Product_Dairy_5,Dairy/Fresh,277,443,248,"BD Mall, Manjit Nagar (Near Thapar Uni)",Patiala,147004,81,0.98,16,48,In Stock
23/09/26 09:42,SKU_006,Product_Staples_6,Staples,211,1055,183,"BD Mall, Manjit Nagar (Near Thapar Uni)",Patiala,147004,63,1.67,31,34,In Stock
23/09/26 09:42,SKU_007,Product_Dairy_7,Dairy/Fresh,41,352,38,"BD Mall, Manjit Nagar (Near Thapar Uni)",Patiala,147004,55,0.65,11,54,In Stock
23/09/26 09:42,SKU_008,Product_Snacks & Beverages_8,Snacks & Beverages,68,574,60,"BD Mall, Manjit Nagar (Near Thapar Uni)",Patiala,147004,75,1.24,37,70,In Stock
23/09/26 09:42,SKU_009,Product_Snacks & Beverages_9,Snacks & Beverages,189,799,172,"BD Mall, Manjit Nagar (Near Thapar Uni)",Patiala,147004,62,1.02,31,42,In Stock
23/09/26 09:42,SKU_010,Product_Dairy_10,Dairy/Fresh,209,1057,205,"BD Mall, Manjit Nagar (Near Thapar Uni)",Patiala,147004,66,0.7,13,43,In Stock
23/09/26 09:42,SKU_011,Product_Staples_11,Staples,70,1367,63,"BD Mall, Manjit Nagar (Near Thapar Uni)",Patiala,147004,53,1.49,26,41,In Stock
23/09/26 09:42,SKU_012,Product_Snacks & Beverages_12,Snacks & Beverages,150,746,130,"BD Mall, Manjit Nagar (Near Thapar Uni)",Patiala,147004,56,1.31,28,0,Out of Stock
23/09/26 09:42,SKU_013,Product_Dairy_13,Dairy/Fresh,186,1397,168,"BD Mall, Manjit Nagar (Near Thapar Uni)",Patiala,147004,103,0.87,20,77,In Stock
23/09/26 09:42,SKU_014,Product_Personal Care_14,Personal Care,33,341,33,"BD Mall, Manjit Nagar (Near Thapar Uni)",Patiala,147004,26,1.06,13,0,Out of Stock
23/09/26 09:42,SKU_015,Product_Dairy_15,Dairy/Fresh,72,997,64,"BD Mall, Manjit Nagar (Near Thapar Uni)",Patiala,147004,84,0.55,16,0,Out of Stock
23/09/26 09:42,SKU_016,Product_Snacks & Beverages_16,Snacks & Beverages,283,134,268,"BD Mall, Manjit Nagar (Near Thapar Uni)",Patiala,147004,73,1.8,36,41,In Stock
23/09/26 09:42,SKU_017,Product_Personal Care_17,Personal Care,69,1125,59,"BD Mall, Manjit Nagar (Near Thapar Uni)",Patiala,147004,74,1.92,37,59,In Stock
23/09/26 09:42,SKU_018,Product_Snacks & Beverages_18,Snacks & Beverages,73,1229,66,"BD Mall, Manjit Nagar (Near Thapar Uni)",Patiala,147004,22,1.9,11,17,In Stock
23/09/26 09:42,SKU_019,Product_Snacks & Beverages_19,Snacks & Beverages,210,501,188,"BD Mall, Manjit Nagar (Near Thapar Uni)",Patiala,147004,32,1.92,16,31,In Stock
23/09/26 09:42,SKU_020,Product_Staples_20,Staples,181,301,158,"BD Mall, Manjit Nagar (Near Thapar Uni)",Patiala,147004,22,1.91,11,21,In Stock
23/09/26 09:42,SKU_021,Product_Staples_21,Staples,289,915,269,"BD Mall, Manjit Nagar (Near Thapar Uni)",Patiala,147004,45,1.53,22,40,In Stock
23/09/26 09:42,SKU_022,Product_Dairy_22,Dairy/Fresh,234,1375,216,"BD Mall, Manjit Nagar (Near Thapar Uni)",Patiala,147004,122,0.62,24,72,In Stock
23/09/26 09:42,SKU_023,Product_Dairy_23,Dairy/Fresh,232,819,221,"BD Mall, Manjit Nagar (Near Thapar Uni)",Patiala,147004,76,0.52,15,72,In Stock
23/09/26 09:42,SKU_024,Product_Staples_24,Staples,72,891,64,"BD Mall, Manjit Nagar (Near Thapar Uni)",Patiala,147004,72,1.21,36,62,In Stock
23/09/26 09:42,SKU_025,Product_Dairy_25,Dairy/Fresh,271,287,240,"BD Mall, Manjit Nagar (Near Thapar Uni)",Patiala,147004,68,0.93,13,19,In Stock
23/09/26 09:42,SKU_026,Product_Snacks & Beverages_26,Snacks & Beverages,60,1280,53,"BD Mall, Manjit Nagar (Near Thapar Uni)",Patiala,147004,62,1.23,31,60,In Stock
23/09/26 09:42,SKU_027,Product_Staples_27,Staples,84,620,74,"BD Mall, Manjit Nagar (Near Thapar Uni)",Patiala,147004,79,1.51,39,79,In Stock
23/09/26 09:42,SKU_028,Product_Staples_28,Staples,155,1186,145,"BD Mall, Manjit Nagar (Near Thapar Uni)",Patiala,147004,77,1.32,38,51,In Stock
23/09/26 09:42,SKU_029,Product_Staples_29,Staples,100,491,91,"BD Mall, Manjit Nagar (Near Thapar Uni)",Patiala,147004,68,1.15,34,85,In Stock
23/09/26 09:42,SKU_030,Product_Staples_30,Staples,280,330,241,"BD Mall, Manjit Nagar (Near Thapar Uni)",Patiala,147004,61,1.45,30,73,In Stock
23/09/26 09:42,SKU_031,Product_Snacks & Beverages_31,Snacks & Beverages,47,234,42,"BD Mall, Manjit Nagar (Near Thapar Uni)",Patiala,147004,31,1.87,15,0,Out of Stock
23/09/26 09:42,SKU_032,Product_Staples_32,Staples,287,1029,255,"BD Mall, Manjit Nagar (Near Thapar Uni)",Patiala,147004,68,1.57,34,45,In Stock
23/09/26 09:42,SKU_033,Product_Dairy_33,Dairy/Fresh,81,904,77,"BD Mall, Manjit Nagar (Near Thapar Uni)",Patiala,147004,89,0.95,17,69,In Stock
23/09/26 09:42,SKU_034,Product_Staples_34,Staples,233,1060,223,"BD Mall, Manjit Nagar (Near Thapar Uni)",Patiala,147004,21,1.2,10,30,In Stock
23/09/26 09:42,SKU_035,Product_Dairy_35,Dairy/Fresh,150,1128,131,"BD Mall, Manjit Nagar (Near Thapar Uni)",Patiala,147004,72,0.99,14,0,Out of Stock
23/09/26 09:42,SKU_036,Product_Snacks & Beverages_36,Snacks & Beverages,274,497,274,"BD Mall, Manjit Nagar (Near Thapar Uni)",Patiala,147004,58,1.58,29,41,In Stock
23/09/26 09:42,SKU_037,Product_Snacks & Beverages_37,Snacks & Beverages,226,1138,201,"BD Mall, Manjit Nagar (Near Thapar Uni)",Patiala,147004,53,1.46,26,0,Out of Stock
23/09/26 09:42,SKU_038,Product_Dairy_38,Dairy/Fresh,198,963,197,"BD Mall, Manjit Nagar (Near Thapar Uni)",Patiala,147004,96,0.91,19,106,In Stock
23/09/26 09:42,SKU_039,Product_Snacks & Beverages_39,Snacks & Beverages,71,1120,65,"BD Mall, Manjit Nagar (Near Thapar Uni)",Patiala,147004,37,1.79,18,56,In Stock
23/09/26 09:42,SKU_040,Product_Snacks & Beverages_40,Snacks & Beverages,241,584,206,"BD Mall, Manjit Nagar (Near Thapar Uni)",Patiala,147004,40,1.75,20,49,In Stock
23/09/26 09:42,SKU_041,Product_Dairy_41,Dairy/Fresh,256,1294,231,"BD Mall, Manjit Nagar (Near Thapar Uni)",Patiala,147004,118,0.74,23,87,In Stock
23/09/26 09:42,SKU_042,Product_Dairy_42,Dairy/Fresh,32,1283,30,"BD Mall, Manjit Nagar (Near Thapar Uni)",Patiala,147004,92,0.78,18,77,In Stock
23/09/26 10:47,SKU_001,Product_Dairy_1,Dairy/Fresh,290,1230,273,"BD Mall, Manjit Nagar (Near Thapar Uni)",Patiala,147004,97,0.76,19,28,In Stock
23/09/26 10:47,SKU_002,Product_Staples_2,Staples,40,221,38,"BD Mall, Manjit Nagar (Near Thapar Uni)",Patiala,147004,65,1.55,32,69,In Stock
23/09/26 10:47,SKU_003,Product_Dairy_3,Dairy/Fresh,107,1496,105,"BD Mall, Manjit Nagar (Near Thapar Uni)",Patiala,147004,89,0.54,17,74,In Stock
23/09/26 10:47,SKU_004,Product_Snacks & Beverages_4,Snacks & Beverages,171,230,161,"BD Mall, Manjit Nagar (Near Thapar Uni)",Patiala,147004,41,1.29,20,34,In Stock
23/09/26 10:47,SKU_005,Product_Dairy_5,Dairy/Fresh,277,443,248,"BD Mall, Manjit Nagar (Near Thapar Uni)",Patiala,147004,110,0.9,22,30,In Stock
23/09/26 10:47,SKU_006,Product_Staples_6,Staples,211,1055,183,"BD Mall, Manjit Nagar (Near Thapar Uni)",Patiala,147004,78,1.4,39,51,In Stock
23/09/26 10:47,SKU_007,Product_Dairy_7,Dairy/Fresh,41,352,38,"BD Mall, Manjit Nagar (Near Thapar Uni)",Patiala,147004,116,0.89,23,45,In Stock
23/09/26 10:47,SKU_008,Product_Snacks & Beverages_8,Snacks & Beverages,68,574,60,"BD Mall, Manjit Nagar (Near Thapar Uni)",Patiala,147004,69,1.03,34,66,In Stock
23/09/26 10:47,SKU_009,Product_Snacks & Beverages_9,Snacks & Beverages,189,799,172,"BD Mall, Manjit Nagar (Near Thapar Uni)",Patiala,147004,62,1.66,31,0,Out of Stock
23/09/26 10:47,SKU_010,Product_Dairy_10,Dairy/Fresh,209,1057,205,"BD Mall, Manjit Nagar (Near Thapar Uni)",Patiala,147004,82,0.63,16,18,In Stock
23/09/26 10:47,SKU_011,Product_Staples_11,Staples,70,1367,63,"BD Mall, Manjit Nagar (Near Thapar Uni)",Patiala,147004,49,1.71,24,0,Out of Stock
23/09/26 10:47,SKU_012,Product_Snacks & Beverages_12,Snacks & Beverages,150,746,130,"BD Mall, Manjit Nagar (Near Thapar Uni)",Patiala,147004,27,1.66,13,21,In Stock
23/09/26 10:47,SKU_013,Product_Dairy_13,Dairy/Fresh,186,1397,168,"BD Mall, Manjit Nagar (Near Thapar Uni)",Patiala,147004,131,0.77,26,141,In Stock
23/09/26 10:47,SKU_014,Product_Personal Care_14,Personal Care,33,341,33,"BD Mall, Manjit Nagar (Near Thapar Uni)",Patiala,147004,76,1.29,38,62,In Stock
23/09/26 10:47,SKU_015,Product_Dairy_15,Dairy/Fresh,72,997,64,"BD Mall, Manjit Nagar (Near Thapar Uni)",Patiala,147004,97,0.55,19,106,In Stock
23/09/26 10:47,SKU_016,Product_Snacks & Beverages_16,Snacks & Beverages,283,134,268,"BD Mall, Manjit Nagar (Near Thapar Uni)",Patiala,147004,28,1.84,14,45,In Stock
23/09/26 10:47,SKU_017,Product_Personal Care_17,Personal Care,69,1125,59,"BD Mall, Manjit Nagar (Near Thapar Uni)",Patiala,147004,70,1.75,35,41,In Stock
23/09/26 10:47,SKU_018,Product_Snacks & Beverages_18,Snacks & Beverages,73,1229,66,"BD Mall, Manjit Nagar (Near Thapar Uni)",Patiala,147004,39,1.2,19,0,Out of Stock
23/09/26 10:47,SKU_019,Product_Snacks & Beverages_19,Snacks & Beverages,210,501,188,"BD Mall, Manjit Nagar (Near Thapar Uni)",Patiala,147004,59,1.34,29,53,In Stock
23/09/26 10:47,SKU_020,Product_Staples_20,Staples,181,301,158,"BD Mall, Manjit Nagar (Near Thapar Uni)",Patiala,147004,44,1.97,22,41,In Stock
23/09/26 10:47,SKU_021,Product_Staples_21,Staples,289,915,269,"BD Mall, Manjit Nagar (Near Thapar Uni)",Patiala,147004,38,1.59,19,35,In Stock
23/09/26 10:47,SKU_022,Product_Dairy_22,Dairy/Fresh,234,1375,216,"BD Mall, Manjit Nagar (Near Thapar Uni)",Patiala,147004,112,0.6,22,75,In Stock
23/09/26 10:47,SKU_023,Product_Dairy_23,Dairy/Fresh,232,819,221,"BD Mall, Manjit Nagar (Near Thapar Uni)",Patiala,147004,126,0.82,25,124,In Stock
23/09/26 10:47,SKU_024,Product_Staples_24,Staples,72,891,64,"BD Mall, Manjit Nagar (Near Thapar Uni)",Patiala,147004,34,1.21,17,42,In Stock
23/09/26 10:47,SKU_025,Product_Dairy_25,Dairy/Fresh,271,287,240,"BD Mall, Manjit Nagar (Near Thapar Uni)",Patiala,147004,52,0.87,10,28,In Stock
23/09/26 10:47,SKU_026,Product_Snacks & Beverages_26,Snacks & Beverages,60,1280,53,"BD Mall, Manjit Nagar (Near Thapar Uni)",Patiala,147004,38,1.69,19,55,In Stock
23/09/26 10:47,SKU_027,Product_Staples_27,Staples,84,620,74,"BD Mall, Manjit Nagar (Near Thapar Uni)",Patiala,147004,42,1.68,21,23,In Stock
23/09/26 10:47,SKU_028,Product_Staples_28,Staples,155,1186,145,"BD Mall, Manjit Nagar (Near Thapar Uni)",Patiala,147004,46,1.55,23,65,In Stock
23/09/26 10:47,SKU_029,Product_Staples_29,Staples,100,491,91,"BD Mall, Manjit Nagar (Near Thapar Uni)",Patiala,147004,59,1.56,29,56,In Stock
23/09/26 10:47,SKU_030,Product_Staples_30,Staples,280,330,241,"BD Mall, Manjit Nagar (Near Thapar Uni)",Patiala,147004,51,1.74,25,46,In Stock
23/09/26 10:47,SKU_031,Product_Snacks & Beverages_31,Snacks & Beverages,47,234,42,"BD Mall, Manjit Nagar (Near Thapar Uni)",Patiala,147004,45,1.27,22,40,In Stock
23/09/26 10:47,SKU_032,Product_Staples_32,Staples,287,1029,255,"BD Mall, Manjit Nagar (Near Thapar Uni)",Patiala,147004,46,1.35,23,38,In Stock
23/09/26 10:47,SKU_033,Product_Dairy_33,Dairy/Fresh,81,904,77,"BD Mall, Manjit Nagar (Near Thapar Uni)",Patiala,147004,55,0.96,11,66,In Stock
23/09/26 10:47,SKU_034,Product_Staples_34,Staples,233,1060,223,"BD Mall, Manjit Nagar (Near Thapar Uni)",Patiala,147004,69,1.31,34,39,In Stock
23/09/26 10:47,SKU_035,Product_Dairy_35,Dairy/Fresh,150,1128,131,"BD Mall, Manjit Nagar (Near Thapar Uni)",Patiala,147004,88,0.57,17,47,In Stock
23/09/26 10:47,SKU_036,Product_Snacks & Beverages_36,Snacks & Beverages,274,497,274,"BD Mall, Manjit Nagar (Near Thapar Uni)",Patiala,147004,48,1.7,24,57,In Stock
23/09/26 10:47,SKU_037,Product_Snacks & Beverages_37,Snacks & Beverages,226,1138,201,"BD Mall, Manjit Nagar (Near Thapar Uni)",Patiala,147004,58,2,29,59,In Stock
23/09/26 10:47,SKU_038,Product_Dairy_38,Dairy/Fresh,198,963,197,"BD Mall, Manjit Nagar (Near Thapar Uni)",Patiala,147004,146,0.65,29,0,Out of Stock
23/09/26 10:47,SKU_039,Product_Snacks & Beverages_39,Snacks & Beverages,71,1120,65,"BD Mall, Manjit Nagar (Near Thapar Uni)",Patiala,147004,60,1.43,30,56,In Stock
23/09/26 10:47,SKU_040,Product_Snacks & Beverages_40,Snacks & Beverages,241,584,206,"BD Mall, Manjit Nagar (Near Thapar Uni)",Patiala,147004,52,1.84,26,32,In Stock
23/09/26 10:47,SKU_041,Product_Dairy_41,Dairy/Fresh,256,1294,231,"BD Mall, Manjit Nagar (Near Thapar Uni)",Patiala,147004,58,0.98,11,59,In Stock
23/09/26 10:47,SKU_042,Product_Dairy_42,Dairy/Fresh,32,1283,30,"BD Mall, Manjit Nagar (Near Thapar Uni)",Patiala,147004,131,0.83,26,121,In Stock
23/09/26 11:28,SKU_001,Product_Dairy_1,Dairy/Fresh,290,1230,273,"BD Mall, Manjit Nagar (Near Thapar Uni)",Patiala,147004,105,0.92,21,92,In Stock
23/09/26 11:28,SKU_002,Product_Staples_2,Staples,40,221,38,"BD Mall, Manjit Nagar (Near Thapar Uni)",Patiala,147004,52,1.32,26,0,Out of Stock
23/09/26 11:28,SKU_003,Product_Dairy_3,Dairy/Fresh,107,1496,105,"BD Mall, Manjit Nagar (Near Thapar Uni)",Patiala,147004,134,0.6,26,146,In Stock
23/09/26 11:28,SKU_004,Product_Snacks & Beverages_4,Snacks & Beverages,171,230,161,"BD Mall, Manjit Nagar (Near Thapar Uni)",Patiala,147004,35,1.88,17,31,In Stock
23/09/26 11:28,SKU_005,Product_Dairy_5,Dairy/Fresh,277,443,248,"BD Mall, Manjit Nagar (Near Thapar Uni)",Patiala,147004,110,0.78,22,48,In Stock
23/09/26 11:28,SKU_006,Product_Staples_6,Staples,211,1055,183,"BD Mall, Manjit Nagar (Near Thapar Uni)",Patiala,147004,26,1.11,13,42,In Stock
23/09/26 11:28,SKU_007,Product_Dairy_7,Dairy/Fresh,41,352,38,"BD Mall, Manjit Nagar (Near Thapar Uni)",Patiala,147004,109,0.61,21,42,In Stock
23/09/26 11:28,SKU_008,Product_Snacks & Beverages_8,Snacks & Beverages,68,574,60,"BD Mall, Manjit Nagar (Near Thapar Uni)",Patiala,147004,51,1.46,25,53,In Stock
23/09/26 11:28,SKU_009,Product_Snacks & Beverages_9,Snacks & Beverages,189,799,172,"BD Mall, Manjit Nagar (Near Thapar Uni)",Patiala,147004,31,1.98,15,44,In Stock
23/09/26 11:28,SKU_010,Product_Dairy_10,Dairy/Fresh,209,1057,205,"BD Mall, Manjit Nagar (Near Thapar Uni)",Patiala,147004,86,0.98,17,18,In Stock
23/09/26 11:28,SKU_011,Product_Staples_11,Staples,70,1367,63,"BD Mall, Manjit Nagar (Near Thapar Uni)",Patiala,147004,24,1.41,12,26,In Stock
23/09/26 11:28,SKU_012,Product_Snacks & Beverages_12,Snacks & Beverages,150,746,130,"BD Mall, Manjit Nagar (Near Thapar Uni)",Patiala,147004,61,1.03,30,76,In Stock
23/09/26 11:28,SKU_013,Product_Dairy_13,Dairy/Fresh,186,1397,168,"BD Mall, Manjit Nagar (Near Thapar Uni)",Patiala,147004,67,0.88,13,39,In Stock
23/09/26 11:28,SKU_014,Product_Personal Care_14,Personal Care,33,341,33,"BD Mall, Manjit Nagar (Near Thapar Uni)",Patiala,147004,72,1.1,36,42,In Stock
23/09/26 11:28,SKU_015,Product_Dairy_15,Dairy/Fresh,72,997,64,"BD Mall, Manjit Nagar (Near Thapar Uni)",Patiala,147004,112,0.79,22,48,In Stock
23/09/26 11:28,SKU_016,Product_Snacks & Beverages_16,Snacks & Beverages,283,134,268,"BD Mall, Manjit Nagar (Near Thapar Uni)",Patiala,147004,68,1.75,34,54,In Stock
23/09/26 11:28,SKU_017,Product_Personal Care_17,Personal Care,69,1125,59,"BD Mall, Manjit Nagar (Near Thapar Uni)",Patiala,147004,45,1.46,22,34,In Stock
23/09/26 11:28,SKU_018,Product_Snacks & Beverages_18,Snacks & Beverages,73,1229,66,"BD Mall, Manjit Nagar (Near Thapar Uni)",Patiala,147004,24,1.43,12,34,In Stock
23/09/26 11:28,SKU_019,Product_Snacks & Beverages_19,Snacks & Beverages,210,501,188,"BD Mall, Manjit Nagar (Near Thapar Uni)",Patiala,147004,41,1.9,20,36,In Stock
23/09/26 11:28,SKU_020,Product_Staples_20,Staples,181,301,158,"BD Mall, Manjit Nagar (Near Thapar Uni)",Patiala,147004,34,1.29,17,27,In Stock
23/09/26 11:28,SKU_021,Product_Staples_21,Staples,289,915,269,"BD Mall, Manjit Nagar (Near Thapar Uni)",Patiala,147004,32,1.25,16,0,Out of Stock
23/09/26 11:28,SKU_022,Product_Dairy_22,Dairy/Fresh,234,1375,216,"BD Mall, Manjit Nagar (Near Thapar Uni)",Patiala,147004,135,0.92,27,147,In Stock
23/09/26 11:28,SKU_023,Product_Dairy_23,Dairy/Fresh,232,819,221,"BD Mall, Manjit Nagar (Near Thapar Uni)",Patiala,147004,56,1,11,43,In Stock
23/09/26 11:28,SKU_024,Product_Staples_24,Staples,72,891,64,"BD Mall, Manjit Nagar (Near Thapar Uni)",Patiala,147004,62,1.82,31,44,In Stock
23/09/26 11:28,SKU_025,Product_Dairy_25,Dairy/Fresh,271,287,240,"BD Mall, Manjit Nagar (Near Thapar Uni)",Patiala,147004,103,0.97,20,56,In Stock
23/09/26 11:28,SKU_026,Product_Snacks & Beverages_26,Snacks & Beverages,60,1280,53,"BD Mall, Manjit Nagar (Near Thapar Uni)",Patiala,147004,52,1.14,26,33,In Stock
23/09/26 11:28,SKU_027,Product_Staples_27,Staples,84,620,74,"BD Mall, Manjit Nagar (Near Thapar Uni)",Patiala,147004,62,1.03,31,63,In Stock
23/09/26 11:28,SKU_028,Product_Staples_28,Staples,155,1186,145,"BD Mall, Manjit Nagar (Near Thapar Uni)",Patiala,147004,37,1.24,18,24,In Stock
23/09/26 11:28,SKU_029,Product_Staples_29,Staples,100,491,91,"BD Mall, Manjit Nagar (Near Thapar Uni)",Patiala,147004,69,1.77,34,67,In Stock
23/09/26 11:28,SKU_030,Product_Staples_30,Staples,280,330,241,"BD Mall, Manjit Nagar (Near Thapar Uni)",Patiala,147004,72,1.24,36,42,In Stock
23/09/26 11:28,SKU_031,Product_Snacks & Beverages_31,Snacks & Beverages,47,234,42,"BD Mall, Manjit Nagar (Near Thapar Uni)",Patiala,147004,49,1.73,24,30,In Stock
23/09/26 11:28,SKU_032,Product_Staples_32,Staples,287,1029,255,"BD Mall, Manjit Nagar (Near Thapar Uni)",Patiala,147004,45,1.25,22,62,In Stock
23/09/26 11:28,SKU_033,Product_Dairy_33,Dairy/Fresh,81,904,77,"BD Mall, Manjit Nagar (Near Thapar Uni)",Patiala,147004,127,0.72,25,142,In Stock
23/09/26 11:28,SKU_034,Product_Staples_34,Staples,233,1060,223,"BD Mall, Manjit Nagar (Near Thapar Uni)",Patiala,147004,32,1.98,16,51,In Stock
23/09/26 11:28,SKU_035,Product_Dairy_35,Dairy/Fresh,150,1128,131,"BD Mall, Manjit Nagar (Near Thapar Uni)",Patiala,147004,50,0.74,10,64,In Stock
23/09/26 11:28,SKU_036,Product_Snacks & Beverages_36,Snacks & Beverages,274,497,274,"BD Mall, Manjit Nagar (Near Thapar Uni)",Patiala,147004,52,1.38,26,32,In Stock
23/09/26 11:28,SKU_037,Product_Snacks & Beverages_37,Snacks & Beverages,226,1138,201,"BD Mall, Manjit Nagar (Near Thapar Uni)",Patiala,147004,45,1.3,22,41,In Stock
23/09/26 11:28,SKU_038,Product_Dairy_38,Dairy/Fresh,198,963,197,"BD Mall, Manjit Nagar (Near Thapar Uni)",Patiala,147004,78,0.72,15,32,In Stock
23/09/26 11:28,SKU_039,Product_Snacks & Beverages_39,Snacks & Beverages,71,1120,65,"BD Mall, Manjit Nagar (Near Thapar Uni)",Patiala,147004,20,1.49,10,22,In Stock
23/09/26 11:28,SKU_040,Product_Snacks & Beverages_40,Snacks & Beverages,241,584,206,"BD Mall, Manjit Nagar (Near Thapar Uni)",Patiala,147004,68,1.38,34,76,In Stock
23/09/26 11:28,SKU_041,Product_Dairy_41,Dairy/Fresh,256,1294,231,"BD Mall, Manjit Nagar (Near Thapar Uni)",Patiala,147004,141,0.5,28,0,Out of Stock
23/09/26 11:28,SKU_042,Product_Dairy_42,Dairy/Fresh,32,1283,30,"BD Mall, Manjit Nagar (Near Thapar Uni)",Patiala,147004,70,0.62,14,53,In Stock
23/09/26 12:54,SKU_001,Product_Dairy_1,Dairy/Fresh,290,1230,273,"BD Mall, Manjit Nagar (Near Thapar Uni)",Patiala,147004,120,0.85,24,76,In Stock
23/09/26 12:54,SKU_002,Product_Staples_2,Staples,40,221,38,"BD Mall, Manjit Nagar (Near Thapar Uni)",Patiala,147004,25,1.03,12,25,In Stock
23/09/26 12:54,SKU_003,Product_Dairy_3,Dairy/Fresh,107,1496,105,"BD Mall, Manjit Nagar (Near Thapar Uni)",Patiala,147004,96,0.95,19,39,In Stock
23/09/26 12:54,SKU_004,Product_Snacks & Beverages_4,Snacks & Beverages,171,230,161,"BD Mall, Manjit Nagar (Near Thapar Uni)",Patiala,147004,69,1.06,34,82,In Stock
23/09/26 12:54,SKU_005,Product_Dairy_5,Dairy/Fresh,277,443,248,"BD Mall, Manjit Nagar (Near Thapar Uni)",Patiala,147004,132,0.6,26,148,In Stock
23/09/26 12:54,SKU_006,Product_Staples_6,Staples,211,1055,183,"BD Mall, Manjit Nagar (Near Thapar Uni)",Patiala,147004,61,1.69,30,56,In Stock
23/09/26 12:54,SKU_007,Product_Dairy_7,Dairy/Fresh,41,352,38,"BD Mall, Manjit Nagar (Near Thapar Uni)",Patiala,147004,117,0.51,23,68,In Stock
23/09/26 12:54,SKU_008,Product_Snacks & Beverages_8,Snacks & Beverages,68,574,60,"BD Mall, Manjit Nagar (Near Thapar Uni)",Patiala,147004,37,1.82,18,43,In Stock
23/09/26 12:54,SKU_009,Product_Snacks & Beverages_9,Snacks & Beverages,189,799,172,"BD Mall, Manjit Nagar (Near Thapar Uni)",Patiala,147004,46,1.91,23,49,In Stock
23/09/26 12:54,SKU_010,Product_Dairy_10,Dairy/Fresh,209,1057,205,"BD Mall, Manjit Nagar (Near Thapar Uni)",Patiala,147004,117,0.81,23,46,In Stock
23/09/26 12:54,SKU_011,Product_Staples_11,Staples,70,1367,63,"BD Mall, Manjit Nagar (Near Thapar Uni)",Patiala,147004,27,1.31,13,17,In Stock
23/09/26 12:54,SKU_012,Product_Snacks & Beverages_12,Snacks & Beverages,150,746,130,"BD Mall, Manjit Nagar (Near Thapar Uni)",Patiala,147004,47,1.59,23,64,In Stock
23/09/26 12:54,SKU_013,Product_Dairy_13,Dairy/Fresh,186,1397,168,"BD Mall, Manjit Nagar (Near Thapar Uni)",Patiala,147004,76,0.74,15,57,In Stock
23/09/26 12:54,SKU_014,Product_Personal Care_14,Personal Care,33,341,33,"BD Mall, Manjit Nagar (Near Thapar Uni)",Patiala,147004,36,1.32,18,49,In Stock
23/09/26 12:54,SKU_015,Product_Dairy_15,Dairy/Fresh,72,997,64,"BD Mall, Manjit Nagar (Near Thapar Uni)",Patiala,147004,72,0.62,14,0,Out of Stock
23/09/26 12:54,SKU_016,Product_Snacks & Beverages_16,Snacks & Beverages,283,134,268,"BD Mall, Manjit Nagar (Near Thapar Uni)",Patiala,147004,48,1.01,24,33,In Stock
23/09/26 12:54,SKU_017,Product_Personal Care_17,Personal Care,69,1125,59,"BD Mall, Manjit Nagar (Near Thapar Uni)",Patiala,147004,77,1,38,83,In Stock
23/09/26 12:54,SKU_018,Product_Snacks & Beverages_18,Snacks & Beverages,73,1229,66,"BD Mall, Manjit Nagar (Near Thapar Uni)",Patiala,147004,25,1.76,12,14,In Stock
23/09/26 12:54,SKU_019,Product_Snacks & Beverages_19,Snacks & Beverages,210,501,188,"BD Mall, Manjit Nagar (Near Thapar Uni)",Patiala,147004,33,1.76,16,22,In Stock
23/09/26 12:54,SKU_020,Product_Staples_20,Staples,181,301,158,"BD Mall, Manjit Nagar (Near Thapar Uni)",Patiala,147004,41,1.79,20,48,In Stock
23/09/26 12:54,SKU_021,Product_Staples_21,Staples,289,915,269,"BD Mall, Manjit Nagar (Near Thapar Uni)",Patiala,147004,73,1.93,36,69,In Stock
23/09/26 12:54,SKU_022,Product_Dairy_22,Dairy/Fresh,234,1375,216,"BD Mall, Manjit Nagar (Near Thapar Uni)",Patiala,147004,74,0.62,14,20,In Stock
23/09/26 12:54,SKU_023,Product_Dairy_23,Dairy/Fresh,232,819,221,"BD Mall, Manjit Nagar (Near Thapar Uni)",Patiala,147004,104,0.86,20,100,In Stock
23/09/26 12:54,SKU_024,Product_Staples_24,Staples,72,891,64,"BD Mall, Manjit Nagar (Near Thapar Uni)",Patiala,147004,58,1.9,29,41,In Stock
23/09/26 12:54,SKU_025,Product_Dairy_25,Dairy/Fresh,271,287,240,"BD Mall, Manjit Nagar (Near Thapar Uni)",Patiala,147004,81,0.98,16,73,In Stock
23/09/26 12:54,SKU_026,Product_Snacks & Beverages_26,Snacks & Beverages,60,1280,53,"BD Mall, Manjit Nagar (Near Thapar Uni)",Patiala,147004,54,1.68,27,47,In Stock
23/09/26 12:54,SKU_027,Product_Staples_27,Staples,84,620,74,"BD Mall, Manjit Nagar (Near Thapar Uni)",Patiala,147004,33,1.53,16,46,In Stock
23/09/26 12:54,SKU_028,Product_Staples_28,Staples,155,1186,145,"BD Mall, Manjit Nagar (Near Thapar Uni)",Patiala,147004,41,1.08,20,28,In Stock
23/09/26 12:54,SKU_029,Product_Staples_29,Staples,100,491,91,"BD Mall, Manjit Nagar (Near Thapar Uni)",Patiala,147004,70,1.29,35,79,In Stock
23/09/26 12:54,SKU_030,Product_Staples_30,Staples,280,330,241,"BD Mall, Manjit Nagar (Near Thapar Uni)",Patiala,147004,42,1.52,21,33,In Stock
23/09/26 12:54,SKU_031,Product_Snacks & Beverages_31,Snacks & Beverages,47,234,42,"BD Mall, Manjit Nagar (Near Thapar Uni)",Patiala,147004,67,1.85,33,49,In Stock
23/09/26 12:54,SKU_032,Product_Staples_32,Staples,287,1029,255,"BD Mall, Manjit Nagar (Near Thapar Uni)",Patiala,147004,26,1.71,13,20,In Stock
23/09/26 12:54,SKU_033,Product_Dairy_33,Dairy/Fresh,81,904,77,"BD Mall, Manjit Nagar (Near Thapar Uni)",Patiala,147004,129,0.59,25,97,In Stock
23/09/26 12:54,SKU_034,Product_Staples_34,Staples,233,1060,223,"BD Mall, Manjit Nagar (Near Thapar Uni)",Patiala,147004,69,1.5,34,42,In Stock
23/09/26 12:54,SKU_035,Product_Dairy_35,Dairy/Fresh,150,1128,131,"BD Mall, Manjit Nagar (Near Thapar Uni)",Patiala,147004,134,0.58,26,65,In Stock
23/09/26 12:54,SKU_036,Product_Snacks & Beverages_36,Snacks & Beverages,274,497,274,"BD Mall, Manjit Nagar (Near Thapar Uni)",Patiala,147004,32,1.12,16,45,In Stock
23/09/26 12:54,SKU_037,Product_Snacks & Beverages_37,Snacks & Beverages,226,1138,201,"BD Mall, Manjit Nagar (Near Thapar Uni)",Patiala,147004,40,1.41,20,26,In Stock
23/09/26 12:54,SKU_038,Product_Dairy_38,Dairy/Fresh,198,963,197,"BD Mall, Manjit Nagar (Near Thapar Uni)",Patiala,147004,55,0.79,11,0,Out of Stock
23/09/26 12:54,SKU_039,Product_Snacks & Beverages_39,Snacks & Beverages,71,1120,65,"BD Mall, Manjit Nagar (Near Thapar Uni)",Patiala,147004,29,1.21,14,18,In Stock
23/09/26 12:54,SKU_040,Product_Snacks & Beverages_40,Snacks & Beverages,241,584,206,"BD Mall, Manjit Nagar (Near Thapar Uni)",Patiala,147004,72,1.43,36,52,In Stock
23/09/26 12:54,SKU_041,Product_Dairy_41,Dairy/Fresh,256,1294,231,"BD Mall, Manjit Nagar (Near Thapar Uni)",Patiala,147004,71,0.83,14,14,In Stock
23/09/26 12:54,SKU_042,Product_Dairy_42,Dairy/Fresh,32,1283,30,"BD Mall, Manjit Nagar (Near Thapar Uni)",Patiala,147004,90,0.56,18,97,In Stock
23/09/26 13:34,SKU_001,Product_Dairy_1,Dairy/Fresh,290,1230,273,"BD Mall, Manjit Nagar (Near Thapar Uni)",Patiala,147004,54,0.78,10,26,In Stock
23/09/26 13:34,SKU_002,Product_Staples_2,Staples,40,221,38,"BD Mall, Manjit Nagar (Near Thapar Uni)",Patiala,147004,34,1.55,17,46,In Stock
23/09/26 13:34,SKU_003,Product_Dairy_3,Dairy/Fresh,107,1496,105,"BD Mall, Manjit Nagar (Near Thapar Uni)",Patiala,147004,136,0.97,27,57,In Stock
23/09/26 13:34,SKU_004,Product_Snacks & Beverages_4,Snacks & Beverages,171,230,161,"BD Mall, Manjit Nagar (Near Thapar Uni)",Patiala,147004,21,1.94,10,12,In Stock
23/09/26 13:34,SKU_005,Product_Dairy_5,Dairy/Fresh,277,443,248,"BD Mall, Manjit Nagar (Near Thapar Uni)",Patiala,147004,125,0.99,25,133,In Stock
23/09/26 13:34,SKU_006,Product_Staples_6,Staples,211,1055,183,"BD Mall, Manjit Nagar (Near Thapar Uni)",Patiala,147004,32,1.85,16,23,In Stock
23/09/26 13:34,SKU_007,Product_Dairy_7,Dairy/Fresh,41,352,38,"BD Mall, Manjit Nagar (Near Thapar Uni)",Patiala,147004,129,0.64,25,136,In Stock
23/09/26 13:34,SKU_008,Product_Snacks & Beverages_8,Snacks & Beverages,68,574,60,"BD Mall, Manjit Nagar (Near Thapar Uni)",Patiala,147004,70,1.88,35,0,Out of Stock
23/09/26 13:34,SKU_009,Product_Snacks & Beverages_9,Snacks & Beverages,189,799,172,"BD Mall, Manjit Nagar (Near Thapar Uni)",Patiala,147004,77,1.02,38,76,In Stock
23/09/26 13:34,SKU_010,Product_Dairy_10,Dairy/Fresh,209,1057,205,"BD Mall, Manjit Nagar (Near Thapar Uni)",Patiala,147004,106,0.62,21,105,In Stock
23/09/26 13:34,SKU_011,Product_Staples_11,Staples,70,1367,63,"BD Mall, Manjit Nagar (Near Thapar Uni)",Patiala,147004,54,1.36,27,41,In Stock
23/09/26 13:34,SKU_012,Product_Snacks & Beverages_12,Snacks & Beverages,150,746,130,"BD Mall, Manjit Nagar (Near Thapar Uni)",Patiala,147004,57,1.74,28,61,In Stock
23/09/26 13:34,SKU_013,Product_Dairy_13,Dairy/Fresh,186,1397,168,"BD Mall, Manjit Nagar (Near Thapar Uni)",Patiala,147004,78,0.75,15,70,In Stock
23/09/26 13:34,SKU_014,Product_Personal Care_14,Personal Care,33,341,33,"BD Mall, Manjit Nagar (Near Thapar Uni)",Patiala,147004,61,1.07,30,56,In Stock
23/09/26 13:34,SKU_015,Product_Dairy_15,Dairy/Fresh,72,997,64,"BD Mall, Manjit Nagar (Near Thapar Uni)",Patiala,147004,136,0.85,27,28,In Stock
23/09/26 13:34,SKU_016,Product_Snacks & Beverages_16,Snacks & Beverages,283,134,268,"BD Mall, Manjit Nagar (Near Thapar Uni)",Patiala,147004,78,1.07,39,48,In Stock
23/09/26 13:34,SKU_017,Product_Personal Care_17,Personal Care,69,1125,59,"BD Mall, Manjit Nagar (Near Thapar Uni)",Patiala,147004,25,1.92,12,16,In Stock
23/09/26 13:34,SKU_018,Product_Snacks & Beverages_18,Snacks & Beverages,73,1229,66,"BD Mall, Manjit Nagar (Near Thapar Uni)",Patiala,147004,74,1.05,37,0,Out of Stock
23/09/26 13:34,SKU_019,Product_Snacks & Beverages_19,Snacks & Beverages,210,501,188,"BD Mall, Manjit Nagar (Near Thapar Uni)",Patiala,147004,67,1.48,33,36,In Stock
23/09/26 13:34,SKU_020,Product_Staples_20,Staples,181,301,158,"BD Mall, Manjit Nagar (Near Thapar Uni)",Patiala,147004,68,1.72,34,80,In Stock
23/09/26 13:34,SKU_021,Product_Staples_21,Staples,289,915,269,"BD Mall, Manjit Nagar (Near Thapar Uni)",Patiala,147004,38,1.39,19,31,In Stock
23/09/26 13:34,SKU_022,Product_Dairy_22,Dairy/Fresh,234,1375,216,"BD Mall, Manjit Nagar (Near Thapar Uni)",Patiala,147004,134,0.93,26,106,In Stock
23/09/26 13:34,SKU_023,Product_Dairy_23,Dairy/Fresh,232,819,221,"BD Mall, Manjit Nagar (Near Thapar Uni)",Patiala,147004,115,0.88,23,107,In Stock
23/09/26 13:34,SKU_024,Product_Staples_24,Staples,72,891,64,"BD Mall, Manjit Nagar (Near Thapar Uni)",Patiala,147004,58,1.78,29,51,In Stock
23/09/26 13:34,SKU_025,Product_Dairy_25,Dairy/Fresh,271,287,240,"BD Mall, Manjit Nagar (Near Thapar Uni)",Patiala,147004,67,0.68,13,62,In Stock
23/09/26 13:34,SKU_026,Product_Snacks & Beverages_26,Snacks & Beverages,60,1280,53,"BD Mall, Manjit Nagar (Near Thapar Uni)",Patiala,147004,71,1.38,35,49,In Stock
23/09/26 13:34,SKU_027,Product_Staples_27,Staples,84,620,74,"BD Mall, Manjit Nagar (Near Thapar Uni)",Patiala,147004,31,1.51,15,28,In Stock
23/09/26 13:34,SKU_028,Product_Staples_28,Staples,155,1186,145,"BD Mall, Manjit Nagar (Near Thapar Uni)",Patiala,147004,24,1.36,12,20,In Stock
23/09/26 13:34,SKU_029,Product_Staples_29,Staples,100,491,91,"BD Mall, Manjit Nagar (Near Thapar Uni)",Patiala,147004,22,1.26,11,22,In Stock
23/09/26 13:34,SKU_030,Product_Staples_30,Staples,280,330,241,"BD Mall, Manjit Nagar (Near Thapar Uni)",Patiala,147004,30,1.75,15,44,In Stock
23/09/26 13:34,SKU_031,Product_Snacks & Beverages_31,Snacks & Beverages,47,234,42,"BD Mall, Manjit Nagar (Near Thapar Uni)",Patiala,147004,76,1.34,38,66,In Stock
23/09/26 13:34,SKU_032,Product_Staples_32,Staples,287,1029,255,"BD Mall, Manjit Nagar (Near Thapar Uni)",Patiala,147004,49,1.43,24,46,In Stock
23/09/26 13:34,SKU_033,Product_Dairy_33,Dairy/Fresh,81,904,77,"BD Mall, Manjit Nagar (Near Thapar Uni)",Patiala,147004,127,0.61,25,58,In Stock
23/09/26 13:34,SKU_034,Product_Staples_34,Staples,233,1060,223,"BD Mall, Manjit Nagar (Near Thapar Uni)",Patiala,147004,24,1.71,12,34,In Stock
23/09/26 13:34,SKU_035,Product_Dairy_35,Dairy/Fresh,150,1128,131,"BD Mall, Manjit Nagar (Near Thapar Uni)",Patiala,147004,85,0.73,17,80,In Stock
23/09/26 13:34,SKU_036,Product_Snacks & Beverages_36,Snacks & Beverages,274,497,274,"BD Mall, Manjit Nagar (Near Thapar Uni)",Patiala,147004,46,1.67,23,29,In Stock
23/09/26 13:34,SKU_037,Product_Snacks & Beverages_37,Snacks & Beverages,226,1138,201,"BD Mall, Manjit Nagar (Near Thapar Uni)",Patiala,147004,47,1.47,23,31,In Stock
23/09/26 13:34,SKU_038,Product_Dairy_38,Dairy/Fresh,198,963,197,"BD Mall, Manjit Nagar (Near Thapar Uni)",Patiala,147004,77,0.93,15,18,In Stock
23/09/26 13:34,SKU_039,Product_Snacks & Beverages_39,Snacks & Beverages,71,1120,65,"BD Mall, Manjit Nagar (Near Thapar Uni)",Patiala,147004,37,1.64,18,0,Out of Stock
23/09/26 13:34,SKU_040,Product_Snacks & Beverages_40,Snacks & Beverages,241,584,206,"BD Mall, Manjit Nagar (Near Thapar Uni)",Patiala,147004,31,1.06,15,41,In Stock
23/09/26 13:34,SKU_041,Product_Dairy_41,Dairy/Fresh,256,1294,231,"BD Mall, Manjit Nagar (Near Thapar Uni)",Patiala,147004,88,0.71,17,49,In Stock
23/09/26 13:34,SKU_042,Product_Dairy_42,Dairy/Fresh,32,1283,30,"BD Mall, Manjit Nagar (Near Thapar Uni)",Patiala,147004,96,0.8,19,50,In Stock
23/09/26 14:24,SKU_001,Product_Dairy_1,Dairy/Fresh,290,1230,273,"BD Mall, Manjit Nagar (Near Thapar Uni)",Patiala,147004,68,0.78,13,56,In Stock
23/09/26 14:24,SKU_002,Product_Staples_2,Staples,40,221,38,"BD Mall, Manjit Nagar (Near Thapar Uni)",Patiala,147004,56,1.83,28,72,In Stock
23/09/26 14:24,SKU_003,Product_Dairy_3,Dairy/Fresh,107,1496,105,"BD Mall, Manjit Nagar (Near Thapar Uni)",Patiala,147004,77,0.58,15,51,In Stock
23/09/26 14:24,SKU_004,Product_Snacks & Beverages_4,Snacks & Beverages,171,230,161,"BD Mall, Manjit Nagar (Near Thapar Uni)",Patiala,147004,35,1.38,17,43,In Stock
23/09/26 14:24,SKU_005,Product_Dairy_5,Dairy/Fresh,277,443,248,"BD Mall, Manjit Nagar (Near Thapar Uni)",Patiala,147004,121,0.59,24,115,In Stock
23/09/26 14:24,SKU_006,Product_Staples_6,Staples,211,1055,183,"BD Mall, Manjit Nagar (Near Thapar Uni)",Patiala,147004,43,1.84,21,23,In Stock
23/09/26 14:24,SKU_007,Product_Dairy_7,Dairy/Fresh,41,352,38,"BD Mall, Manjit Nagar (Near Thapar Uni)",Patiala,147004,96,0.67,19,78,In Stock
23/09/26 14:24,SKU_008,Product_Snacks & Beverages_8,Snacks & Beverages,68,574,60,"BD Mall, Manjit Nagar (Near Thapar Uni)",Patiala,147004,41,1.27,20,55,In Stock
23/09/26 14:24,SKU_009,Product_Snacks & Beverages_9,Snacks & Beverages,189,799,172,"BD Mall, Manjit Nagar (Near Thapar Uni)",Patiala,147004,55,1.12,27,69,In Stock
23/09/26 14:24,SKU_010,Product_Dairy_10,Dairy/Fresh,209,1057,205,"BD Mall, Manjit Nagar (Near Thapar Uni)",Patiala,147004,146,0.7,29,36,In Stock
23/09/26 14:24,SKU_011,Product_Staples_11,Staples,70,1367,63,"BD Mall, Manjit Nagar (Near Thapar Uni)",Patiala,147004,74,1.11,37,80,In Stock
23/09/26 14:24,SKU_012,Product_Snacks & Beverages_12,Snacks & Beverages,150,746,130,"BD Mall, Manjit Nagar (Near Thapar Uni)",Patiala,147004,77,1.29,38,87,In Stock
23/09/26 14:24,SKU_013,Product_Dairy_13,Dairy/Fresh,186,1397,168,"BD Mall, Manjit Nagar (Near Thapar Uni)",Patiala,147004,123,0.9,24,137,In Stock
23/09/26 14:24,SKU_014,Product_Personal Care_14,Personal Care,33,341,33,"BD Mall, Manjit Nagar (Near Thapar Uni)",Patiala,147004,48,1.06,24,64,In Stock
23/09/26 14:24,SKU_015,Product_Dairy_15,Dairy/Fresh,72,997,64,"BD Mall, Manjit Nagar (Near Thapar Uni)",Patiala,147004,96,0.79,19,56,In Stock
23/09/26 14:24,SKU_016,Product_Snacks & Beverages_16,Snacks & Beverages,283,134,268,"BD Mall, Manjit Nagar (Near Thapar Uni)",Patiala,147004,67,1.18,33,54,In Stock
23/09/26 14:24,SKU_017,Product_Personal Care_17,Personal Care,69,1125,59,"BD Mall, Manjit Nagar (Near Thapar Uni)",Patiala,147004,73,1.63,36,49,In Stock
23/09/26 14:24,SKU_018,Product_Snacks & Beverages_18,Snacks & Beverages,73,1229,66,"BD Mall, Manjit Nagar (Near Thapar Uni)",Patiala,147004,34,1.62,17,31,In Stock
23/09/26 14:24,SKU_019,Product_Snacks & Beverages_19,Snacks & Beverages,210,501,188,"BD Mall, Manjit Nagar (Near Thapar Uni)",Patiala,147004,79,1.55,39,93,In Stock
23/09/26 14:24,SKU_020,Product_Staples_20,Staples,181,301,158,"BD Mall, Manjit Nagar (Near Thapar Uni)",Patiala,147004,50,1.25,25,28,In Stock
23/09/26 14:24,SKU_021,Product_Staples_21,Staples,289,915,269,"BD Mall, Manjit Nagar (Near Thapar Uni)",Patiala,147004,61,1.37,30,47,In Stock
23/09/26 14:24,SKU_022,Product_Dairy_22,Dairy/Fresh,234,1375,216,"BD Mall, Manjit Nagar (Near Thapar Uni)",Patiala,147004,83,0.6,16,80,In Stock
23/09/26 14:24,SKU_023,Product_Dairy_23,Dairy/Fresh,232,819,221,"BD Mall, Manjit Nagar (Near Thapar Uni)",Patiala,147004,142,0.61,28,91,In Stock
23/09/26 14:24,SKU_024,Product_Staples_24,Staples,72,891,64,"BD Mall, Manjit Nagar (Near Thapar Uni)",Patiala,147004,35,1.9,17,28,In Stock
23/09/26 14:24,SKU_025,Product_Dairy_25,Dairy/Fresh,271,287,240,"BD Mall, Manjit Nagar (Near Thapar Uni)",Patiala,147004,126,0.65,25,142,In Stock
23/09/26 14:24,SKU_026,Product_Snacks & Beverages_26,Snacks & Beverages,60,1280,53,"BD Mall, Manjit Nagar (Near Thapar Uni)",Patiala,147004,68,1.65,34,74,In Stock
23/09/26 14:24,SKU_027,Product_Staples_27,Staples,84,620,74,"BD Mall, Manjit Nagar (Near Thapar Uni)",Patiala,147004,51,1.92,25,66,In Stock
23/09/26 14:24,SKU_028,Product_Staples_28,Staples,155,1186,145,"BD Mall, Manjit Nagar (Near Thapar Uni)",Patiala,147004,70,1.64,35,87,In Stock
23/09/26 14:24,SKU_029,Product_Staples_29,Staples,100,491,91,"BD Mall, Manjit Nagar (Near Thapar Uni)",Patiala,147004,21,1.03,10,37,In Stock
23/09/26 14:24,SKU_030,Product_Staples_30,Staples,280,330,241,"BD Mall, Manjit Nagar (Near Thapar Uni)",Patiala,147004,43,2,21,37,In Stock
23/09/26 14:24,SKU_031,Product_Snacks & Beverages_31,Snacks & Beverages,47,234,42,"BD Mall, Manjit Nagar (Near Thapar Uni)",Patiala,147004,42,1.1,21,39,In Stock
23/09/26 14:24,SKU_032,Product_Staples_32,Staples,287,1029,255,"BD Mall, Manjit Nagar (Near Thapar Uni)",Patiala,147004,21,1.68,10,13,In Stock
23/09/26 14:24,SKU_033,Product_Dairy_33,Dairy/Fresh,81,904,77,"BD Mall, Manjit Nagar (Near Thapar Uni)",Patiala,147004,75,0.86,15,62,In Stock
23/09/26 14:24,SKU_034,Product_Staples_34,Staples,233,1060,223,"BD Mall, Manjit Nagar (Near Thapar Uni)",Patiala,147004,50,1.39,25,31,In Stock
23/09/26 14:24,SKU_035,Product_Dairy_35,Dairy/Fresh,150,1128,131,"BD Mall, Manjit Nagar (Near Thapar Uni)",Patiala,147004,120,0.61,24,96,In Stock
23/09/26 14:24,SKU_036,Product_Snacks & Beverages_36,Snacks & Beverages,274,497,274,"BD Mall, Manjit Nagar (Near Thapar Uni)",Patiala,147004,59,1.44,29,36,In Stock
23/09/26 14:24,SKU_037,Product_Snacks & Beverages_37,Snacks & Beverages,226,1138,201,"BD Mall, Manjit Nagar (Near Thapar Uni)",Patiala,147004,45,1.25,22,46,In Stock
23/09/26 14:24,SKU_038,Product_Dairy_38,Dairy/Fresh,198,963,197,"BD Mall, Manjit Nagar (Near Thapar Uni)",Patiala,147004,75,0.67,15,21,In Stock
23/09/26 14:24,SKU_039,Product_Snacks & Beverages_39,Snacks & Beverages,71,1120,65,"BD Mall, Manjit Nagar (Near Thapar Uni)",Patiala,147004,22,1.34,11,0,Out of Stock
23/09/26 14:24,SKU_040,Product_Snacks & Beverages_40,Snacks & Beverages,241,584,206,"BD Mall, Manjit Nagar (Near Thapar Uni)",Patiala,147004,77,1.96,38,45,In Stock
23/09/26 14:24,SKU_041,Product_Dairy_41,Dairy/Fresh,256,1294,231,"BD Mall, Manjit Nagar (Near Thapar Uni)",Patiala,147004,56,0.91,11,41,In Stock
23/09/26 14:24,SKU_042,Product_Dairy_42,Dairy/Fresh,32,1283,30,"BD Mall, Manjit Nagar (Near Thapar Uni)",Patiala,147004,107,0.57,21,32,In Stock
23/09/26 15:12,SKU_001,Product_Dairy_1,Dairy/Fresh,290,1230,273,"BD Mall, Manjit Nagar (Near Thapar Uni)",Patiala,147004,98,0.59,19,75,In Stock
23/09/26 15:12,SKU_002,Product_Staples_2,Staples,40,221,38,"BD Mall, Manjit Nagar (Near Thapar Uni)",Patiala,147004,20,1.81,10,11,In Stock
23/09/26 15:12,SKU_003,Product_Dairy_3,Dairy/Fresh,107,1496,105,"BD Mall, Manjit Nagar (Near Thapar Uni)",Patiala,147004,114,0.7,22,33,In Stock
23/09/26 15:12,SKU_004,Product_Snacks & Beverages_4,Snacks & Beverages,171,230,161,"BD Mall, Manjit Nagar (Near Thapar Uni)",Patiala,147004,22,1.21,11,37,In Stock
23/09/26 15:12,SKU_005,Product_Dairy_5,Dairy/Fresh,277,443,248,"BD Mall, Manjit Nagar (Near Thapar Uni)",Patiala,147004,66,0.88,13,58,In Stock
23/09/26 15:12,SKU_006,Product_Staples_6,Staples,211,1055,183,"BD Mall, Manjit Nagar (Near Thapar Uni)",Patiala,147004,45,1.88,22,0,Out of Stock
23/09/26 15:12,SKU_007,Product_Dairy_7,Dairy/Fresh,41,352,38,"BD Mall, Manjit Nagar (Near Thapar Uni)",Patiala,147004,74,0.68,14,74,In Stock
23/09/26 15:12,SKU_008,Product_Snacks & Beverages_8,Snacks & Beverages,68,574,60,"BD Mall, Manjit Nagar (Near Thapar Uni)",Patiala,147004,28,1.12,14,26,In Stock
23/09/26 15:12,SKU_009,Product_Snacks & Beverages_9,Snacks & Beverages,189,799,172,"BD Mall, Manjit Nagar (Near Thapar Uni)",Patiala,147004,57,1.49,28,0,Out of Stock
23/09/26 15:12,SKU_010,Product_Dairy_10,Dairy/Fresh,209,1057,205,"BD Mall, Manjit Nagar (Near Thapar Uni)",Patiala,147004,78,0.97,15,79,In Stock
23/09/26 15:12,SKU_011,Product_Staples_11,Staples,70,1367,63,"BD Mall, Manjit Nagar (Near Thapar Uni)",Patiala,147004,40,1.57,20,54,In Stock
23/09/26 15:12,SKU_012,Product_Snacks & Beverages_12,Snacks & Beverages,150,746,130,"BD Mall, Manjit Nagar (Near Thapar Uni)",Patiala,147004,76,1.45,38,67,In Stock
23/09/26 15:12,SKU_013,Product_Dairy_13,Dairy/Fresh,186,1397,168,"BD Mall, Manjit Nagar (Near Thapar Uni)",Patiala,147004,65,0.65,13,29,In Stock
23/09/26 15:12,SKU_014,Product_Personal Care_14,Personal Care,33,341,33,"BD Mall, Manjit Nagar (Near Thapar Uni)",Patiala,147004,40,1.11,20,27,In Stock
23/09/26 15:12,SKU_015,Product_Dairy_15,Dairy/Fresh,72,997,64,"BD Mall, Manjit Nagar (Near Thapar Uni)",Patiala,147004,103,0.89,20,86,In Stock
23/09/26 15:12,SKU_016,Product_Snacks & Beverages_16,Snacks & Beverages,283,134,268,"BD Mall, Manjit Nagar (Near Thapar Uni)",Patiala,147004,61,1.82,30,39,In Stock
23/09/26 15:12,SKU_017,Product_Personal Care_17,Personal Care,69,1125,59,"BD Mall, Manjit Nagar (Near Thapar Uni)",Patiala,147004,78,1.89,39,72,In Stock
23/09/26 15:12,SKU_018,Product_Snacks & Beverages_18,Snacks & Beverages,73,1229,66,"BD Mall, Manjit Nagar (Near Thapar Uni)",Patiala,147004,25,1.23,12,33,In Stock
23/09/26 15:12,SKU_019,Product_Snacks & Beverages_19,Snacks & Beverages,210,501,188,"BD Mall, Manjit Nagar (Near Thapar Uni)",Patiala,147004,74,1.11,37,40,In Stock
23/09/26 15:12,SKU_020,Product_Staples_20,Staples,181,301,158,"BD Mall, Manjit Nagar (Near Thapar Uni)",Patiala,147004,63,1.05,31,62,In Stock
23/09/26 15:12,SKU_021,Product_Staples_21,Staples,289,915,269,"BD Mall, Manjit Nagar (Near Thapar Uni)",Patiala,147004,55,1.61,27,55,In Stock
23/09/26 15:12,SKU_022,Product_Dairy_22,Dairy/Fresh,234,1375,216,"BD Mall, Manjit Nagar (Near Thapar Uni)",Patiala,147004,129,0.79,25,70,In Stock
23/09/26 15:12,SKU_023,Product_Dairy_23,Dairy/Fresh,232,819,221,"BD Mall, Manjit Nagar (Near Thapar Uni)",Patiala,147004,90,0.94,18,92,In Stock
23/09/26 15:12,SKU_024,Product_Staples_24,Staples,72,891,64,"BD Mall, Manjit Nagar (Near Thapar Uni)",Patiala,147004,36,1.68,18,30,In Stock
23/09/26 15:12,SKU_025,Product_Dairy_25,Dairy/Fresh,271,287,240,"BD Mall, Manjit Nagar (Near Thapar Uni)",Patiala,147004,120,0.6,24,82,In Stock
23/09/26 15:12,SKU_026,Product_Snacks & Beverages_26,Snacks & Beverages,60,1280,53,"BD Mall, Manjit Nagar (Near Thapar Uni)",Patiala,147004,59,1.94,29,32,In Stock
23/09/26 15:12,SKU_027,Product_Staples_27,Staples,84,620,74,"BD Mall, Manjit Nagar (Near Thapar Uni)",Patiala,147004,77,1.06,38,39,In Stock
23/09/26 15:12,SKU_028,Product_Staples_28,Staples,155,1186,145,"BD Mall, Manjit Nagar (Near Thapar Uni)",Patiala,147004,71,1.19,35,68,In Stock
23/09/26 15:12,SKU_029,Product_Staples_29,Staples,100,491,91,"BD Mall, Manjit Nagar (Near Thapar Uni)",Patiala,147004,22,1.07,11,0,Out of Stock
23/09/26 15:12,SKU_030,Product_Staples_30,Staples,280,330,241,"BD Mall, Manjit Nagar (Near Thapar Uni)",Patiala,147004,31,1.87,15,36,In Stock
23/09/26 15:12,SKU_031,Product_Snacks & Beverages_31,Snacks & Beverages,47,234,42,"BD Mall, Manjit Nagar (Near Thapar Uni)",Patiala,147004,58,1.79,29,33,In Stock
23/09/26 15:12,SKU_032,Product_Staples_32,Staples,287,1029,255,"BD Mall, Manjit Nagar (Near Thapar Uni)",Patiala,147004,31,1.57,15,23,In Stock
23/09/26 15:12,SKU_033,Product_Dairy_33,Dairy/Fresh,81,904,77,"BD Mall, Manjit Nagar (Near Thapar Uni)",Patiala,147004,64,0.51,12,31,In Stock
23/09/26 15:12,SKU_034,Product_Staples_34,Staples,233,1060,223,"BD Mall, Manjit Nagar (Near Thapar Uni)",Patiala,147004,75,1.27,37,57,In Stock
23/09/26 15:12,SKU_035,Product_Dairy_35,Dairy/Fresh,150,1128,131,"BD Mall, Manjit Nagar (Near Thapar Uni)",Patiala,147004,60,0.93,12,28,In Stock
23/09/26 15:12,SKU_036,Product_Snacks & Beverages_36,Snacks & Beverages,274,497,274,"BD Mall, Manjit Nagar (Near Thapar Uni)",Patiala,147004,41,1.56,20,31,In Stock
23/09/26 15:12,SKU_037,Product_Snacks & Beverages_37,Snacks & Beverages,226,1138,201,"BD Mall, Manjit Nagar (Near Thapar Uni)",Patiala,147004,42,1.26,21,48,In Stock
23/09/26 15:12,SKU_038,Product_Dairy_38,Dairy/Fresh,198,963,197,"BD Mall, Manjit Nagar (Near Thapar Uni)",Patiala,147004,79,0.56,15,96,In Stock
23/09/26 15:12,SKU_039,Product_Snacks & Beverages_39,Snacks & Beverages,71,1120,65,"BD Mall, Manjit Nagar (Near Thapar Uni)",Patiala,147004,24,1.73,12,14,In Stock
23/09/26 15:12,SKU_040,Product_Snacks & Beverages_40,Snacks & Beverages,241,584,206,"BD Mall, Manjit Nagar (Near Thapar Uni)",Patiala,147004,28,1.3,14,18,In Stock
23/09/26 15:12,SKU_041,Product_Dairy_41,Dairy/Fresh,256,1294,231,"BD Mall, Manjit Nagar (Near Thapar Uni)",Patiala,147004,100,0.75,20,79,In Stock
23/09/26 15:12,SKU_042,Product_Dairy_42,Dairy/Fresh,32,1283,30,"BD Mall, Manjit Nagar (Near Thapar Uni)",Patiala,147004,97,0.98,19,71,In Stock
23/09/26 16:57,SKU_001,Product_Dairy_1,Dairy/Fresh,290,1230,273,"BD Mall, Manjit Nagar (Near Thapar Uni)",Patiala,147004,115,0.79,23,74,In Stock
23/09/26 16:57,SKU_002,Product_Staples_2,Staples,40,221,38,"BD Mall, Manjit Nagar (Near Thapar Uni)",Patiala,147004,54,1.57,27,40,In Stock
23/09/26 16:57,SKU_003,Product_Dairy_3,Dairy/Fresh,107,1496,105,"BD Mall, Manjit Nagar (Near Thapar Uni)",Patiala,147004,57,0.83,11,58,In Stock
23/09/26 16:57,SKU_004,Product_Snacks & Beverages_4,Snacks & Beverages,171,230,161,"BD Mall, Manjit Nagar (Near Thapar Uni)",Patiala,147004,68,1.5,34,59,In Stock
23/09/26 16:57,SKU_005,Product_Dairy_5,Dairy/Fresh,277,443,248,"BD Mall, Manjit Nagar (Near Thapar Uni)",Patiala,147004,55,0.93,11,29,In Stock
23/09/26 16:57,SKU_006,Product_Staples_6,Staples,211,1055,183,"BD Mall, Manjit Nagar (Near Thapar Uni)",Patiala,147004,43,1.89,21,61,In Stock
23/09/26 16:57,SKU_007,Product_Dairy_7,Dairy/Fresh,41,352,38,"BD Mall, Manjit Nagar (Near Thapar Uni)",Patiala,147004,106,0.93,21,37,In Stock
23/09/26 16:57,SKU_008,Product_Snacks & Beverages_8,Snacks & Beverages,68,574,60,"BD Mall, Manjit Nagar (Near Thapar Uni)",Patiala,147004,52,1.93,26,64,In Stock
23/09/26 16:57,SKU_009,Product_Snacks & Beverages_9,Snacks & Beverages,189,799,172,"BD Mall, Manjit Nagar (Near Thapar Uni)",Patiala,147004,58,1.32,29,70,In Stock
23/09/26 16:57,SKU_010,Product_Dairy_10,Dairy/Fresh,209,1057,205,"BD Mall, Manjit Nagar (Near Thapar Uni)",Patiala,147004,141,0.93,28,95,In Stock
23/09/26 16:57,SKU_011,Product_Staples_11,Staples,70,1367,63,"BD Mall, Manjit Nagar (Near Thapar Uni)",Patiala,147004,65,1.05,32,0,Out of Stock
23/09/26 16:57,SKU_012,Product_Snacks & Beverages_12,Snacks & Beverages,150,746,130,"BD Mall, Manjit Nagar (Near Thapar Uni)",Patiala,147004,56,1.59,28,62,In Stock
23/09/26 16:57,SKU_013,Product_Dairy_13,Dairy/Fresh,186,1397,168,"BD Mall, Manjit Nagar (Near Thapar Uni)",Patiala,147004,94,0.97,18,105,In Stock
23/09/26 16:57,SKU_014,Product_Personal Care_14,Personal Care,33,341,33,"BD Mall, Manjit Nagar (Near Thapar Uni)",Patiala,147004,47,1.77,23,63,In Stock
23/09/26 16:57,SKU_015,Product_Dairy_15,Dairy/Fresh,72,997,64,"BD Mall, Manjit Nagar (Near Thapar Uni)",Patiala,147004,115,0.75,23,35,In Stock
23/09/26 16:57,SKU_016,Product_Snacks & Beverages_16,Snacks & Beverages,283,134,268,"BD Mall, Manjit Nagar (Near Thapar Uni)",Patiala,147004,50,1.44,25,57,In Stock
23/09/26 16:57,SKU_017,Product_Personal Care_17,Personal Care,69,1125,59,"BD Mall, Manjit Nagar (Near Thapar Uni)",Patiala,147004,30,1.18,15,29,In Stock
23/09/26 16:57,SKU_018,Product_Snacks & Beverages_18,Snacks & Beverages,73,1229,66,"BD Mall, Manjit Nagar (Near Thapar Uni)",Patiala,147004,42,1.66,21,35,In Stock
23/09/26 16:57,SKU_019,Product_Snacks & Beverages_19,Snacks & Beverages,210,501,188,"BD Mall, Manjit Nagar (Near Thapar Uni)",Patiala,147004,76,1.16,38,68,In Stock
23/09/26 16:57,SKU_020,Product_Staples_20,Staples,181,301,158,"BD Mall, Manjit Nagar (Near Thapar Uni)",Patiala,147004,21,1.9,10,20,In Stock
23/09/26 16:57,SKU_021,Product_Staples_21,Staples,289,915,269,"BD Mall, Manjit Nagar (Near Thapar Uni)",Patiala,147004,59,1.23,29,56,In Stock
23/09/26 16:57,SKU_022,Product_Dairy_22,Dairy/Fresh,234,1375,216,"BD Mall, Manjit Nagar (Near Thapar Uni)",Patiala,147004,142,0.57,28,37,In Stock
23/09/26 16:57,SKU_023,Product_Dairy_23,Dairy/Fresh,232,819,221,"BD Mall, Manjit Nagar (Near Thapar Uni)",Patiala,147004,116,0.91,23,79,In Stock
23/09/26 16:57,SKU_024,Product_Staples_24,Staples,72,891,64,"BD Mall, Manjit Nagar (Near Thapar Uni)",Patiala,147004,54,1.46,27,33,In Stock
23/09/26 16:57,SKU_025,Product_Dairy_25,Dairy/Fresh,271,287,240,"BD Mall, Manjit Nagar (Near Thapar Uni)",Patiala,147004,52,0.97,10,42,In Stock
23/09/26 16:57,SKU_026,Product_Snacks & Beverages_26,Snacks & Beverages,60,1280,53,"BD Mall, Manjit Nagar (Near Thapar Uni)",Patiala,147004,58,1.49,29,35,In Stock
23/09/26 16:57,SKU_027,Product_Staples_27,Staples,84,620,74,"BD Mall, Manjit Nagar (Near Thapar Uni)",Patiala,147004,56,1.08,28,32,In Stock
23/09/26 16:57,SKU_028,Product_Staples_28,Staples,155,1186,145,"BD Mall, Manjit Nagar (Near Thapar Uni)",Patiala,147004,40,1.99,20,45,In Stock
23/09/26 16:57,SKU_029,Product_Staples_29,Staples,100,491,91,"BD Mall, Manjit Nagar (Near Thapar Uni)",Patiala,147004,77,1.59,38,92,In Stock
23/09/26 16:57,SKU_030,Product_Staples_30,Staples,280,330,241,"BD Mall, Manjit Nagar (Near Thapar Uni)",Patiala,147004,24,1.26,12,27,In Stock
23/09/26 16:57,SKU_031,Product_Snacks & Beverages_31,Snacks & Beverages,47,234,42,"BD Mall, Manjit Nagar (Near Thapar Uni)",Patiala,147004,71,1.56,35,42,In Stock
23/09/26 16:57,SKU_032,Product_Staples_32,Staples,287,1029,255,"BD Mall, Manjit Nagar (Near Thapar Uni)",Patiala,147004,64,1.08,32,53,In Stock
23/09/26 16:57,SKU_033,Product_Dairy_33,Dairy/Fresh,81,904,77,"BD Mall, Manjit Nagar (Near Thapar Uni)",Patiala,147004,53,0.76,10,43,In Stock
23/09/26 16:57,SKU_034,Product_Staples_34,Staples,233,1060,223,"BD Mall, Manjit Nagar (Near Thapar Uni)",Patiala,147004,48,1.93,24,63,In Stock
23/09/26 16:57,SKU_035,Product_Dairy_35,Dairy/Fresh,150,1128,131,"BD Mall, Manjit Nagar (Near Thapar Uni)",Patiala,147004,124,0.53,24,0,Out of Stock
23/09/26 16:57,SKU_036,Product_Snacks & Beverages_36,Snacks & Beverages,274,497,274,"BD Mall, Manjit Nagar (Near Thapar Uni)",Patiala,147004,57,1.34,28,73,In Stock
23/09/26 16:57,SKU_037,Product_Snacks & Beverages_37,Snacks & Beverages,226,1138,201,"BD Mall, Manjit Nagar (Near Thapar Uni)",Patiala,147004,39,1.33,19,54,In Stock
23/09/26 16:57,SKU_038,Product_Dairy_38,Dairy/Fresh,198,963,197,"BD Mall, Manjit Nagar (Near Thapar Uni)",Patiala,147004,140,0.64,28,83,In Stock
23/09/26 16:57,SKU_039,Product_Snacks & Beverages_39,Snacks & Beverages,71,1120,65,"BD Mall, Manjit Nagar (Near Thapar Uni)",Patiala,147004,44,1.65,22,28,In Stock
23/09/26 16:57,SKU_040,Product_Snacks & Beverages_40,Snacks & Beverages,241,584,206,"BD Mall, Manjit Nagar (Near Thapar Uni)",Patiala,147004,21,1.53,10,29,In Stock
23/09/26 16:57,SKU_041,Product_Dairy_41,Dairy/Fresh,256,1294,231,"BD Mall, Manjit Nagar (Near Thapar Uni)",Patiala,147004,111,0.72,22,61,In Stock
23/09/26 16:57,SKU_042,Product_Dairy_42,Dairy/Fresh,32,1283,30,"BD Mall, Manjit Nagar (Near Thapar Uni)",Patiala,147004,98,0.77,19,77,In Stock
23/09/26 17:56,SKU_001,Product_Dairy_1,Dairy/Fresh,290,1230,273,"BD Mall, Manjit Nagar (Near Thapar Uni)",Patiala,147004,58,0.55,11,53,In Stock
23/09/26 17:56,SKU_002,Product_Staples_2,Staples,40,221,38,"BD Mall, Manjit Nagar (Near Thapar Uni)",Patiala,147004,25,1.01,12,39,In Stock
23/09/26 17:56,SKU_003,Product_Dairy_3,Dairy/Fresh,107,1496,105,"BD Mall, Manjit Nagar (Near Thapar Uni)",Patiala,147004,80,0.69,16,81,In Stock
23/09/26 17:56,SKU_004,Product_Snacks & Beverages_4,Snacks & Beverages,171,230,161,"BD Mall, Manjit Nagar (Near Thapar Uni)",Patiala,147004,76,1.22,38,46,In Stock
23/09/26 17:56,SKU_005,Product_Dairy_5,Dairy/Fresh,277,443,248,"BD Mall, Manjit Nagar (Near Thapar Uni)",Patiala,147004,110,0.69,22,27,In Stock
23/09/26 17:56,SKU_006,Product_Staples_6,Staples,211,1055,183,"BD Mall, Manjit Nagar (Near Thapar Uni)",Patiala,147004,52,1.5,26,26,In Stock
23/09/26 17:56,SKU_007,Product_Dairy_7,Dairy/Fresh,41,352,38,"BD Mall, Manjit Nagar (Near Thapar Uni)",Patiala,147004,97,0.76,19,0,Out of Stock
23/09/26 17:56,SKU_008,Product_Snacks & Beverages_8,Snacks & Beverages,68,574,60,"BD Mall, Manjit Nagar (Near Thapar Uni)",Patiala,147004,70,1.18,35,0,Out of Stock
23/09/26 17:56,SKU_009,Product_Snacks & Beverages_9,Snacks & Beverages,189,799,172,"BD Mall, Manjit Nagar (Near Thapar Uni)",Patiala,147004,24,1.75,12,16,In Stock
23/09/26 17:56,SKU_010,Product_Dairy_10,Dairy/Fresh,209,1057,205,"BD Mall, Manjit Nagar (Near Thapar Uni)",Patiala,147004,57,0.64,11,0,Out of Stock
23/09/26 17:56,SKU_011,Product_Staples_11,Staples,70,1367,63,"BD Mall, Manjit Nagar (Near Thapar Uni)",Patiala,147004,38,1.69,19,27,In Stock
23/09/26 17:56,SKU_012,Product_Snacks & Beverages_12,Snacks & Beverages,150,746,130,"BD Mall, Manjit Nagar (Near Thapar Uni)",Patiala,147004,31,1.35,15,27,In Stock
23/09/26 17:56,SKU_013,Product_Dairy_13,Dairy/Fresh,186,1397,168,"BD Mall, Manjit Nagar (Near Thapar Uni)",Patiala,147004,94,0.93,18,109,In Stock
23/09/26 17:56,SKU_014,Product_Personal Care_14,Personal Care,33,341,33,"BD Mall, Manjit Nagar (Near Thapar Uni)",Patiala,147004,44,1.93,22,0,Out of Stock
23/09/26 17:56,SKU_015,Product_Dairy_15,Dairy/Fresh,72,997,64,"BD Mall, Manjit Nagar (Near Thapar Uni)",Patiala,147004,88,0.92,17,42,In Stock
23/09/26 17:56,SKU_016,Product_Snacks & Beverages_16,Snacks & Beverages,283,134,268,"BD Mall, Manjit Nagar (Near Thapar Uni)",Patiala,147004,70,1.5,35,50,In Stock
23/09/26 17:56,SKU_017,Product_Personal Care_17,Personal Care,69,1125,59,"BD Mall, Manjit Nagar (Near Thapar Uni)",Patiala,147004,54,1.85,27,66,In Stock
23/09/26 17:56,SKU_018,Product_Snacks & Beverages_18,Snacks & Beverages,73,1229,66,"BD Mall, Manjit Nagar (Near Thapar Uni)",Patiala,147004,31,1.59,15,40,In Stock
23/09/26 17:56,SKU_019,Product_Snacks & Beverages_19,Snacks & Beverages,210,501,188,"BD Mall, Manjit Nagar (Near Thapar Uni)",Patiala,147004,49,1.28,24,62,In Stock
23/09/26 17:56,SKU_020,Product_Staples_20,Staples,181,301,158,"BD Mall, Manjit Nagar (Near Thapar Uni)",Patiala,147004,24,1.4,12,0,Out of Stock
23/09/26 17:56,SKU_021,Product_Staples_21,Staples,289,915,269,"BD Mall, Manjit Nagar (Near Thapar Uni)",Patiala,147004,53,1.68,26,57,In Stock
23/09/26 17:56,SKU_022,Product_Dairy_22,Dairy/Fresh,234,1375,216,"BD Mall, Manjit Nagar (Near Thapar Uni)",Patiala,147004,93,0.66,18,53,In Stock
23/09/26 17:56,SKU_023,Product_Dairy_23,Dairy/Fresh,232,819,221,"BD Mall, Manjit Nagar (Near Thapar Uni)",Patiala,147004,78,0.76,15,79,In Stock
23/09/26 17:56,SKU_024,Product_Staples_24,Staples,72,891,64,"BD Mall, Manjit Nagar (Near Thapar Uni)",Patiala,147004,32,1.07,16,36,In Stock
23/09/26 17:56,SKU_025,Product_Dairy_25,Dairy/Fresh,271,287,240,"BD Mall, Manjit Nagar (Near Thapar Uni)",Patiala,147004,120,0.89,24,100,In Stock
23/09/26 17:56,SKU_026,Product_Snacks & Beverages_26,Snacks & Beverages,60,1280,53,"BD Mall, Manjit Nagar (Near Thapar Uni)",Patiala,147004,66,1.23,33,83,In Stock
23/09/26 17:56,SKU_027,Product_Staples_27,Staples,84,620,74,"BD Mall, Manjit Nagar (Near Thapar Uni)",Patiala,147004,73,1.26,36,61,In Stock
23/09/26 17:56,SKU_028,Product_Staples_28,Staples,155,1186,145,"BD Mall, Manjit Nagar (Near Thapar Uni)",Patiala,147004,22,1.22,11,23,In Stock
23/09/26 17:56,SKU_029,Product_Staples_29,Staples,100,491,91,"BD Mall, Manjit Nagar (Near Thapar Uni)",Patiala,147004,79,1.2,39,47,In Stock
23/09/26 17:56,SKU_030,Product_Staples_30,Staples,280,330,241,"BD Mall, Manjit Nagar (Near Thapar Uni)",Patiala,147004,72,1.13,36,72,In Stock
23/09/26 17:56,SKU_031,Product_Snacks & Beverages_31,Snacks & Beverages,47,234,42,"BD Mall, Manjit Nagar (Near Thapar Uni)",Patiala,147004,39,1.93,19,41,In Stock
23/09/26 17:56,SKU_032,Product_Staples_32,Staples,287,1029,255,"BD Mall, Manjit Nagar (Near Thapar Uni)",Patiala,147004,50,1.14,25,25,In Stock
23/09/26 17:56,SKU_033,Product_Dairy_33,Dairy/Fresh,81,904,77,"BD Mall, Manjit Nagar (Near Thapar Uni)",Patiala,147004,65,0.5,13,78,In Stock
23/09/26 17:56,SKU_034,Product_Staples_34,Staples,233,1060,223,"BD Mall, Manjit Nagar (Near Thapar Uni)",Patiala,147004,43,1.25,21,48,In Stock
23/09/26 17:56,SKU_035,Product_Dairy_35,Dairy/Fresh,150,1128,131,"BD Mall, Manjit Nagar (Near Thapar Uni)",Patiala,147004,144,0.6,28,127,In Stock
23/09/26 17:56,SKU_036,Product_Snacks & Beverages_36,Snacks & Beverages,274,497,274,"BD Mall, Manjit Nagar (Near Thapar Uni)",Patiala,147004,73,1.76,36,66,In Stock
23/09/26 17:56,SKU_037,Product_Snacks & Beverages_37,Snacks & Beverages,226,1138,201,"BD Mall, Manjit Nagar (Near Thapar Uni)",Patiala,147004,52,1.79,26,0,Out of Stock
23/09/26 17:56,SKU_038,Product_Dairy_38,Dairy/Fresh,198,963,197,"BD Mall, Manjit Nagar (Near Thapar Uni)",Patiala,147004,113,0.54,22,90,In Stock
23/09/26 17:56,SKU_039,Product_Snacks & Beverages_39,Snacks & Beverages,71,1120,65,"BD Mall, Manjit Nagar (Near Thapar Uni)",Patiala,147004,43,1.84,21,57,In Stock
23/09/26 17:56,SKU_040,Product_Snacks & Beverages_40,Snacks & Beverages,241,584,206,"BD Mall, Manjit Nagar (Near Thapar Uni)",Patiala,147004,69,1.41,34,58,In Stock
23/09/26 17:56,SKU_041,Product_Dairy_41,Dairy/Fresh,256,1294,231,"BD Mall, Manjit Nagar (Near Thapar Uni)",Patiala,147004,135,0.8,27,34,In Stock
23/09/26 17:56,SKU_042,Product_Dairy_42,Dairy/Fresh,32,1283,30,"BD Mall, Manjit Nagar (Near Thapar Uni)",Patiala,147004,111,0.64,22,55,In Stock
23/09/26 18:44,SKU_001,Product_Dairy_1,Dairy/Fresh,290,1230,273,"BD Mall, Manjit Nagar (Near Thapar Uni)",Patiala,147004,91,0.86,18,0,Out of Stock
23/09/26 18:44,SKU_002,Product_Staples_2,Staples,40,221,38,"BD Mall, Manjit Nagar (Near Thapar Uni)",Patiala,147004,69,1.78,34,0,Out of Stock
23/09/26 18:44,SKU_003,Product_Dairy_3,Dairy/Fresh,107,1496,105,"BD Mall, Manjit Nagar (Near Thapar Uni)",Patiala,147004,91,0.66,18,75,In Stock
23/09/26 18:44,SKU_004,Product_Snacks & Beverages_4,Snacks & Beverages,171,230,161,"BD Mall, Manjit Nagar (Near Thapar Uni)",Patiala,147004,31,1.93,15,25,In Stock
23/09/26 18:44,SKU_005,Product_Dairy_5,Dairy/Fresh,277,443,248,"BD Mall, Manjit Nagar (Near Thapar Uni)",Patiala,147004,62,0.88,12,58,In Stock
23/09/26 18:44,SKU_006,Product_Staples_6,Staples,211,1055,183,"BD Mall, Manjit Nagar (Near Thapar Uni)",Patiala,147004,64,1.42,32,56,In Stock
23/09/26 18:44,SKU_007,Product_Dairy_7,Dairy/Fresh,41,352,38,"BD Mall, Manjit Nagar (Near Thapar Uni)",Patiala,147004,103,0.92,20,22,In Stock
23/09/26 18:44,SKU_008,Product_Snacks & Beverages_8,Snacks & Beverages,68,574,60,"BD Mall, Manjit Nagar (Near Thapar Uni)",Patiala,147004,58,1.88,29,73,In Stock
23/09/26 18:44,SKU_009,Product_Snacks & Beverages_9,Snacks & Beverages,189,799,172,"BD Mall, Manjit Nagar (Near Thapar Uni)",Patiala,147004,44,1.15,22,0,Out of Stock
23/09/26 18:44,SKU_010,Product_Dairy_10,Dairy/Fresh,209,1057,205,"BD Mall, Manjit Nagar (Near Thapar Uni)",Patiala,147004,108,0.94,21,119,In Stock
23/09/26 18:44,SKU_011,Product_Staples_11,Staples,70,1367,63,"BD Mall, Manjit Nagar (Near Thapar Uni)",Patiala,147004,51,1.33,25,0,Out of Stock
23/09/26 18:44,SKU_012,Product_Snacks & Beverages_12,Snacks & Beverages,150,746,130,"BD Mall, Manjit Nagar (Near Thapar Uni)",Patiala,147004,43,1.37,21,54,In Stock
23/09/26 18:44,SKU_013,Product_Dairy_13,Dairy/Fresh,186,1397,168,"BD Mall, Manjit Nagar (Near Thapar Uni)",Patiala,147004,108,0.6,21,121,In Stock
23/09/26 18:44,SKU_014,Product_Personal Care_14,Personal Care,33,341,33,"BD Mall, Manjit Nagar (Near Thapar Uni)",Patiala,147004,66,1.33,33,84,In Stock
23/09/26 18:44,SKU_015,Product_Dairy_15,Dairy/Fresh,72,997,64,"BD Mall, Manjit Nagar (Near Thapar Uni)",Patiala,147004,143,0.72,28,0,Out of Stock
23/09/26 18:44,SKU_016,Product_Snacks & Beverages_16,Snacks & Beverages,283,134,268,"BD Mall, Manjit Nagar (Near Thapar Uni)",Patiala,147004,28,1.03,14,41,In Stock
23/09/26 18:44,SKU_017,Product_Personal Care_17,Personal Care,69,1125,59,"BD Mall, Manjit Nagar (Near Thapar Uni)",Patiala,147004,59,1.41,29,56,In Stock
23/09/26 18:44,SKU_018,Product_Snacks & Beverages_18,Snacks & Beverages,73,1229,66,"BD Mall, Manjit Nagar (Near Thapar Uni)",Patiala,147004,69,1.03,34,41,In Stock
23/09/26 18:44,SKU_019,Product_Snacks & Beverages_19,Snacks & Beverages,210,501,188,"BD Mall, Manjit Nagar (Near Thapar Uni)",Patiala,147004,42,1.37,21,0,Out of Stock
23/09/26 18:44,SKU_020,Product_Staples_20,Staples,181,301,158,"BD Mall, Manjit Nagar (Near Thapar Uni)",Patiala,147004,69,1.17,34,49,In Stock
23/09/26 18:44,SKU_021,Product_Staples_21,Staples,289,915,269,"BD Mall, Manjit Nagar (Near Thapar Uni)",Patiala,147004,32,1.25,16,33,In Stock
23/09/26 18:44,SKU_022,Product_Dairy_22,Dairy/Fresh,234,1375,216,"BD Mall, Manjit Nagar (Near Thapar Uni)",Patiala,147004,129,0.83,25,49,In Stock
23/09/26 18:44,SKU_023,Product_Dairy_23,Dairy/Fresh,232,819,221,"BD Mall, Manjit Nagar (Near Thapar Uni)",Patiala,147004,130,0.66,26,83,In Stock
23/09/26 18:44,SKU_024,Product_Staples_24,Staples,72,891,64,"BD Mall, Manjit Nagar (Near Thapar Uni)",Patiala,147004,51,1.27,25,25,In Stock
23/09/26 18:44,SKU_025,Product_Dairy_25,Dairy/Fresh,271,287,240,"BD Mall, Manjit Nagar (Near Thapar Uni)",Patiala,147004,51,0.67,10,0,Out of Stock
23/09/26 18:44,SKU_026,Product_Snacks & Beverages_26,Snacks & Beverages,60,1280,53,"BD Mall, Manjit Nagar (Near Thapar Uni)",Patiala,147004,34,1.14,17,0,Out of Stock
23/09/26 18:44,SKU_027,Product_Staples_27,Staples,84,620,74,"BD Mall, Manjit Nagar (Near Thapar Uni)",Patiala,147004,55,1.26,27,60,In Stock
23/09/26 18:44,SKU_028,Product_Staples_28,Staples,155,1186,145,"BD Mall, Manjit Nagar (Near Thapar Uni)",Patiala,147004,68,1.55,34,57,In Stock
23/09/26 18:44,SKU_029,Product_Staples_29,Staples,100,491,91,"BD Mall, Manjit Nagar (Near Thapar Uni)",Patiala,147004,24,1.24,12,0,Out of Stock
23/09/26 18:44,SKU_030,Product_Staples_30,Staples,280,330,241,"BD Mall, Manjit Nagar (Near Thapar Uni)",Patiala,147004,41,1.68,20,45,In Stock
23/09/26 18:44,SKU_031,Product_Snacks & Beverages_31,Snacks & Beverages,47,234,42,"BD Mall, Manjit Nagar (Near Thapar Uni)",Patiala,147004,35,1.49,17,30,In Stock
23/09/26 18:44,SKU_032,Product_Staples_32,Staples,287,1029,255,"BD Mall, Manjit Nagar (Near Thapar Uni)",Patiala,147004,60,1.77,30,0,Out of Stock
23/09/26 18:44,SKU_033,Product_Dairy_33,Dairy/Fresh,81,904,77,"BD Mall, Manjit Nagar (Near Thapar Uni)",Patiala,147004,111,0.61,22,51,In Stock
23/09/26 18:44,SKU_034,Product_Staples_34,Staples,233,1060,223,"BD Mall, Manjit Nagar (Near Thapar Uni)",Patiala,147004,43,1.12,21,0,Out of Stock
23/09/26 18:44,SKU_035,Product_Dairy_35,Dairy/Fresh,150,1128,131,"BD Mall, Manjit Nagar (Near Thapar Uni)",Patiala,147004,116,0.94,23,0,Out of Stock
23/09/26 18:44,SKU_036,Product_Snacks & Beverages_36,Snacks & Beverages,274,497,274,"BD Mall, Manjit Nagar (Near Thapar Uni)",Patiala,147004,68,1.32,34,69,In Stock
23/09/26 18:44,SKU_037,Product_Snacks & Beverages_37,Snacks & Beverages,226,1138,201,"BD Mall, Manjit Nagar (Near Thapar Uni)",Patiala,147004,37,1.15,18,28,In Stock
23/09/26 18:44,SKU_038,Product_Dairy_38,Dairy/Fresh,198,963,197,"BD Mall, Manjit Nagar (Near Thapar Uni)",Patiala,147004,143,0.85,28,0,Out of Stock
23/09/26 18:44,SKU_039,Product_Snacks & Beverages_39,Snacks & Beverages,71,1120,65,"BD Mall, Manjit Nagar (Near Thapar Uni)",Patiala,147004,23,1.76,11,36,In Stock
23/09/26 18:44,SKU_040,Product_Snacks & Beverages_40,Snacks & Beverages,241,584,206,"BD Mall, Manjit Nagar (Near Thapar Uni)",Patiala,147004,45,1.48,22,0,Out of Stock
23/09/26 18:44,SKU_041,Product_Dairy_41,Dairy/Fresh,256,1294,231,"BD Mall, Manjit Nagar (Near Thapar Uni)",Patiala,147004,143,0.66,28,0,Out of Stock
23/09/26 18:44,SKU_042,Product_Dairy_42,Dairy/Fresh,32,1283,30,"BD Mall, Manjit Nagar (Near Thapar Uni)",Patiala,147004,94,0.76,18,0,Out of Stock
23/09/26 19:00,SKU_001,Product_Dairy_1,Dairy/Fresh,290,1230,273,"BD Mall, Manjit Nagar (Near Thapar Uni)",Patiala,147004,145,0.74,29,0,Out of Stock
23/09/26 19:00,SKU_002,Product_Staples_2,Staples,40,221,38,"BD Mall, Manjit Nagar (Near Thapar Uni)",Patiala,147004,35,1.79,17,0,Out of Stock
23/09/26 19:00,SKU_003,Product_Dairy_3,Dairy/Fresh,107,1496,105,"BD Mall, Manjit Nagar (Near Thapar Uni)",Patiala,147004,70,0.95,14,78,In Stock
23/09/26 19:00,SKU_004,Product_Snacks & Beverages_4,Snacks & Beverages,171,230,161,"BD Mall, Manjit Nagar (Near Thapar Uni)",Patiala,147004,45,1.27,22,39,In Stock
23/09/26 19:00,SKU_005,Product_Dairy_5,Dairy/Fresh,277,443,248,"BD Mall, Manjit Nagar (Near Thapar Uni)",Patiala,147004,76,0.57,15,0,Out of Stock
23/09/26 19:00,SKU_006,Product_Staples_6,Staples,211,1055,183,"BD Mall, Manjit Nagar (Near Thapar Uni)",Patiala,147004,48,1.36,24,0,Out of Stock
23/09/26 19:00,SKU_007,Product_Dairy_7,Dairy/Fresh,41,352,38,"BD Mall, Manjit Nagar (Near Thapar Uni)",Patiala,147004,56,0.83,11,0,Out of Stock
23/09/26 19:00,SKU_008,Product_Snacks & Beverages_8,Snacks & Beverages,68,574,60,"BD Mall, Manjit Nagar (Near Thapar Uni)",Patiala,147004,72,1.49,36,89,In Stock
23/09/26 19:00,SKU_009,Product_Snacks & Beverages_9,Snacks & Beverages,189,799,172,"BD Mall, Manjit Nagar (Near Thapar Uni)",Patiala,147004,33,1.38,16,46,In Stock
23/09/26 19:00,SKU_010,Product_Dairy_10,Dairy/Fresh,209,1057,205,"BD Mall, Manjit Nagar (Near Thapar Uni)",Patiala,147004,102,0.97,20,0,Out of Stock
23/09/26 19:00,SKU_011,Product_Staples_11,Staples,70,1367,63,"BD Mall, Manjit Nagar (Near Thapar Uni)",Patiala,147004,68,1.88,34,85,In Stock
23/09/26 19:00,SKU_012,Product_Snacks & Beverages_12,Snacks & Beverages,150,746,130,"BD Mall, Manjit Nagar (Near Thapar Uni)",Patiala,147004,52,1.01,26,55,In Stock
23/09/26 19:00,SKU_013,Product_Dairy_13,Dairy/Fresh,186,1397,168,"BD Mall, Manjit Nagar (Near Thapar Uni)",Patiala,147004,53,0.87,10,0,Out of Stock
23/09/26 19:00,SKU_014,Product_Personal Care_14,Personal Care,33,341,33,"BD Mall, Manjit Nagar (Near Thapar Uni)",Patiala,147004,40,1.51,20,53,In Stock
23/09/26 19:00,SKU_015,Product_Dairy_15,Dairy/Fresh,72,997,64,"BD Mall, Manjit Nagar (Near Thapar Uni)",Patiala,147004,72,0.97,14,20,In Stock
23/09/26 19:00,SKU_016,Product_Snacks & Beverages_16,Snacks & Beverages,283,134,268,"BD Mall, Manjit Nagar (Near Thapar Uni)",Patiala,147004,42,1.86,21,0,Out of Stock
23/09/26 19:00,SKU_017,Product_Personal Care_17,Personal Care,69,1125,59,"BD Mall, Manjit Nagar (Near Thapar Uni)",Patiala,147004,76,1.47,38,53,In Stock
23/09/26 19:00,SKU_018,Product_Snacks & Beverages_18,Snacks & Beverages,73,1229,66,"BD Mall, Manjit Nagar (Near Thapar Uni)",Patiala,147004,62,1.83,31,52,In Stock
23/09/26 19:00,SKU_019,Product_Snacks & Beverages_19,Snacks & Beverages,210,501,188,"BD Mall, Manjit Nagar (Near Thapar Uni)",Patiala,147004,36,1.18,18,53,In Stock
23/09/26 19:00,SKU_020,Product_Staples_20,Staples,181,301,158,"BD Mall, Manjit Nagar (Near Thapar Uni)",Patiala,147004,77,1.16,38,0,Out of Stock
23/09/26 19:00,SKU_021,Product_Staples_21,Staples,289,915,269,"BD Mall, Manjit Nagar (Near Thapar Uni)",Patiala,147004,33,1.66,16,42,In Stock
23/09/26 19:00,SKU_022,Product_Dairy_22,Dairy/Fresh,234,1375,216,"BD Mall, Manjit Nagar (Near Thapar Uni)",Patiala,147004,77,0.68,15,31,In Stock
23/09/26 19:00,SKU_023,Product_Dairy_23,Dairy/Fresh,232,819,221,"BD Mall, Manjit Nagar (Near Thapar Uni)",Patiala,147004,57,0.65,11,14,In Stock
23/09/26 19:00,SKU_024,Product_Staples_24,Staples,72,891,64,"BD Mall, Manjit Nagar (Near Thapar Uni)",Patiala,147004,49,1.64,24,58,In Stock
23/09/26 19:00,SKU_025,Product_Dairy_25,Dairy/Fresh,271,287,240,"BD Mall, Manjit Nagar (Near Thapar Uni)",Patiala,147004,86,0.52,17,0,Out of Stock
23/09/26 19:00,SKU_026,Product_Snacks & Beverages_26,Snacks & Beverages,60,1280,53,"BD Mall, Manjit Nagar (Near Thapar Uni)",Patiala,147004,72,1.33,36,82,In Stock
23/09/26 19:00,SKU_027,Product_Staples_27,Staples,84,620,74,"BD Mall, Manjit Nagar (Near Thapar Uni)",Patiala,147004,58,1.98,29,63,In Stock
23/09/26 19:00,SKU_028,Product_Staples_28,Staples,155,1186,145,"BD Mall, Manjit Nagar (Near Thapar Uni)",Patiala,147004,75,1.32,37,80,In Stock
23/09/26 19:00,SKU_029,Product_Staples_29,Staples,100,491,91,"BD Mall, Manjit Nagar (Near Thapar Uni)",Patiala,147004,32,1.74,16,30,In Stock
23/09/26 19:00,SKU_030,Product_Staples_30,Staples,280,330,241,"BD Mall, Manjit Nagar (Near Thapar Uni)",Patiala,147004,37,1.53,18,38,In Stock
23/09/26 19:00,SKU_031,Product_Snacks & Beverages_31,Snacks & Beverages,47,234,42,"BD Mall, Manjit Nagar (Near Thapar Uni)",Patiala,147004,42,1.61,21,0,Out of Stock
23/09/26 19:00,SKU_032,Product_Staples_32,Staples,287,1029,255,"BD Mall, Manjit Nagar (Near Thapar Uni)",Patiala,147004,65,1.39,32,78,In Stock
23/09/26 19:00,SKU_033,Product_Dairy_33,Dairy/Fresh,81,904,77,"BD Mall, Manjit Nagar (Near Thapar Uni)",Patiala,147004,54,0.94,10,20,In Stock
23/09/26 19:00,SKU_034,Product_Staples_34,Staples,233,1060,223,"BD Mall, Manjit Nagar (Near Thapar Uni)",Patiala,147004,58,1.57,29,77,In Stock
23/09/26 19:00,SKU_035,Product_Dairy_35,Dairy/Fresh,150,1128,131,"BD Mall, Manjit Nagar (Near Thapar Uni)",Patiala,147004,95,0.96,19,71,In Stock
23/09/26 19:00,SKU_036,Product_Snacks & Beverages_36,Snacks & Beverages,274,497,274,"BD Mall, Manjit Nagar (Near Thapar Uni)",Patiala,147004,37,1.01,18,44,In Stock
23/09/26 19:00,SKU_037,Product_Snacks & Beverages_37,Snacks & Beverages,226,1138,201,"BD Mall, Manjit Nagar (Near Thapar Uni)",Patiala,147004,28,1.57,14,44,In Stock
23/09/26 19:00,SKU_038,Product_Dairy_38,Dairy/Fresh,198,963,197,"BD Mall, Manjit Nagar (Near Thapar Uni)",Patiala,147004,55,0.78,11,54,In Stock
23/09/26 19:00,SKU_039,Product_Snacks & Beverages_39,Snacks & Beverages,71,1120,65,"BD Mall, Manjit Nagar (Near Thapar Uni)",Patiala,147004,51,1.75,25,0,Out of Stock
23/09/26 19:00,SKU_040,Product_Snacks & Beverages_40,Snacks & Beverages,241,584,206,"BD Mall, Manjit Nagar (Near Thapar Uni)",Patiala,147004,73,1.9,36,0,Out of Stock
23/09/26 19:00,SKU_041,Product_Dairy_41,Dairy/Fresh,256,1294,231,"BD Mall, Manjit Nagar (Near Thapar Uni)",Patiala,147004,108,0.8,21,50,In Stock
23/09/26 19:00,SKU_042,Product_Dairy_42,Dairy/Fresh,32,1283,30,"BD Mall, Manjit Nagar (Near Thapar Uni)",Patiala,147004,78,0.66,15,32,In Stock
23/09/26 20:45,SKU_001,Product_Dairy_1,Dairy/Fresh,290,1230,273,"BD Mall, Manjit Nagar (Near Thapar Uni)",Patiala,147004,120,0.53,24,86,In Stock
23/09/26 20:45,SKU_002,Product_Staples_2,Staples,40,221,38,"BD Mall, Manjit Nagar (Near Thapar Uni)",Patiala,147004,25,1.03,12,0,Out of Stock
23/09/26 20:45,SKU_003,Product_Dairy_3,Dairy/Fresh,107,1496,105,"BD Mall, Manjit Nagar (Near Thapar Uni)",Patiala,147004,67,0.82,13,47,In Stock
23/09/26 20:45,SKU_004,Product_Snacks & Beverages_4,Snacks & Beverages,171,230,161,"BD Mall, Manjit Nagar (Near Thapar Uni)",Patiala,147004,75,1.22,37,0,Out of Stock
23/09/26 20:45,SKU_005,Product_Dairy_5,Dairy/Fresh,277,443,248,"BD Mall, Manjit Nagar (Near Thapar Uni)",Patiala,147004,57,0.84,11,72,In Stock
23/09/26 20:45,SKU_006,Product_Staples_6,Staples,211,1055,183,"BD Mall, Manjit Nagar (Near Thapar Uni)",Patiala,147004,53,1.06,26,64,In Stock
23/09/26 20:45,SKU_007,Product_Dairy_7,Dairy/Fresh,41,352,38,"BD Mall, Manjit Nagar (Near Thapar Uni)",Patiala,147004,146,0.76,29,0,Out of Stock
23/09/26 20:45,SKU_008,Product_Snacks & Beverages_8,Snacks & Beverages,68,574,60,"BD Mall, Manjit Nagar (Near Thapar Uni)",Patiala,147004,44,1.38,22,0,Out of Stock
23/09/26 20:45,SKU_009,Product_Snacks & Beverages_9,Snacks & Beverages,189,799,172,"BD Mall, Manjit Nagar (Near Thapar Uni)",Patiala,147004,23,1.04,11,0,Out of Stock
23/09/26 20:45,SKU_010,Product_Dairy_10,Dairy/Fresh,209,1057,205,"BD Mall, Manjit Nagar (Near Thapar Uni)",Patiala,147004,97,0.63,19,0,Out of Stock
23/09/26 20:45,SKU_011,Product_Staples_11,Staples,70,1367,63,"BD Mall, Manjit Nagar (Near Thapar Uni)",Patiala,147004,29,1.39,14,21,In Stock
23/09/26 20:45,SKU_012,Product_Snacks & Beverages_12,Snacks & Beverages,150,746,130,"BD Mall, Manjit Nagar (Near Thapar Uni)",Patiala,147004,43,1.99,21,0,Out of Stock
23/09/26 20:45,SKU_013,Product_Dairy_13,Dairy/Fresh,186,1397,168,"BD Mall, Manjit Nagar (Near Thapar Uni)",Patiala,147004,61,0.84,12,22,In Stock
23/09/26 20:45,SKU_014,Product_Personal Care_14,Personal Care,33,341,33,"BD Mall, Manjit Nagar (Near Thapar Uni)",Patiala,147004,30,1.54,15,22,In Stock
23/09/26 20:45,SKU_015,Product_Dairy_15,Dairy/Fresh,72,997,64,"BD Mall, Manjit Nagar (Near Thapar Uni)",Patiala,147004,110,0.7,22,111,In Stock
23/09/26 20:45,SKU_016,Product_Snacks & Beverages_16,Snacks & Beverages,283,134,268,"BD Mall, Manjit Nagar (Near Thapar Uni)",Patiala,147004,35,1.79,17,0,Out of Stock
23/09/26 20:45,SKU_017,Product_Personal Care_17,Personal Care,69,1125,59,"BD Mall, Manjit Nagar (Near Thapar Uni)",Patiala,147004,45,1.99,22,31,In Stock
23/09/26 20:45,SKU_018,Product_Snacks & Beverages_18,Snacks & Beverages,73,1229,66,"BD Mall, Manjit Nagar (Near Thapar Uni)",Patiala,147004,49,1.97,24,41,In Stock
23/09/26 20:45,SKU_019,Product_Snacks & Beverages_19,Snacks & Beverages,210,501,188,"BD Mall, Manjit Nagar (Near Thapar Uni)",Patiala,147004,68,1.49,34,45,In Stock
23/09/26 20:45,SKU_020,Product_Staples_20,Staples,181,301,158,"BD Mall, Manjit Nagar (Near Thapar Uni)",Patiala,147004,35,1.7,17,42,In Stock
23/09/26 20:45,SKU_021,Product_Staples_21,Staples,289,915,269,"BD Mall, Manjit Nagar (Near Thapar Uni)",Patiala,147004,26,1.11,13,0,Out of Stock
23/09/26 20:45,SKU_022,Product_Dairy_22,Dairy/Fresh,234,1375,216,"BD Mall, Manjit Nagar (Near Thapar Uni)",Patiala,147004,140,0.78,28,0,Out of Stock
23/09/26 20:45,SKU_023,Product_Dairy_23,Dairy/Fresh,232,819,221,"BD Mall, Manjit Nagar (Near Thapar Uni)",Patiala,147004,84,0.57,16,77,In Stock
23/09/26 20:45,SKU_024,Product_Staples_24,Staples,72,891,64,"BD Mall, Manjit Nagar (Near Thapar Uni)",Patiala,147004,77,1.51,38,44,In Stock
23/09/26 20:45,SKU_025,Product_Dairy_25,Dairy/Fresh,271,287,240,"BD Mall, Manjit Nagar (Near Thapar Uni)",Patiala,147004,64,0.92,12,72,In Stock
23/09/26 20:45,SKU_026,Product_Snacks & Beverages_26,Snacks & Beverages,60,1280,53,"BD Mall, Manjit Nagar (Near Thapar Uni)",Patiala,147004,59,1.75,29,32,In Stock
23/09/26 20:45,SKU_027,Product_Staples_27,Staples,84,620,74,"BD Mall, Manjit Nagar (Near Thapar Uni)",Patiala,147004,31,1.25,15,22,In Stock
23/09/26 20:45,SKU_028,Product_Staples_28,Staples,155,1186,145,"BD Mall, Manjit Nagar (Near Thapar Uni)",Patiala,147004,54,1.88,27,0,Out of Stock
23/09/26 20:45,SKU_029,Product_Staples_29,Staples,100,491,91,"BD Mall, Manjit Nagar (Near Thapar Uni)",Patiala,147004,68,1.46,34,0,Out of Stock
23/09/26 20:45,SKU_030,Product_Staples_30,Staples,280,330,241,"BD Mall, Manjit Nagar (Near Thapar Uni)",Patiala,147004,40,1.21,20,31,In Stock
23/09/26 20:45,SKU_031,Product_Snacks & Beverages_31,Snacks & Beverages,47,234,42,"BD Mall, Manjit Nagar (Near Thapar Uni)",Patiala,147004,69,1.87,34,0,Out of Stock
23/09/26 20:45,SKU_032,Product_Staples_32,Staples,287,1029,255,"BD Mall, Manjit Nagar (Near Thapar Uni)",Patiala,147004,62,1.42,31,68,In Stock
23/09/26 20:45,SKU_033,Product_Dairy_33,Dairy/Fresh,81,904,77,"BD Mall, Manjit Nagar (Near Thapar Uni)",Patiala,147004,124,0.8,24,77,In Stock
23/09/26 20:45,SKU_034,Product_Staples_34,Staples,233,1060,223,"BD Mall, Manjit Nagar (Near Thapar Uni)",Patiala,147004,67,1.55,33,83,In Stock
23/09/26 20:45,SKU_035,Product_Dairy_35,Dairy/Fresh,150,1128,131,"BD Mall, Manjit Nagar (Near Thapar Uni)",Patiala,147004,97,0.96,19,61,In Stock
23/09/26 20:45,SKU_036,Product_Snacks & Beverages_36,Snacks & Beverages,274,497,274,"BD Mall, Manjit Nagar (Near Thapar Uni)",Patiala,147004,51,1.81,25,60,In Stock
23/09/26 20:45,SKU_037,Product_Snacks & Beverages_37,Snacks & Beverages,226,1138,201,"BD Mall, Manjit Nagar (Near Thapar Uni)",Patiala,147004,60,1.58,30,76,In Stock
23/09/26 20:45,SKU_038,Product_Dairy_38,Dairy/Fresh,198,963,197,"BD Mall, Manjit Nagar (Near Thapar Uni)",Patiala,147004,87,0.85,17,82,In Stock
23/09/26 20:45,SKU_039,Product_Snacks & Beverages_39,Snacks & Beverages,71,1120,65,"BD Mall, Manjit Nagar (Near Thapar Uni)",Patiala,147004,43,1.11,21,35,In Stock
23/09/26 20:45,SKU_040,Product_Snacks & Beverages_40,Snacks & Beverages,241,584,206,"BD Mall, Manjit Nagar (Near Thapar Uni)",Patiala,147004,46,1.9,23,56,In Stock
23/09/26 20:45,SKU_041,Product_Dairy_41,Dairy/Fresh,256,1294,231,"BD Mall, Manjit Nagar (Near Thapar Uni)",Patiala,147004,73,0.68,14,52,In Stock
23/09/26 20:45,SKU_042,Product_Dairy_42,Dairy/Fresh,32,1283,30,"BD Mall, Manjit Nagar (Near Thapar Uni)",Patiala,147004,98,0.86,19,0,Out of Stock
23/09/26 21:13,SKU_001,Product_Dairy_1,Dairy/Fresh,290,1230,273,"BD Mall, Manjit Nagar (Near Thapar Uni)",Patiala,147004,145,0.52,29,0,Out of Stock
23/09/26 21:13,SKU_002,Product_Staples_2,Staples,40,221,38,"BD Mall, Manjit Nagar (Near Thapar Uni)",Patiala,147004,28,1.64,14,0,Out of Stock
23/09/26 21:13,SKU_003,Product_Dairy_3,Dairy/Fresh,107,1496,105,"BD Mall, Manjit Nagar (Near Thapar Uni)",Patiala,147004,81,0.7,16,63,In Stock
23/09/26 21:13,SKU_004,Product_Snacks & Beverages_4,Snacks & Beverages,171,230,161,"BD Mall, Manjit Nagar (Near Thapar Uni)",Patiala,147004,72,1.15,36,60,In Stock
23/09/26 21:13,SKU_005,Product_Dairy_5,Dairy/Fresh,277,443,248,"BD Mall, Manjit Nagar (Near Thapar Uni)",Patiala,147004,128,0.51,25,75,In Stock
23/09/26 21:13,SKU_006,Product_Staples_6,Staples,211,1055,183,"BD Mall, Manjit Nagar (Near Thapar Uni)",Patiala,147004,22,1.76,11,12,In Stock
23/09/26 21:13,SKU_007,Product_Dairy_7,Dairy/Fresh,41,352,38,"BD Mall, Manjit Nagar (Near Thapar Uni)",Patiala,147004,148,0.83,29,139,In Stock
23/09/26 21:13,SKU_008,Product_Snacks & Beverages_8,Snacks & Beverages,68,574,60,"BD Mall, Manjit Nagar (Near Thapar Uni)",Patiala,147004,25,1.53,12,0,Out of Stock
23/09/26 21:13,SKU_009,Product_Snacks & Beverages_9,Snacks & Beverages,189,799,172,"BD Mall, Manjit Nagar (Near Thapar Uni)",Patiala,147004,58,1.62,29,0,Out of Stock
23/09/26 21:13,SKU_010,Product_Dairy_10,Dairy/Fresh,209,1057,205,"BD Mall, Manjit Nagar (Near Thapar Uni)",Patiala,147004,118,0.67,23,49,In Stock
23/09/26 21:13,SKU_011,Product_Staples_11,Staples,70,1367,63,"BD Mall, Manjit Nagar (Near Thapar Uni)",Patiala,147004,74,1.84,37,91,In Stock
23/09/26 21:13,SKU_012,Product_Snacks & Beverages_12,Snacks & Beverages,150,746,130,"BD Mall, Manjit Nagar (Near Thapar Uni)",Patiala,147004,20,1.76,10,0,Out of Stock
23/09/26 21:13,SKU_013,Product_Dairy_13,Dairy/Fresh,186,1397,168,"BD Mall, Manjit Nagar (Near Thapar Uni)",Patiala,147004,132,0.58,26,143,In Stock
23/09/26 21:13,SKU_014,Product_Personal Care_14,Personal Care,33,341,33,"BD Mall, Manjit Nagar (Near Thapar Uni)",Patiala,147004,25,2,12,40,In Stock
23/09/26 21:13,SKU_015,Product_Dairy_15,Dairy/Fresh,72,997,64,"BD Mall, Manjit Nagar (Near Thapar Uni)",Patiala,147004,117,0.88,23,91,In Stock
23/09/26 21:13,SKU_016,Product_Snacks & Beverages_16,Snacks & Beverages,283,134,268,"BD Mall, Manjit Nagar (Near Thapar Uni)",Patiala,147004,53,1.02,26,0,Out of Stock
23/09/26 21:13,SKU_017,Product_Personal Care_17,Personal Care,69,1125,59,"BD Mall, Manjit Nagar (Near Thapar Uni)",Patiala,147004,66,1.36,33,36,In Stock
23/09/26 21:13,SKU_018,Product_Snacks & Beverages_18,Snacks & Beverages,73,1229,66,"BD Mall, Manjit Nagar (Near Thapar Uni)",Patiala,147004,34,1.13,17,0,Out of Stock
23/09/26 21:13,SKU_019,Product_Snacks & Beverages_19,Snacks & Beverages,210,501,188,"BD Mall, Manjit Nagar (Near Thapar Uni)",Patiala,147004,64,1.12,32,81,In Stock
23/09/26 21:13,SKU_020,Product_Staples_20,Staples,181,301,158,"BD Mall, Manjit Nagar (Near Thapar Uni)",Patiala,147004,45,1.28,22,41,In Stock
23/09/26 21:13,SKU_021,Product_Staples_21,Staples,289,915,269,"BD Mall, Manjit Nagar (Near Thapar Uni)",Patiala,147004,76,1.05,38,43,In Stock
23/09/26 21:13,SKU_022,Product_Dairy_22,Dairy/Fresh,234,1375,216,"BD Mall, Manjit Nagar (Near Thapar Uni)",Patiala,147004,110,0.67,22,41,In Stock
23/09/26 21:13,SKU_023,Product_Dairy_23,Dairy/Fresh,232,819,221,"BD Mall, Manjit Nagar (Near Thapar Uni)",Patiala,147004,92,0.75,18,0,Out of Stock
23/09/26 21:13,SKU_024,Product_Staples_24,Staples,72,891,64,"BD Mall, Manjit Nagar (Near Thapar Uni)",Patiala,147004,73,1.2,36,0,Out of Stock
23/09/26 21:13,SKU_025,Product_Dairy_25,Dairy/Fresh,271,287,240,"BD Mall, Manjit Nagar (Near Thapar Uni)",Patiala,147004,69,0.63,13,39,In Stock
23/09/26 21:13,SKU_026,Product_Snacks & Beverages_26,Snacks & Beverages,60,1280,53,"BD Mall, Manjit Nagar (Near Thapar Uni)",Patiala,147004,65,1.06,32,57,In Stock
23/09/26 21:13,SKU_027,Product_Staples_27,Staples,84,620,74,"BD Mall, Manjit Nagar (Near Thapar Uni)",Patiala,147004,77,1.27,38,0,Out of Stock
23/09/26 21:13,SKU_028,Product_Staples_28,Staples,155,1186,145,"BD Mall, Manjit Nagar (Near Thapar Uni)",Patiala,147004,50,1.57,25,34,In Stock
23/09/26 21:13,SKU_029,Product_Staples_29,Staples,100,491,91,"BD Mall, Manjit Nagar (Near Thapar Uni)",Patiala,147004,43,1.96,21,0,Out of Stock
23/09/26 21:13,SKU_030,Product_Staples_30,Staples,280,330,241,"BD Mall, Manjit Nagar (Near Thapar Uni)",Patiala,147004,78,1.88,39,0,Out of Stock
23/09/26 21:13,SKU_031,Product_Snacks & Beverages_31,Snacks & Beverages,47,234,42,"BD Mall, Manjit Nagar (Near Thapar Uni)",Patiala,147004,50,1.88,25,36,In Stock
23/09/26 21:13,SKU_032,Product_Staples_32,Staples,287,1029,255,"BD Mall, Manjit Nagar (Near Thapar Uni)",Patiala,147004,48,1.18,24,33,In Stock
23/09/26 21:13,SKU_033,Product_Dairy_33,Dairy/Fresh,81,904,77,"BD Mall, Manjit Nagar (Near Thapar Uni)",Patiala,147004,77,0.57,15,38,In Stock
23/09/26 21:13,SKU_034,Product_Staples_34,Staples,233,1060,223,"BD Mall, Manjit Nagar (Near Thapar Uni)",Patiala,147004,51,1.08,25,62,In Stock
23/09/26 21:13,SKU_035,Product_Dairy_35,Dairy/Fresh,150,1128,131,"BD Mall, Manjit Nagar (Near Thapar Uni)",Patiala,147004,112,1,22,67,In Stock
23/09/26 21:13,SKU_036,Product_Snacks & Beverages_36,Snacks & Beverages,274,497,274,"BD Mall, Manjit Nagar (Near Thapar Uni)",Patiala,147004,33,1.07,16,0,Out of Stock
23/09/26 21:13,SKU_037,Product_Snacks & Beverages_37,Snacks & Beverages,226,1138,201,"BD Mall, Manjit Nagar (Near Thapar Uni)",Patiala,147004,59,1.56,29,36,In Stock
23/09/26 21:13,SKU_038,Product_Dairy_38,Dairy/Fresh,198,963,197,"BD Mall, Manjit Nagar (Near Thapar Uni)",Patiala,147004,100,0.81,20,74,In Stock
23/09/26 21:13,SKU_039,Product_Snacks & Beverages_39,Snacks & Beverages,71,1120,65,"BD Mall, Manjit Nagar (Near Thapar Uni)",Patiala,147004,77,1.24,38,0,Out of Stock
23/09/26 21:13,SKU_040,Product_Snacks & Beverages_40,Snacks & Beverages,241,584,206,"BD Mall, Manjit Nagar (Near Thapar Uni)",Patiala,147004,67,1.99,33,75,In Stock
23/09/26 21:13,SKU_041,Product_Dairy_41,Dairy/Fresh,256,1294,231,"BD Mall, Manjit Nagar (Near Thapar Uni)",Patiala,147004,99,0.95,19,49,In Stock
23/09/26 21:13,SKU_042,Product_Dairy_42,Dairy/Fresh,32,1283,30,"BD Mall, Manjit Nagar (Near Thapar Uni)",Patiala,147004,53,0.78,10,33,In Stock
23/09/26 22:50,SKU_001,Product_Dairy_1,Dairy/Fresh,290,1230,273,"BD Mall, Manjit Nagar (Near Thapar Uni)",Patiala,147004,91,0.73,18,33,In Stock
23/09/26 22:50,SKU_002,Product_Staples_2,Staples,40,221,38,"BD Mall, Manjit Nagar (Near Thapar Uni)",Patiala,147004,46,1.87,23,0,Out of Stock
23/09/26 22:50,SKU_003,Product_Dairy_3,Dairy/Fresh,107,1496,105,"BD Mall, Manjit Nagar (Near Thapar Uni)",Patiala,147004,87,0.98,17,54,In Stock
23/09/26 22:50,SKU_004,Product_Snacks & Beverages_4,Snacks & Beverages,171,230,161,"BD Mall, Manjit Nagar (Near Thapar Uni)",Patiala,147004,78,1.95,39,85,In Stock
23/09/26 22:50,SKU_005,Product_Dairy_5,Dairy/Fresh,277,443,248,"BD Mall, Manjit Nagar (Near Thapar Uni)",Patiala,147004,63,0.52,12,26,In Stock
23/09/26 22:50,SKU_006,Product_Staples_6,Staples,211,1055,183,"BD Mall, Manjit Nagar (Near Thapar Uni)",Patiala,147004,71,1.6,35,48,In Stock
23/09/26 22:50,SKU_007,Product_Dairy_7,Dairy/Fresh,41,352,38,"BD Mall, Manjit Nagar (Near Thapar Uni)",Patiala,147004,81,0.74,16,91,In Stock
23/09/26 22:50,SKU_008,Product_Snacks & Beverages_8,Snacks & Beverages,68,574,60,"BD Mall, Manjit Nagar (Near Thapar Uni)",Patiala,147004,65,1.39,32,65,In Stock
23/09/26 22:50,SKU_009,Product_Snacks & Beverages_9,Snacks & Beverages,189,799,172,"BD Mall, Manjit Nagar (Near Thapar Uni)",Patiala,147004,37,1.88,18,25,In Stock
23/09/26 22:50,SKU_010,Product_Dairy_10,Dairy/Fresh,209,1057,205,"BD Mall, Manjit Nagar (Near Thapar Uni)",Patiala,147004,67,0.91,13,31,In Stock
23/09/26 22:50,SKU_011,Product_Staples_11,Staples,70,1367,63,"BD Mall, Manjit Nagar (Near Thapar Uni)",Patiala,147004,45,1.49,22,0,Out of Stock
23/09/26 22:50,SKU_012,Product_Snacks & Beverages_12,Snacks & Beverages,150,746,130,"BD Mall, Manjit Nagar (Near Thapar Uni)",Patiala,147004,28,1.39,14,40,In Stock
23/09/26 22:50,SKU_013,Product_Dairy_13,Dairy/Fresh,186,1397,168,"BD Mall, Manjit Nagar (Near Thapar Uni)",Patiala,147004,103,0.64,20,0,Out of Stock
23/09/26 22:50,SKU_014,Product_Personal Care_14,Personal Care,33,341,33,"BD Mall, Manjit Nagar (Near Thapar Uni)",Patiala,147004,54,1.85,27,67,In Stock
23/09/26 22:50,SKU_015,Product_Dairy_15,Dairy/Fresh,72,997,64,"BD Mall, Manjit Nagar (Near Thapar Uni)",Patiala,147004,136,0.88,27,58,In Stock
23/09/26 22:50,SKU_016,Product_Snacks & Beverages_16,Snacks & Beverages,283,134,268,"BD Mall, Manjit Nagar (Near Thapar Uni)",Patiala,147004,39,1.04,19,49,In Stock
23/09/26 22:50,SKU_017,Product_Personal Care_17,Personal Care,69,1125,59,"BD Mall, Manjit Nagar (Near Thapar Uni)",Patiala,147004,73,1.54,36,76,In Stock
23/09/26 22:50,SKU_018,Product_Snacks & Beverages_18,Snacks & Beverages,73,1229,66,"BD Mall, Manjit Nagar (Near Thapar Uni)",Patiala,147004,61,1.02,30,75,In Stock
23/09/26 22:50,SKU_019,Product_Snacks & Beverages_19,Snacks & Beverages,210,501,188,"BD Mall, Manjit Nagar (Near Thapar Uni)",Patiala,147004,41,1.78,20,0,Out of Stock
23/09/26 22:50,SKU_020,Product_Staples_20,Staples,181,301,158,"BD Mall, Manjit Nagar (Near Thapar Uni)",Patiala,147004,38,1.33,19,20,In Stock
23/09/26 22:50,SKU_021,Product_Staples_21,Staples,289,915,269,"BD Mall, Manjit Nagar (Near Thapar Uni)",Patiala,147004,49,1.47,24,30,In Stock
23/09/26 22:50,SKU_022,Product_Dairy_22,Dairy/Fresh,234,1375,216,"BD Mall, Manjit Nagar (Near Thapar Uni)",Patiala,147004,108,0.83,21,68,In Stock
23/09/26 22:50,SKU_023,Product_Dairy_23,Dairy/Fresh,232,819,221,"BD Mall, Manjit Nagar (Near Thapar Uni)",Patiala,147004,138,0.82,27,113,In Stock
23/09/26 22:50,SKU_024,Product_Staples_24,Staples,72,891,64,"BD Mall, Manjit Nagar (Near Thapar Uni)",Patiala,147004,54,1.16,27,57,In Stock
23/09/26 22:50,SKU_025,Product_Dairy_25,Dairy/Fresh,271,287,240,"BD Mall, Manjit Nagar (Near Thapar Uni)",Patiala,147004,123,0.52,24,67,In Stock
23/09/26 22:50,SKU_026,Product_Snacks & Beverages_26,Snacks & Beverages,60,1280,53,"BD Mall, Manjit Nagar (Near Thapar Uni)",Patiala,147004,30,1.23,15,22,In Stock
23/09/26 22:50,SKU_027,Product_Staples_27,Staples,84,620,74,"BD Mall, Manjit Nagar (Near Thapar Uni)",Patiala,147004,50,1.34,25,56,In Stock
23/09/26 22:50,SKU_028,Product_Staples_28,Staples,155,1186,145,"BD Mall, Manjit Nagar (Near Thapar Uni)",Patiala,147004,68,2,34,81,In Stock
23/09/26 22:50,SKU_029,Product_Staples_29,Staples,100,491,91,"BD Mall, Manjit Nagar (Near Thapar Uni)",Patiala,147004,67,1.83,33,53,In Stock
23/09/26 22:50,SKU_030,Product_Staples_30,Staples,280,330,241,"BD Mall, Manjit Nagar (Near Thapar Uni)",Patiala,147004,58,1.88,29,59,In Stock
23/09/26 22:50,SKU_031,Product_Snacks & Beverages_31,Snacks & Beverages,47,234,42,"BD Mall, Manjit Nagar (Near Thapar Uni)",Patiala,147004,55,1.94,27,27,In Stock
23/09/26 22:50,SKU_032,Product_Staples_32,Staples,287,1029,255,"BD Mall, Manjit Nagar (Near Thapar Uni)",Patiala,147004,49,1.34,24,36,In Stock
23/09/26 22:50,SKU_033,Product_Dairy_33,Dairy/Fresh,81,904,77,"BD Mall, Manjit Nagar (Near Thapar Uni)",Patiala,147004,64,0.87,12,22,In Stock
23/09/26 22:50,SKU_034,Product_Staples_34,Staples,233,1060,223,"BD Mall, Manjit Nagar (Near Thapar Uni)",Patiala,147004,38,1.23,19,47,In Stock
23/09/26 22:50,SKU_035,Product_Dairy_35,Dairy/Fresh,150,1128,131,"BD Mall, Manjit Nagar (Near Thapar Uni)",Patiala,147004,71,0.69,14,81,In Stock
23/09/26 22:50,SKU_036,Product_Snacks & Beverages_36,Snacks & Beverages,274,497,274,"BD Mall, Manjit Nagar (Near Thapar Uni)",Patiala,147004,34,1.68,17,52,In Stock
23/09/26 22:50,SKU_037,Product_Snacks & Beverages_37,Snacks & Beverages,226,1138,201,"BD Mall, Manjit Nagar (Near Thapar Uni)",Patiala,147004,50,1.24,25,39,In Stock
23/09/26 22:50,SKU_038,Product_Dairy_38,Dairy/Fresh,198,963,197,"BD Mall, Manjit Nagar (Near Thapar Uni)",Patiala,147004,130,0.86,26,84,In Stock
23/09/26 22:50,SKU_039,Product_Snacks & Beverages_39,Snacks & Beverages,71,1120,65,"BD Mall, Manjit Nagar (Near Thapar Uni)",Patiala,147004,56,1.51,28,30,In Stock
23/09/26 22:50,SKU_040,Product_Snacks & Beverages_40,Snacks & Beverages,241,584,206,"BD Mall, Manjit Nagar (Near Thapar Uni)",Patiala,147004,56,1.53,28,56,In Stock
23/09/26 22:50,SKU_041,Product_Dairy_41,Dairy/Fresh,256,1294,231,"BD Mall, Manjit Nagar (Near Thapar Uni)",Patiala,147004,63,0.72,12,13,In Stock
23/09/26 22:50,SKU_042,Product_Dairy_42,Dairy/Fresh,32,1283,30,"BD Mall, Manjit Nagar (Near Thapar Uni)",Patiala,147004,99,0.93,19,24,In Stock